Current Python version 3.10 is below the recommended 3.11 version. It is recommended to upgrade to Python 3.11 or higher for the best experience.
Loading data from on-disk cache at /huyang2/double-loop/.cache/zoology-directional-scaling-l1024-k4/data_551c1fa2c9c3b93779d648620a98c72a.pt...
Loading data from on-disk cache at /huyang2/double-loop/.cache/zoology-directional-scaling-l1024-k4/data_305336ef62459626e2de50780d73722e.pt...

Train Epoch 0/10:   0%|          | 0/313 [00:00<?, ?it/s]
Train Epoch 0/10:   0%|          | 0/313 [00:00<?, ?it/s, loss=5.54]
Train Epoch 0/10:   0%|          | 0/313 [00:00<?, ?it/s, loss=5.53]
Train Epoch 0/10:   1%|          | 2/313 [00:00<00:19, 15.72it/s, loss=5.53]
Train Epoch 0/10:   1%|          | 2/313 [00:00<00:19, 15.72it/s, loss=5.54]
Train Epoch 0/10:   1%|          | 2/313 [00:00<00:19, 15.72it/s, loss=5.56]
Train Epoch 0/10:   1%|          | 2/313 [00:00<00:19, 15.72it/s, loss=5.55]
Train Epoch 0/10:   2%|▏         | 5/313 [00:00<00:14, 21.20it/s, loss=5.55]
Train Epoch 0/10:   2%|▏         | 5/313 [00:00<00:14, 21.20it/s, loss=5.52]
Train Epoch 0/10:   2%|▏         | 5/313 [00:00<00:14, 21.20it/s, loss=5.51]
Train Epoch 0/10:   2%|▏         | 5/313 [00:00<00:14, 21.20it/s, loss=5.47]
Train Epoch 0/10:   3%|▎         | 8/313 [00:00<00:12, 24.67it/s, loss=5.47]
Train Epoch 0/10:   3%|▎         | 8/313 [00:00<00:12, 24.67it/s, loss=5.46]
Train Epoch 0/10:   3%|▎         | 8/313 [00:00<00:12, 24.67it/s, loss=5.42]
Train Epoch 0/10:   3%|▎         | 8/313 [00:00<00:12, 24.67it/s, loss=5.43]
Train Epoch 0/10:   3%|▎         | 8/313 [00:00<00:12, 24.67it/s, loss=5.32]
Train Epoch 0/10:   4%|▍         | 12/313 [00:00<00:09, 30.19it/s, loss=5.32]
Train Epoch 0/10:   4%|▍         | 12/313 [00:00<00:09, 30.19it/s, loss=5.29]
Train Epoch 0/10:   4%|▍         | 12/313 [00:00<00:09, 30.19it/s, loss=5.23]
Train Epoch 0/10:   4%|▍         | 12/313 [00:00<00:09, 30.19it/s, loss=5.23]
Train Epoch 0/10:   4%|▍         | 12/313 [00:00<00:09, 30.19it/s, loss=5.16]
Train Epoch 0/10:   5%|▌         | 16/313 [00:00<00:08, 33.23it/s, loss=5.16]
Train Epoch 0/10:   5%|▌         | 16/313 [00:00<00:08, 33.23it/s, loss=5.13]
Train Epoch 0/10:   5%|▌         | 16/313 [00:00<00:08, 33.23it/s, loss=5.05]
Train Epoch 0/10:   5%|▌         | 16/313 [00:00<00:08, 33.23it/s, loss=5.08]
Train Epoch 0/10:   5%|▌         | 16/313 [00:00<00:08, 33.23it/s, loss=5.02]
Train Epoch 0/10:   6%|▋         | 20/313 [00:00<00:08, 35.23it/s, loss=5.02]
Train Epoch 0/10:   6%|▋         | 20/313 [00:00<00:08, 35.23it/s, loss=5.01]
Train Epoch 0/10:   6%|▋         | 20/313 [00:00<00:08, 35.23it/s, loss=4.99]
Train Epoch 0/10:   6%|▋         | 20/313 [00:00<00:08, 35.23it/s, loss=4.95]
Train Epoch 0/10:   6%|▋         | 20/313 [00:00<00:08, 35.23it/s, loss=4.94]
Train Epoch 0/10:   8%|▊         | 24/313 [00:00<00:07, 36.57it/s, loss=4.94]
Train Epoch 0/10:   8%|▊         | 24/313 [00:00<00:07, 36.57it/s, loss=4.9]
Train Epoch 0/10:   8%|▊         | 24/313 [00:00<00:07, 36.57it/s, loss=4.88]
Train Epoch 0/10:   8%|▊         | 24/313 [00:00<00:07, 36.57it/s, loss=4.84]
Train Epoch 0/10:   8%|▊         | 24/313 [00:00<00:07, 36.57it/s, loss=4.81]
Train Epoch 0/10:   8%|▊         | 24/313 [00:00<00:07, 36.57it/s, loss=4.79]
Train Epoch 0/10:   9%|▉         | 29/313 [00:00<00:07, 38.78it/s, loss=4.79]
Train Epoch 0/10:   9%|▉         | 29/313 [00:00<00:07, 38.78it/s, loss=4.8]
Train Epoch 0/10:   9%|▉         | 29/313 [00:00<00:07, 38.78it/s, loss=4.8]
Train Epoch 0/10:   9%|▉         | 29/313 [00:00<00:07, 38.78it/s, loss=4.78]
Train Epoch 0/10:   9%|▉         | 29/313 [00:00<00:07, 38.78it/s, loss=4.78]
Train Epoch 0/10:   9%|▉         | 29/313 [00:00<00:07, 38.78it/s, loss=4.76]
Train Epoch 0/10:  11%|█         | 34/313 [00:00<00:06, 40.88it/s, loss=4.76]
Train Epoch 0/10:  11%|█         | 34/313 [00:01<00:06, 40.88it/s, loss=4.76]
Train Epoch 0/10:  11%|█         | 34/313 [00:01<00:06, 40.88it/s, loss=4.75]
Train Epoch 0/10:  11%|█         | 34/313 [00:01<00:06, 40.88it/s, loss=4.73]
Train Epoch 0/10:  11%|█         | 34/313 [00:01<00:06, 40.88it/s, loss=4.73]
Train Epoch 0/10:  11%|█         | 34/313 [00:01<00:06, 40.88it/s, loss=4.73]
Train Epoch 0/10:  12%|█▏        | 39/313 [00:01<00:06, 42.22it/s, loss=4.73]
Train Epoch 0/10:  12%|█▏        | 39/313 [00:01<00:06, 42.22it/s, loss=4.73]
Train Epoch 0/10:  12%|█▏        | 39/313 [00:01<00:06, 42.22it/s, loss=4.71]
Train Epoch 0/10:  12%|█▏        | 39/313 [00:01<00:06, 42.22it/s, loss=4.7]
Train Epoch 0/10:  12%|█▏        | 39/313 [00:01<00:06, 42.22it/s, loss=4.69]
Train Epoch 0/10:  12%|█▏        | 39/313 [00:01<00:06, 42.22it/s, loss=4.66]
Train Epoch 0/10:  14%|█▍        | 44/313 [00:01<00:06, 43.44it/s, loss=4.66]
Train Epoch 0/10:  14%|█▍        | 44/313 [00:01<00:06, 43.44it/s, loss=4.68]
Train Epoch 0/10:  14%|█▍        | 44/313 [00:01<00:06, 43.44it/s, loss=4.67]
Train Epoch 0/10:  14%|█▍        | 44/313 [00:01<00:06, 43.44it/s, loss=4.63]
Train Epoch 0/10:  14%|█▍        | 44/313 [00:01<00:06, 43.44it/s, loss=4.69]
Train Epoch 0/10:  14%|█▍        | 44/313 [00:01<00:06, 43.44it/s, loss=4.68]
Train Epoch 0/10:  16%|█▌        | 49/313 [00:01<00:05, 44.28it/s, loss=4.68]
Train Epoch 0/10:  16%|█▌        | 49/313 [00:01<00:05, 44.28it/s, loss=4.65]
Train Epoch 0/10:  16%|█▌        | 49/313 [00:01<00:05, 44.28it/s, loss=4.65]
Train Epoch 0/10:  16%|█▌        | 49/313 [00:01<00:05, 44.28it/s, loss=4.65]
Train Epoch 0/10:  16%|█▌        | 49/313 [00:01<00:05, 44.28it/s, loss=4.67]
Train Epoch 0/10:  16%|█▌        | 49/313 [00:01<00:05, 44.28it/s, loss=4.63]
Train Epoch 0/10:  17%|█▋        | 54/313 [00:01<00:05, 45.39it/s, loss=4.63]
Train Epoch 0/10:  17%|█▋        | 54/313 [00:01<00:05, 45.39it/s, loss=4.65]
Train Epoch 0/10:  17%|█▋        | 54/313 [00:01<00:05, 45.39it/s, loss=4.65]
Train Epoch 0/10:  17%|█▋        | 54/313 [00:01<00:05, 45.39it/s, loss=4.64]
Train Epoch 0/10:  17%|█▋        | 54/313 [00:01<00:05, 45.39it/s, loss=4.66]
Train Epoch 0/10:  17%|█▋        | 54/313 [00:01<00:05, 45.39it/s, loss=4.62]
Train Epoch 0/10:  17%|█▋        | 54/313 [00:01<00:05, 45.39it/s, loss=4.64]
Train Epoch 0/10:  19%|█▉        | 60/313 [00:01<00:05, 47.18it/s, loss=4.64]
Train Epoch 0/10:  19%|█▉        | 60/313 [00:01<00:05, 47.18it/s, loss=4.65]
Train Epoch 0/10:  19%|█▉        | 60/313 [00:01<00:05, 47.18it/s, loss=4.65]
Train Epoch 0/10:  19%|█▉        | 60/313 [00:01<00:05, 47.18it/s, loss=4.65]
Train Epoch 0/10:  19%|█▉        | 60/313 [00:01<00:05, 47.18it/s, loss=4.63]
Train Epoch 0/10:  19%|█▉        | 60/313 [00:01<00:05, 47.18it/s, loss=4.63]
Train Epoch 0/10:  19%|█▉        | 60/313 [00:01<00:05, 47.18it/s, loss=4.63]
Train Epoch 0/10:  21%|██        | 66/313 [00:01<00:05, 48.30it/s, loss=4.63]
Train Epoch 0/10:  21%|██        | 66/313 [00:01<00:05, 48.30it/s, loss=4.64]
Train Epoch 0/10:  21%|██        | 66/313 [00:01<00:05, 48.30it/s, loss=4.63]
Train Epoch 0/10:  21%|██        | 66/313 [00:01<00:05, 48.30it/s, loss=4.63]
Train Epoch 0/10:  21%|██        | 66/313 [00:01<00:05, 48.30it/s, loss=4.64]
Train Epoch 0/10:  21%|██        | 66/313 [00:01<00:05, 48.30it/s, loss=4.63]
Train Epoch 0/10:  21%|██        | 66/313 [00:01<00:05, 48.30it/s, loss=4.59]
Train Epoch 0/10:  23%|██▎       | 72/313 [00:01<00:04, 49.13it/s, loss=4.59]
Train Epoch 0/10:  23%|██▎       | 72/313 [00:01<00:04, 49.13it/s, loss=4.65]
Train Epoch 0/10:  23%|██▎       | 72/313 [00:01<00:04, 49.13it/s, loss=4.64]
Train Epoch 0/10:  23%|██▎       | 72/313 [00:01<00:04, 49.13it/s, loss=4.63]
Train Epoch 0/10:  23%|██▎       | 72/313 [00:01<00:04, 49.13it/s, loss=4.65]
Train Epoch 0/10:  23%|██▎       | 72/313 [00:01<00:04, 49.13it/s, loss=4.61]
Train Epoch 0/10:  23%|██▎       | 72/313 [00:01<00:04, 49.13it/s, loss=4.61]
Train Epoch 0/10:  25%|██▍       | 78/313 [00:01<00:04, 49.65it/s, loss=4.61]
Train Epoch 0/10:  25%|██▍       | 78/313 [00:01<00:04, 49.65it/s, loss=4.63]
Train Epoch 0/10:  25%|██▍       | 78/313 [00:01<00:04, 49.65it/s, loss=4.61]
Train Epoch 0/10:  25%|██▍       | 78/313 [00:01<00:04, 49.65it/s, loss=4.66]
Train Epoch 0/10:  25%|██▍       | 78/313 [00:01<00:04, 49.65it/s, loss=4.64]
Train Epoch 0/10:  25%|██▍       | 78/313 [00:01<00:04, 49.65it/s, loss=4.67]
Train Epoch 0/10:  25%|██▍       | 78/313 [00:02<00:04, 49.65it/s, loss=4.63]
Train Epoch 0/10:  27%|██▋       | 84/313 [00:02<00:04, 50.05it/s, loss=4.63]
Train Epoch 0/10:  27%|██▋       | 84/313 [00:02<00:04, 50.05it/s, loss=4.58]
Train Epoch 0/10:  27%|██▋       | 84/313 [00:02<00:04, 50.05it/s, loss=4.63]
Train Epoch 0/10:  27%|██▋       | 84/313 [00:02<00:04, 50.05it/s, loss=4.6]
Train Epoch 0/10:  27%|██▋       | 84/313 [00:02<00:04, 50.05it/s, loss=4.64]
Train Epoch 0/10:  27%|██▋       | 84/313 [00:02<00:04, 50.05it/s, loss=4.64]
Train Epoch 0/10:  27%|██▋       | 84/313 [00:02<00:04, 50.05it/s, loss=4.63]
Train Epoch 0/10:  29%|██▉       | 90/313 [00:02<00:04, 50.33it/s, loss=4.63]
Train Epoch 0/10:  29%|██▉       | 90/313 [00:02<00:04, 50.33it/s, loss=4.61]
Train Epoch 0/10:  29%|██▉       | 90/313 [00:02<00:04, 50.33it/s, loss=4.65]
Train Epoch 0/10:  29%|██▉       | 90/313 [00:02<00:04, 50.33it/s, loss=4.64]
Train Epoch 0/10:  29%|██▉       | 90/313 [00:02<00:04, 50.33it/s, loss=4.64]
Train Epoch 0/10:  29%|██▉       | 90/313 [00:02<00:04, 50.33it/s, loss=4.62]
Train Epoch 0/10:  29%|██▉       | 90/313 [00:02<00:04, 50.33it/s, loss=4.63]
Train Epoch 0/10:  31%|███       | 96/313 [00:02<00:04, 50.52it/s, loss=4.63]
Train Epoch 0/10:  31%|███       | 96/313 [00:02<00:04, 50.52it/s, loss=4.6]
Train Epoch 0/10:  31%|███       | 96/313 [00:02<00:04, 50.52it/s, loss=4.62]
Train Epoch 0/10:  31%|███       | 96/313 [00:02<00:04, 50.52it/s, loss=4.6]
Train Epoch 0/10:  31%|███       | 96/313 [00:02<00:04, 50.52it/s, loss=4.61]
Train Epoch 0/10:  31%|███       | 96/313 [00:02<00:04, 50.52it/s, loss=4.6]
Train Epoch 0/10:  31%|███       | 96/313 [00:02<00:04, 50.52it/s, loss=4.61]
Train Epoch 0/10:  33%|███▎      | 102/313 [00:02<00:04, 50.61it/s, loss=4.61]
Train Epoch 0/10:  33%|███▎      | 102/313 [00:02<00:04, 50.61it/s, loss=4.63]
Train Epoch 0/10:  33%|███▎      | 102/313 [00:02<00:04, 50.61it/s, loss=4.6]
Train Epoch 0/10:  33%|███▎      | 102/313 [00:02<00:04, 50.61it/s, loss=4.59]
Train Epoch 0/10:  33%|███▎      | 102/313 [00:02<00:04, 50.61it/s, loss=4.61]
Train Epoch 0/10:  33%|███▎      | 102/313 [00:02<00:04, 50.61it/s, loss=4.6]
Train Epoch 0/10:  33%|███▎      | 102/313 [00:02<00:04, 50.61it/s, loss=4.65]
Train Epoch 0/10:  35%|███▍      | 108/313 [00:02<00:04, 50.70it/s, loss=4.65]
Train Epoch 0/10:  35%|███▍      | 108/313 [00:02<00:04, 50.70it/s, loss=4.63]
Train Epoch 0/10:  35%|███▍      | 108/313 [00:02<00:04, 50.70it/s, loss=4.62]
Train Epoch 0/10:  35%|███▍      | 108/313 [00:02<00:04, 50.70it/s, loss=4.59]
Train Epoch 0/10:  35%|███▍      | 108/313 [00:02<00:04, 50.70it/s, loss=4.61]
Train Epoch 0/10:  35%|███▍      | 108/313 [00:02<00:04, 50.70it/s, loss=4.65]
Train Epoch 0/10:  35%|███▍      | 108/313 [00:02<00:04, 50.70it/s, loss=4.59]
Train Epoch 0/10:  36%|███▋      | 114/313 [00:02<00:03, 50.77it/s, loss=4.59]
Train Epoch 0/10:  36%|███▋      | 114/313 [00:02<00:03, 50.77it/s, loss=4.62]
Train Epoch 0/10:  36%|███▋      | 114/313 [00:02<00:03, 50.77it/s, loss=4.64]
Train Epoch 0/10:  36%|███▋      | 114/313 [00:02<00:03, 50.77it/s, loss=4.62]
Train Epoch 0/10:  36%|███▋      | 114/313 [00:02<00:03, 50.77it/s, loss=4.6]
Train Epoch 0/10:  36%|███▋      | 114/313 [00:02<00:03, 50.77it/s, loss=4.61]
Train Epoch 0/10:  36%|███▋      | 114/313 [00:02<00:03, 50.77it/s, loss=4.59]
Train Epoch 0/10:  38%|███▊      | 120/313 [00:02<00:03, 50.80it/s, loss=4.59]
Train Epoch 0/10:  38%|███▊      | 120/313 [00:02<00:03, 50.80it/s, loss=4.59]
Train Epoch 0/10:  38%|███▊      | 120/313 [00:02<00:03, 50.80it/s, loss=4.66]
Train Epoch 0/10:  38%|███▊      | 120/313 [00:02<00:03, 50.80it/s, loss=4.63]
Train Epoch 0/10:  38%|███▊      | 120/313 [00:02<00:03, 50.80it/s, loss=4.6]
Train Epoch 0/10:  38%|███▊      | 120/313 [00:02<00:03, 50.80it/s, loss=4.61]
Train Epoch 0/10:  38%|███▊      | 120/313 [00:02<00:03, 50.80it/s, loss=4.58]
Train Epoch 0/10:  40%|████      | 126/313 [00:02<00:03, 50.82it/s, loss=4.58]
Train Epoch 0/10:  40%|████      | 126/313 [00:02<00:03, 50.82it/s, loss=4.64]
Train Epoch 0/10:  40%|████      | 126/313 [00:02<00:03, 50.82it/s, loss=4.59]
Train Epoch 0/10:  40%|████      | 126/313 [00:02<00:03, 50.82it/s, loss=4.63]
Train Epoch 0/10:  40%|████      | 126/313 [00:02<00:03, 50.82it/s, loss=4.61]
Train Epoch 0/10:  40%|████      | 126/313 [00:02<00:03, 50.82it/s, loss=4.66]
Train Epoch 0/10:  40%|████      | 126/313 [00:02<00:03, 50.82it/s, loss=4.6]
Train Epoch 0/10:  42%|████▏     | 132/313 [00:02<00:03, 50.29it/s, loss=4.6]
Train Epoch 0/10:  42%|████▏     | 132/313 [00:02<00:03, 50.29it/s, loss=4.65]
Train Epoch 0/10:  42%|████▏     | 132/313 [00:02<00:03, 50.29it/s, loss=4.61]
Train Epoch 0/10:  42%|████▏     | 132/313 [00:03<00:03, 50.29it/s, loss=4.62]
Train Epoch 0/10:  42%|████▏     | 132/313 [00:03<00:03, 50.29it/s, loss=4.6]
Train Epoch 0/10:  42%|████▏     | 132/313 [00:03<00:03, 50.29it/s, loss=4.6]
Train Epoch 0/10:  42%|████▏     | 132/313 [00:03<00:03, 50.29it/s, loss=4.6]
Train Epoch 0/10:  44%|████▍     | 138/313 [00:03<00:03, 44.45it/s, loss=4.6]
Train Epoch 0/10:  44%|████▍     | 138/313 [00:03<00:03, 44.45it/s, loss=4.63]
Train Epoch 0/10:  44%|████▍     | 138/313 [00:03<00:03, 44.45it/s, loss=4.6]
Train Epoch 0/10:  44%|████▍     | 138/313 [00:03<00:03, 44.45it/s, loss=4.6]
Train Epoch 0/10:  44%|████▍     | 138/313 [00:03<00:03, 44.45it/s, loss=4.6]
Train Epoch 0/10:  44%|████▍     | 138/313 [00:03<00:03, 44.45it/s, loss=4.63]
Train Epoch 0/10:  46%|████▌     | 143/313 [00:03<00:03, 42.70it/s, loss=4.63]
Train Epoch 0/10:  46%|████▌     | 143/313 [00:03<00:03, 42.70it/s, loss=4.62]
Train Epoch 0/10:  46%|████▌     | 143/313 [00:03<00:03, 42.70it/s, loss=4.59]
Train Epoch 0/10:  46%|████▌     | 143/313 [00:03<00:03, 42.70it/s, loss=4.6]
Train Epoch 0/10:  46%|████▌     | 143/313 [00:03<00:03, 42.70it/s, loss=4.6]
Train Epoch 0/10:  46%|████▌     | 143/313 [00:03<00:03, 42.70it/s, loss=4.6]
Train Epoch 0/10:  47%|████▋     | 148/313 [00:03<00:03, 42.60it/s, loss=4.6]
Train Epoch 0/10:  47%|████▋     | 148/313 [00:03<00:03, 42.60it/s, loss=4.57]
Train Epoch 0/10:  47%|████▋     | 148/313 [00:03<00:03, 42.60it/s, loss=4.63]
Train Epoch 0/10:  47%|████▋     | 148/313 [00:03<00:03, 42.60it/s, loss=4.63]
Train Epoch 0/10:  47%|████▋     | 148/313 [00:03<00:03, 42.60it/s, loss=4.62]
Train Epoch 0/10:  47%|████▋     | 148/313 [00:03<00:03, 42.60it/s, loss=4.59]
Train Epoch 0/10:  49%|████▉     | 153/313 [00:03<00:03, 43.22it/s, loss=4.59]
Train Epoch 0/10:  49%|████▉     | 153/313 [00:03<00:03, 43.22it/s, loss=4.59]
Train Epoch 0/10:  49%|████▉     | 153/313 [00:03<00:03, 43.22it/s, loss=4.61]
Train Epoch 0/10:  49%|████▉     | 153/313 [00:03<00:03, 43.22it/s, loss=4.59]
Train Epoch 0/10:  49%|████▉     | 153/313 [00:03<00:03, 43.22it/s, loss=4.58]
Train Epoch 0/10:  49%|████▉     | 153/313 [00:03<00:03, 43.22it/s, loss=4.61]
Train Epoch 0/10:  50%|█████     | 158/313 [00:03<00:03, 44.07it/s, loss=4.61]
Train Epoch 0/10:  50%|█████     | 158/313 [00:03<00:03, 44.07it/s, loss=4.57]
Train Epoch 0/10:  50%|█████     | 158/313 [00:03<00:03, 44.07it/s, loss=4.59]
Train Epoch 0/10:  50%|█████     | 158/313 [00:03<00:03, 44.07it/s, loss=4.61]
Train Epoch 0/10:  50%|█████     | 158/313 [00:03<00:03, 44.07it/s, loss=4.59]
Train Epoch 0/10:  50%|█████     | 158/313 [00:03<00:03, 44.07it/s, loss=4.58]
Train Epoch 0/10:  52%|█████▏    | 163/313 [00:03<00:03, 44.52it/s, loss=4.58]
Train Epoch 0/10:  52%|█████▏    | 163/313 [00:03<00:03, 44.52it/s, loss=4.63]
Train Epoch 0/10:  52%|█████▏    | 163/313 [00:03<00:03, 44.52it/s, loss=4.63]
Train Epoch 0/10:  52%|█████▏    | 163/313 [00:03<00:03, 44.52it/s, loss=4.61]
Train Epoch 0/10:  52%|█████▏    | 163/313 [00:03<00:03, 44.52it/s, loss=4.63]
Train Epoch 0/10:  52%|█████▏    | 163/313 [00:03<00:03, 44.52it/s, loss=4.58]
Train Epoch 0/10:  54%|█████▎    | 168/313 [00:03<00:03, 45.06it/s, loss=4.58]
Train Epoch 0/10:  54%|█████▎    | 168/313 [00:03<00:03, 45.06it/s, loss=4.62]
Train Epoch 0/10:  54%|█████▎    | 168/313 [00:03<00:03, 45.06it/s, loss=4.62]
Train Epoch 0/10:  54%|█████▎    | 168/313 [00:03<00:03, 45.06it/s, loss=4.58]
Train Epoch 0/10:  54%|█████▎    | 168/313 [00:03<00:03, 45.06it/s, loss=4.58]
Train Epoch 0/10:  54%|█████▎    | 168/313 [00:03<00:03, 45.06it/s, loss=4.61]
Train Epoch 0/10:  55%|█████▌    | 173/313 [00:03<00:03, 45.46it/s, loss=4.61]
Train Epoch 0/10:  55%|█████▌    | 173/313 [00:03<00:03, 45.46it/s, loss=4.62]
Train Epoch 0/10:  55%|█████▌    | 173/313 [00:03<00:03, 45.46it/s, loss=4.62]
Train Epoch 0/10:  55%|█████▌    | 173/313 [00:03<00:03, 45.46it/s, loss=4.58]
Train Epoch 0/10:  55%|█████▌    | 173/313 [00:03<00:03, 45.46it/s, loss=4.58]
Train Epoch 0/10:  55%|█████▌    | 173/313 [00:04<00:03, 45.46it/s, loss=4.62]
Train Epoch 0/10:  55%|█████▌    | 173/313 [00:04<00:03, 45.46it/s, loss=4.6]
Train Epoch 0/10:  57%|█████▋    | 179/313 [00:04<00:02, 47.10it/s, loss=4.6]
Train Epoch 0/10:  57%|█████▋    | 179/313 [00:04<00:02, 47.10it/s, loss=4.62]
Train Epoch 0/10:  57%|█████▋    | 179/313 [00:04<00:02, 47.10it/s, loss=4.58]
Train Epoch 0/10:  57%|█████▋    | 179/313 [00:04<00:02, 47.10it/s, loss=4.63]
Train Epoch 0/10:  57%|█████▋    | 179/313 [00:04<00:02, 47.10it/s, loss=4.6]
Train Epoch 0/10:  57%|█████▋    | 179/313 [00:04<00:02, 47.10it/s, loss=4.63]
Train Epoch 0/10:  59%|█████▉    | 184/313 [00:04<00:02, 47.51it/s, loss=4.63]
Train Epoch 0/10:  59%|█████▉    | 184/313 [00:04<00:02, 47.51it/s, loss=4.64]
Train Epoch 0/10:  59%|█████▉    | 184/313 [00:04<00:02, 47.51it/s, loss=4.58]
Train Epoch 0/10:  59%|█████▉    | 184/313 [00:04<00:02, 47.51it/s, loss=4.59]
Train Epoch 0/10:  59%|█████▉    | 184/313 [00:04<00:02, 47.51it/s, loss=4.58]
Train Epoch 0/10:  59%|█████▉    | 184/313 [00:04<00:02, 47.51it/s, loss=4.6]
Train Epoch 0/10:  59%|█████▉    | 184/313 [00:04<00:02, 47.51it/s, loss=4.62]
Train Epoch 0/10:  61%|██████    | 190/313 [00:04<00:02, 48.50it/s, loss=4.62]
Train Epoch 0/10:  61%|██████    | 190/313 [00:04<00:02, 48.50it/s, loss=4.59]
Train Epoch 0/10:  61%|██████    | 190/313 [00:04<00:02, 48.50it/s, loss=4.58]
Train Epoch 0/10:  61%|██████    | 190/313 [00:04<00:02, 48.50it/s, loss=4.6]
Train Epoch 0/10:  61%|██████    | 190/313 [00:04<00:02, 48.50it/s, loss=4.57]
Train Epoch 0/10:  61%|██████    | 190/313 [00:04<00:02, 48.50it/s, loss=4.59]
Train Epoch 0/10:  62%|██████▏   | 195/313 [00:04<00:02, 48.79it/s, loss=4.59]
Train Epoch 0/10:  62%|██████▏   | 195/313 [00:04<00:02, 48.79it/s, loss=4.59]
Train Epoch 0/10:  62%|██████▏   | 195/313 [00:04<00:02, 48.79it/s, loss=4.59]
Train Epoch 0/10:  62%|██████▏   | 195/313 [00:04<00:02, 48.79it/s, loss=4.58]
Train Epoch 0/10:  62%|██████▏   | 195/313 [00:04<00:02, 48.79it/s, loss=4.61]
Train Epoch 0/10:  62%|██████▏   | 195/313 [00:04<00:02, 48.79it/s, loss=4.61]
Train Epoch 0/10:  62%|██████▏   | 195/313 [00:04<00:02, 48.79it/s, loss=4.63]
Train Epoch 0/10:  64%|██████▍   | 201/313 [00:04<00:02, 47.47it/s, loss=4.63]
Train Epoch 0/10:  64%|██████▍   | 201/313 [00:04<00:02, 47.47it/s, loss=4.6]
Train Epoch 0/10:  64%|██████▍   | 201/313 [00:04<00:02, 47.47it/s, loss=4.58]
Train Epoch 0/10:  64%|██████▍   | 201/313 [00:04<00:02, 47.47it/s, loss=4.6]
Train Epoch 0/10:  64%|██████▍   | 201/313 [00:04<00:02, 47.47it/s, loss=4.61]
Train Epoch 0/10:  64%|██████▍   | 201/313 [00:04<00:02, 47.47it/s, loss=4.6]
Train Epoch 0/10:  66%|██████▌   | 206/313 [00:04<00:02, 38.34it/s, loss=4.6]
Train Epoch 0/10:  66%|██████▌   | 206/313 [00:04<00:02, 38.34it/s, loss=4.63]
Train Epoch 0/10:  66%|██████▌   | 206/313 [00:04<00:02, 38.34it/s, loss=4.59]
Train Epoch 0/10:  66%|██████▌   | 206/313 [00:04<00:02, 38.34it/s, loss=4.6]
Train Epoch 0/10:  66%|██████▌   | 206/313 [00:04<00:02, 38.34it/s, loss=4.57]
Train Epoch 0/10:  66%|██████▌   | 206/313 [00:04<00:02, 38.34it/s, loss=4.62]
Train Epoch 0/10:  67%|██████▋   | 211/313 [00:04<00:02, 35.92it/s, loss=4.62]
Train Epoch 0/10:  67%|██████▋   | 211/313 [00:04<00:02, 35.92it/s, loss=4.6]
Train Epoch 0/10:  67%|██████▋   | 211/313 [00:04<00:02, 35.92it/s, loss=4.61]
Train Epoch 0/10:  67%|██████▋   | 211/313 [00:04<00:02, 35.92it/s, loss=4.59]
Train Epoch 0/10:  67%|██████▋   | 211/313 [00:04<00:02, 35.92it/s, loss=4.6]
Train Epoch 0/10:  69%|██████▊   | 215/313 [00:04<00:02, 35.81it/s, loss=4.6]
Train Epoch 0/10:  69%|██████▊   | 215/313 [00:04<00:02, 35.81it/s, loss=4.58]
Train Epoch 0/10:  69%|██████▊   | 215/313 [00:05<00:02, 35.81it/s, loss=4.62]
Train Epoch 0/10:  69%|██████▊   | 215/313 [00:05<00:02, 35.81it/s, loss=4.64]
Train Epoch 0/10:  69%|██████▊   | 215/313 [00:05<00:02, 35.81it/s, loss=4.61]
Train Epoch 0/10:  70%|██████▉   | 219/313 [00:05<00:02, 36.33it/s, loss=4.61]
Train Epoch 0/10:  70%|██████▉   | 219/313 [00:05<00:02, 36.33it/s, loss=4.6]
Train Epoch 0/10:  70%|██████▉   | 219/313 [00:05<00:02, 36.33it/s, loss=4.63]
Train Epoch 0/10:  70%|██████▉   | 219/313 [00:05<00:02, 36.33it/s, loss=4.58]
Train Epoch 0/10:  70%|██████▉   | 219/313 [00:05<00:02, 36.33it/s, loss=4.6]
Train Epoch 0/10:  70%|██████▉   | 219/313 [00:05<00:02, 36.33it/s, loss=4.6]
Train Epoch 0/10:  72%|███████▏  | 224/313 [00:05<00:02, 37.64it/s, loss=4.6]
Train Epoch 0/10:  72%|███████▏  | 224/313 [00:05<00:02, 37.64it/s, loss=4.57]
Train Epoch 0/10:  72%|███████▏  | 224/313 [00:05<00:02, 37.64it/s, loss=4.61]
Train Epoch 0/10:  72%|███████▏  | 224/313 [00:05<00:02, 37.64it/s, loss=4.59]
Train Epoch 0/10:  72%|███████▏  | 224/313 [00:05<00:02, 37.64it/s, loss=4.6]
Train Epoch 0/10:  72%|███████▏  | 224/313 [00:05<00:02, 37.64it/s, loss=4.62]
Train Epoch 0/10:  73%|███████▎  | 229/313 [00:05<00:02, 39.47it/s, loss=4.62]
Train Epoch 0/10:  73%|███████▎  | 229/313 [00:05<00:02, 39.47it/s, loss=4.6]
Train Epoch 0/10:  73%|███████▎  | 229/313 [00:05<00:02, 39.47it/s, loss=4.61]
Train Epoch 0/10:  73%|███████▎  | 229/313 [00:05<00:02, 39.47it/s, loss=4.59]
Train Epoch 0/10:  73%|███████▎  | 229/313 [00:05<00:02, 39.47it/s, loss=4.56]
Train Epoch 0/10:  73%|███████▎  | 229/313 [00:05<00:02, 39.47it/s, loss=4.58]
Train Epoch 0/10:  75%|███████▍  | 234/313 [00:05<00:01, 41.37it/s, loss=4.58]
Train Epoch 0/10:  75%|███████▍  | 234/313 [00:05<00:01, 41.37it/s, loss=4.59]
Train Epoch 0/10:  75%|███████▍  | 234/313 [00:05<00:01, 41.37it/s, loss=4.61]
Train Epoch 0/10:  75%|███████▍  | 234/313 [00:05<00:01, 41.37it/s, loss=4.6]
Train Epoch 0/10:  75%|███████▍  | 234/313 [00:05<00:01, 41.37it/s, loss=4.59]
Train Epoch 0/10:  75%|███████▍  | 234/313 [00:05<00:01, 41.37it/s, loss=4.59]
Train Epoch 0/10:  76%|███████▋  | 239/313 [00:05<00:01, 42.80it/s, loss=4.59]
Train Epoch 0/10:  76%|███████▋  | 239/313 [00:05<00:01, 42.80it/s, loss=4.57]
Train Epoch 0/10:  76%|███████▋  | 239/313 [00:05<00:01, 42.80it/s, loss=4.59]
Train Epoch 0/10:  76%|███████▋  | 239/313 [00:05<00:01, 42.80it/s, loss=4.63]
Train Epoch 0/10:  76%|███████▋  | 239/313 [00:05<00:01, 42.80it/s, loss=4.59]
Train Epoch 0/10:  76%|███████▋  | 239/313 [00:05<00:01, 42.80it/s, loss=4.61]
Train Epoch 0/10:  78%|███████▊  | 244/313 [00:05<00:01, 43.81it/s, loss=4.61]
Train Epoch 0/10:  78%|███████▊  | 244/313 [00:05<00:01, 43.81it/s, loss=4.58]
Train Epoch 0/10:  78%|███████▊  | 244/313 [00:05<00:01, 43.81it/s, loss=4.6]
Train Epoch 0/10:  78%|███████▊  | 244/313 [00:05<00:01, 43.81it/s, loss=4.61]
Train Epoch 0/10:  78%|███████▊  | 244/313 [00:05<00:01, 43.81it/s, loss=4.55]
Train Epoch 0/10:  78%|███████▊  | 244/313 [00:05<00:01, 43.81it/s, loss=4.6]
Train Epoch 0/10:  80%|███████▉  | 249/313 [00:05<00:01, 44.55it/s, loss=4.6]
Train Epoch 0/10:  80%|███████▉  | 249/313 [00:05<00:01, 44.55it/s, loss=4.58]
Train Epoch 0/10:  80%|███████▉  | 249/313 [00:05<00:01, 44.55it/s, loss=4.61]
Train Epoch 0/10:  80%|███████▉  | 249/313 [00:05<00:01, 44.55it/s, loss=4.63]
Train Epoch 0/10:  80%|███████▉  | 249/313 [00:05<00:01, 44.55it/s, loss=4.6]
Train Epoch 0/10:  80%|███████▉  | 249/313 [00:05<00:01, 44.55it/s, loss=4.62]
Train Epoch 0/10:  81%|████████  | 254/313 [00:05<00:01, 45.56it/s, loss=4.62]
Train Epoch 0/10:  81%|████████  | 254/313 [00:05<00:01, 45.56it/s, loss=4.58]
Train Epoch 0/10:  81%|████████  | 254/313 [00:05<00:01, 45.56it/s, loss=4.59]
Train Epoch 0/10:  81%|████████  | 254/313 [00:05<00:01, 45.56it/s, loss=4.57]
Train Epoch 0/10:  81%|████████  | 254/313 [00:05<00:01, 45.56it/s, loss=4.61]
Train Epoch 0/10:  81%|████████  | 254/313 [00:05<00:01, 45.56it/s, loss=4.62]
Train Epoch 0/10:  81%|████████  | 254/313 [00:05<00:01, 45.56it/s, loss=4.62]
Train Epoch 0/10:  83%|████████▎ | 260/313 [00:05<00:01, 47.74it/s, loss=4.62]
Train Epoch 0/10:  83%|████████▎ | 260/313 [00:05<00:01, 47.74it/s, loss=4.59]
Train Epoch 0/10:  83%|████████▎ | 260/313 [00:05<00:01, 47.74it/s, loss=4.62]
Train Epoch 0/10:  83%|████████▎ | 260/313 [00:06<00:01, 47.74it/s, loss=4.56]
Train Epoch 0/10:  83%|████████▎ | 260/313 [00:06<00:01, 47.74it/s, loss=4.59]
Train Epoch 0/10:  83%|████████▎ | 260/313 [00:06<00:01, 47.74it/s, loss=4.6]
Train Epoch 0/10:  83%|████████▎ | 260/313 [00:06<00:01, 47.74it/s, loss=4.6]
Train Epoch 0/10:  85%|████████▍ | 266/313 [00:06<00:00, 48.89it/s, loss=4.6]
Train Epoch 0/10:  85%|████████▍ | 266/313 [00:06<00:00, 48.89it/s, loss=4.58]
Train Epoch 0/10:  85%|████████▍ | 266/313 [00:06<00:00, 48.89it/s, loss=4.59]
Train Epoch 0/10:  85%|████████▍ | 266/313 [00:06<00:00, 48.89it/s, loss=4.59]
Train Epoch 0/10:  85%|████████▍ | 266/313 [00:06<00:00, 48.89it/s, loss=4.58]
Train Epoch 0/10:  85%|████████▍ | 266/313 [00:06<00:00, 48.89it/s, loss=4.61]
Train Epoch 0/10:  85%|████████▍ | 266/313 [00:06<00:00, 48.89it/s, loss=4.6]
Train Epoch 0/10:  87%|████████▋ | 272/313 [00:06<00:00, 50.29it/s, loss=4.6]
Train Epoch 0/10:  87%|████████▋ | 272/313 [00:06<00:00, 50.29it/s, loss=4.59]
Train Epoch 0/10:  87%|████████▋ | 272/313 [00:06<00:00, 50.29it/s, loss=4.62]
Train Epoch 0/10:  87%|████████▋ | 272/313 [00:06<00:00, 50.29it/s, loss=4.6]
Train Epoch 0/10:  87%|████████▋ | 272/313 [00:06<00:00, 50.29it/s, loss=4.57]
Train Epoch 0/10:  87%|████████▋ | 272/313 [00:06<00:00, 50.29it/s, loss=4.59]
Train Epoch 0/10:  87%|████████▋ | 272/313 [00:06<00:00, 50.29it/s, loss=4.59]
Train Epoch 0/10:  89%|████████▉ | 278/313 [00:06<00:00, 51.23it/s, loss=4.59]
Train Epoch 0/10:  89%|████████▉ | 278/313 [00:06<00:00, 51.23it/s, loss=4.57]
Train Epoch 0/10:  89%|████████▉ | 278/313 [00:06<00:00, 51.23it/s, loss=4.61]
Train Epoch 0/10:  89%|████████▉ | 278/313 [00:06<00:00, 51.23it/s, loss=4.63]
Train Epoch 0/10:  89%|████████▉ | 278/313 [00:06<00:00, 51.23it/s, loss=4.61]
Train Epoch 0/10:  89%|████████▉ | 278/313 [00:06<00:00, 51.23it/s, loss=4.58]
Train Epoch 0/10:  89%|████████▉ | 278/313 [00:06<00:00, 51.23it/s, loss=4.57]
Train Epoch 0/10:  91%|█████████ | 284/313 [00:06<00:00, 51.92it/s, loss=4.57]
Train Epoch 0/10:  91%|█████████ | 284/313 [00:06<00:00, 51.92it/s, loss=4.61]
Train Epoch 0/10:  91%|█████████ | 284/313 [00:06<00:00, 51.92it/s, loss=4.56]
Train Epoch 0/10:  91%|█████████ | 284/313 [00:06<00:00, 51.92it/s, loss=4.59]
Train Epoch 0/10:  91%|█████████ | 284/313 [00:06<00:00, 51.92it/s, loss=4.64]
Train Epoch 0/10:  91%|█████████ | 284/313 [00:06<00:00, 51.92it/s, loss=4.59]
Train Epoch 0/10:  91%|█████████ | 284/313 [00:06<00:00, 51.92it/s, loss=4.6]
Train Epoch 0/10:  93%|█████████▎| 290/313 [00:06<00:00, 52.41it/s, loss=4.6]
Train Epoch 0/10:  93%|█████████▎| 290/313 [00:06<00:00, 52.41it/s, loss=4.6]
Train Epoch 0/10:  93%|█████████▎| 290/313 [00:06<00:00, 52.41it/s, loss=4.62]
Train Epoch 0/10:  93%|█████████▎| 290/313 [00:06<00:00, 52.41it/s, loss=4.61]
Train Epoch 0/10:  93%|█████████▎| 290/313 [00:06<00:00, 52.41it/s, loss=4.6]
Train Epoch 0/10:  93%|█████████▎| 290/313 [00:06<00:00, 52.41it/s, loss=4.64]
Train Epoch 0/10:  93%|█████████▎| 290/313 [00:06<00:00, 52.41it/s, loss=4.58]
Train Epoch 0/10:  95%|█████████▍| 296/313 [00:06<00:00, 52.47it/s, loss=4.58]
Train Epoch 0/10:  95%|█████████▍| 296/313 [00:06<00:00, 52.47it/s, loss=4.61]
Train Epoch 0/10:  95%|█████████▍| 296/313 [00:06<00:00, 52.47it/s, loss=4.61]
Train Epoch 0/10:  95%|█████████▍| 296/313 [00:06<00:00, 52.47it/s, loss=4.58]
Train Epoch 0/10:  95%|█████████▍| 296/313 [00:06<00:00, 52.47it/s, loss=4.58]
Train Epoch 0/10:  95%|█████████▍| 296/313 [00:06<00:00, 52.47it/s, loss=4.57]
Train Epoch 0/10:  95%|█████████▍| 296/313 [00:06<00:00, 52.47it/s, loss=4.58]
Train Epoch 0/10:  96%|█████████▋| 302/313 [00:06<00:00, 52.80it/s, loss=4.58]
Train Epoch 0/10:  96%|█████████▋| 302/313 [00:06<00:00, 52.80it/s, loss=4.58]
Train Epoch 0/10:  96%|█████████▋| 302/313 [00:06<00:00, 52.80it/s, loss=4.55]
Train Epoch 0/10:  96%|█████████▋| 302/313 [00:06<00:00, 52.80it/s, loss=4.61]
Train Epoch 0/10:  96%|█████████▋| 302/313 [00:06<00:00, 52.80it/s, loss=4.57]
Train Epoch 0/10:  96%|█████████▋| 302/313 [00:06<00:00, 52.80it/s, loss=4.59]
Train Epoch 0/10:  96%|█████████▋| 302/313 [00:06<00:00, 52.80it/s, loss=4.6]
Train Epoch 0/10:  98%|█████████▊| 308/313 [00:06<00:00, 53.03it/s, loss=4.6]
Train Epoch 0/10:  98%|█████████▊| 308/313 [00:06<00:00, 53.03it/s, loss=4.59]
Train Epoch 0/10:  98%|█████████▊| 308/313 [00:06<00:00, 53.03it/s, loss=4.63]
Train Epoch 0/10:  98%|█████████▊| 308/313 [00:06<00:00, 53.03it/s, loss=4.63]
Train Epoch 0/10:  98%|█████████▊| 308/313 [00:06<00:00, 53.03it/s, loss=4.6]
Train Epoch 0/10:  98%|█████████▊| 308/313 [00:20<00:00, 53.03it/s, loss=4.6]
Train Epoch 0/10:  98%|█████████▊| 308/313 [00:31<00:00, 53.03it/s, loss=4.62]
Train Epoch 0/10: 100%|██████████| 313/313 [00:31<00:00,  1.30s/it, loss=4.62]
Train Epoch 0/10: 100%|██████████| 313/313 [00:31<00:00, 10.06it/s, loss=4.62]

Valid Epoch 0/10:   0%|          | 0/32 [00:00<?, ?it/s, acc=-, loss=-]
Valid Epoch 0/10:  12%|█▎        | 4/32 [00:00<00:00, 37.34it/s, acc=-, loss=-]
Valid Epoch 0/10:  38%|███▊      | 12/32 [00:00<00:00, 59.55it/s, acc=-, loss=-]
Valid Epoch 0/10:  69%|██████▉   | 22/32 [00:00<00:00, 75.70it/s, acc=-, loss=-]
Valid Epoch 0/10: 100%|██████████| 32/32 [00:11<00:00,  2.05it/s, acc=-, loss=-]
Valid Epoch 0/10: 100%|██████████| 32/32 [00:11<00:00,  2.05it/s, valid/loss=4.59, valid/accuracy=0.0105]
Valid Epoch 0/10: 100%|██████████| 32/32 [00:11<00:00,  2.90it/s, valid/loss=4.59, valid/accuracy=0.0105]

Train Epoch 1/10:   0%|          | 0/313 [00:00<?, ?it/s]
Train Epoch 1/10:   0%|          | 0/313 [00:00<?, ?it/s, loss=4.58]
Train Epoch 1/10:   0%|          | 0/313 [00:00<?, ?it/s, loss=4.59]
Train Epoch 1/10:   0%|          | 0/313 [00:00<?, ?it/s, loss=4.56]
Train Epoch 1/10:   1%|          | 3/313 [00:00<00:10, 29.22it/s, loss=4.56]
Train Epoch 1/10:   1%|          | 3/313 [00:00<00:10, 29.22it/s, loss=4.59]
Train Epoch 1/10:   1%|          | 3/313 [00:00<00:10, 29.22it/s, loss=4.61]
Train Epoch 1/10:   1%|          | 3/313 [00:00<00:10, 29.22it/s, loss=4.61]
Train Epoch 1/10:   1%|          | 3/313 [00:00<00:10, 29.22it/s, loss=4.57]
Train Epoch 1/10:   2%|▏         | 7/313 [00:00<00:08, 34.21it/s, loss=4.57]
Train Epoch 1/10:   2%|▏         | 7/313 [00:00<00:08, 34.21it/s, loss=4.58]
Train Epoch 1/10:   2%|▏         | 7/313 [00:00<00:08, 34.21it/s, loss=4.57]
Train Epoch 1/10:   2%|▏         | 7/313 [00:00<00:08, 34.21it/s, loss=4.58]
Train Epoch 1/10:   2%|▏         | 7/313 [00:00<00:08, 34.21it/s, loss=4.6]
Train Epoch 1/10:   2%|▏         | 7/313 [00:00<00:08, 34.21it/s, loss=4.54]
Train Epoch 1/10:   4%|▍         | 12/313 [00:00<00:08, 37.35it/s, loss=4.54]
Train Epoch 1/10:   4%|▍         | 12/313 [00:00<00:08, 37.35it/s, loss=4.58]
Train Epoch 1/10:   4%|▍         | 12/313 [00:00<00:08, 37.35it/s, loss=4.59]
Train Epoch 1/10:   4%|▍         | 12/313 [00:00<00:08, 37.35it/s, loss=4.59]
Train Epoch 1/10:   4%|▍         | 12/313 [00:00<00:08, 37.35it/s, loss=4.57]
Train Epoch 1/10:   4%|▍         | 12/313 [00:00<00:08, 37.35it/s, loss=4.58]
Train Epoch 1/10:   5%|▌         | 17/313 [00:00<00:07, 39.94it/s, loss=4.58]
Train Epoch 1/10:   5%|▌         | 17/313 [00:00<00:07, 39.94it/s, loss=4.56]
Train Epoch 1/10:   5%|▌         | 17/313 [00:00<00:07, 39.94it/s, loss=4.59]
Train Epoch 1/10:   5%|▌         | 17/313 [00:00<00:07, 39.94it/s, loss=4.59]
Train Epoch 1/10:   5%|▌         | 17/313 [00:00<00:07, 39.94it/s, loss=4.61]
Train Epoch 1/10:   5%|▌         | 17/313 [00:00<00:07, 39.94it/s, loss=4.61]
Train Epoch 1/10:   7%|▋         | 22/313 [00:00<00:06, 41.95it/s, loss=4.61]
Train Epoch 1/10:   7%|▋         | 22/313 [00:00<00:06, 41.95it/s, loss=4.59]
Train Epoch 1/10:   7%|▋         | 22/313 [00:00<00:06, 41.95it/s, loss=4.63]
Train Epoch 1/10:   7%|▋         | 22/313 [00:00<00:06, 41.95it/s, loss=4.58]
Train Epoch 1/10:   7%|▋         | 22/313 [00:00<00:06, 41.95it/s, loss=4.59]
Train Epoch 1/10:   7%|▋         | 22/313 [00:00<00:06, 41.95it/s, loss=4.56]
Train Epoch 1/10:   9%|▊         | 27/313 [00:00<00:06, 42.45it/s, loss=4.56]
Train Epoch 1/10:   9%|▊         | 27/313 [00:00<00:06, 42.45it/s, loss=4.56]
Train Epoch 1/10:   9%|▊         | 27/313 [00:00<00:06, 42.45it/s, loss=4.56]
Train Epoch 1/10:   9%|▊         | 27/313 [00:00<00:06, 42.45it/s, loss=4.58]
Train Epoch 1/10:   9%|▊         | 27/313 [00:00<00:06, 42.45it/s, loss=4.59]
Train Epoch 1/10:   9%|▊         | 27/313 [00:00<00:06, 42.45it/s, loss=4.59]
Train Epoch 1/10:  10%|█         | 32/313 [00:00<00:06, 41.62it/s, loss=4.59]
Train Epoch 1/10:  10%|█         | 32/313 [00:00<00:06, 41.62it/s, loss=4.6]
Train Epoch 1/10:  10%|█         | 32/313 [00:00<00:06, 41.62it/s, loss=4.6]
Train Epoch 1/10:  10%|█         | 32/313 [00:00<00:06, 41.62it/s, loss=4.61]
Train Epoch 1/10:  10%|█         | 32/313 [00:00<00:06, 41.62it/s, loss=4.6]
Train Epoch 1/10:  10%|█         | 32/313 [00:00<00:06, 41.62it/s, loss=4.58]
Train Epoch 1/10:  12%|█▏        | 37/313 [00:00<00:06, 41.49it/s, loss=4.58]
Train Epoch 1/10:  12%|█▏        | 37/313 [00:00<00:06, 41.49it/s, loss=4.6]
Train Epoch 1/10:  12%|█▏        | 37/313 [00:00<00:06, 41.49it/s, loss=4.6]
Train Epoch 1/10:  12%|█▏        | 37/313 [00:00<00:06, 41.49it/s, loss=4.61]
Train Epoch 1/10:  12%|█▏        | 37/313 [00:01<00:06, 41.49it/s, loss=4.59]
Train Epoch 1/10:  12%|█▏        | 37/313 [00:01<00:06, 41.49it/s, loss=4.59]
Train Epoch 1/10:  13%|█▎        | 42/313 [00:01<00:06, 38.78it/s, loss=4.59]
Train Epoch 1/10:  13%|█▎        | 42/313 [00:01<00:06, 38.78it/s, loss=4.58]
Train Epoch 1/10:  13%|█▎        | 42/313 [00:01<00:06, 38.78it/s, loss=4.58]
Train Epoch 1/10:  13%|█▎        | 42/313 [00:01<00:06, 38.78it/s, loss=4.59]
Train Epoch 1/10:  13%|█▎        | 42/313 [00:01<00:06, 38.78it/s, loss=4.59]
Train Epoch 1/10:  15%|█▍        | 46/313 [00:01<00:07, 37.70it/s, loss=4.59]
Train Epoch 1/10:  15%|█▍        | 46/313 [00:01<00:07, 37.70it/s, loss=4.55]
Train Epoch 1/10:  15%|█▍        | 46/313 [00:01<00:07, 37.70it/s, loss=4.6]
Train Epoch 1/10:  15%|█▍        | 46/313 [00:01<00:07, 37.70it/s, loss=4.6]
Train Epoch 1/10:  15%|█▍        | 46/313 [00:01<00:07, 37.70it/s, loss=4.58]
Train Epoch 1/10:  16%|█▌        | 50/313 [00:01<00:06, 37.98it/s, loss=4.58]
Train Epoch 1/10:  16%|█▌        | 50/313 [00:01<00:06, 37.98it/s, loss=4.58]
Train Epoch 1/10:  16%|█▌        | 50/313 [00:01<00:06, 37.98it/s, loss=4.58]
Train Epoch 1/10:  16%|█▌        | 50/313 [00:01<00:06, 37.98it/s, loss=4.6]
Train Epoch 1/10:  16%|█▌        | 50/313 [00:01<00:06, 37.98it/s, loss=4.56]
Train Epoch 1/10:  16%|█▌        | 50/313 [00:01<00:06, 37.98it/s, loss=4.59]
Train Epoch 1/10:  18%|█▊        | 55/313 [00:01<00:06, 39.26it/s, loss=4.59]
Train Epoch 1/10:  18%|█▊        | 55/313 [00:01<00:06, 39.26it/s, loss=4.58]
Train Epoch 1/10:  18%|█▊        | 55/313 [00:01<00:06, 39.26it/s, loss=4.59]
Train Epoch 1/10:  18%|█▊        | 55/313 [00:01<00:06, 39.26it/s, loss=4.6]
Train Epoch 1/10:  18%|█▊        | 55/313 [00:01<00:06, 39.26it/s, loss=4.57]
Train Epoch 1/10:  18%|█▊        | 55/313 [00:01<00:06, 39.26it/s, loss=4.59]
Train Epoch 1/10:  19%|█▉        | 60/313 [00:01<00:06, 40.14it/s, loss=4.59]
Train Epoch 1/10:  19%|█▉        | 60/313 [00:01<00:06, 40.14it/s, loss=4.59]
Train Epoch 1/10:  19%|█▉        | 60/313 [00:01<00:06, 40.14it/s, loss=4.59]
Train Epoch 1/10:  19%|█▉        | 60/313 [00:01<00:06, 40.14it/s, loss=4.6]
Train Epoch 1/10:  19%|█▉        | 60/313 [00:01<00:06, 40.14it/s, loss=4.59]
Train Epoch 1/10:  19%|█▉        | 60/313 [00:01<00:06, 40.14it/s, loss=4.58]
Train Epoch 1/10:  21%|██        | 65/313 [00:01<00:05, 41.59it/s, loss=4.58]
Train Epoch 1/10:  21%|██        | 65/313 [00:01<00:05, 41.59it/s, loss=4.58]
Train Epoch 1/10:  21%|██        | 65/313 [00:01<00:05, 41.59it/s, loss=4.59]
Train Epoch 1/10:  21%|██        | 65/313 [00:01<00:05, 41.59it/s, loss=4.58]
Train Epoch 1/10:  21%|██        | 65/313 [00:01<00:05, 41.59it/s, loss=4.57]
Train Epoch 1/10:  21%|██        | 65/313 [00:01<00:05, 41.59it/s, loss=4.58]
Train Epoch 1/10:  22%|██▏       | 70/313 [00:01<00:05, 42.85it/s, loss=4.58]
Train Epoch 1/10:  22%|██▏       | 70/313 [00:01<00:05, 42.85it/s, loss=4.59]
Train Epoch 1/10:  22%|██▏       | 70/313 [00:01<00:05, 42.85it/s, loss=4.55]
Train Epoch 1/10:  22%|██▏       | 70/313 [00:01<00:05, 42.85it/s, loss=4.61]
Train Epoch 1/10:  22%|██▏       | 70/313 [00:01<00:05, 42.85it/s, loss=4.6]
Train Epoch 1/10:  22%|██▏       | 70/313 [00:01<00:05, 42.85it/s, loss=4.59]
Train Epoch 1/10:  24%|██▍       | 75/313 [00:01<00:05, 44.09it/s, loss=4.59]
Train Epoch 1/10:  24%|██▍       | 75/313 [00:01<00:05, 44.09it/s, loss=4.61]
Train Epoch 1/10:  24%|██▍       | 75/313 [00:01<00:05, 44.09it/s, loss=4.57]
Train Epoch 1/10:  24%|██▍       | 75/313 [00:01<00:05, 44.09it/s, loss=4.58]
Train Epoch 1/10:  24%|██▍       | 75/313 [00:01<00:05, 44.09it/s, loss=4.59]
Train Epoch 1/10:  24%|██▍       | 75/313 [00:01<00:05, 44.09it/s, loss=4.57]
Train Epoch 1/10:  26%|██▌       | 80/313 [00:01<00:05, 45.18it/s, loss=4.57]
Train Epoch 1/10:  26%|██▌       | 80/313 [00:01<00:05, 45.18it/s, loss=4.61]
Train Epoch 1/10:  26%|██▌       | 80/313 [00:01<00:05, 45.18it/s, loss=4.61]
Train Epoch 1/10:  26%|██▌       | 80/313 [00:02<00:05, 45.18it/s, loss=4.63]
Train Epoch 1/10:  26%|██▌       | 80/313 [00:02<00:05, 45.18it/s, loss=4.6]
Train Epoch 1/10:  26%|██▌       | 80/313 [00:02<00:05, 45.18it/s, loss=4.55]
Train Epoch 1/10:  27%|██▋       | 85/313 [00:02<00:04, 46.25it/s, loss=4.55]
Train Epoch 1/10:  27%|██▋       | 85/313 [00:02<00:04, 46.25it/s, loss=4.58]
Train Epoch 1/10:  27%|██▋       | 85/313 [00:02<00:04, 46.25it/s, loss=4.57]
Train Epoch 1/10:  27%|██▋       | 85/313 [00:02<00:04, 46.25it/s, loss=4.61]
Train Epoch 1/10:  27%|██▋       | 85/313 [00:02<00:04, 46.25it/s, loss=4.61]
Train Epoch 1/10:  27%|██▋       | 85/313 [00:02<00:04, 46.25it/s, loss=4.6]
Train Epoch 1/10:  27%|██▋       | 85/313 [00:02<00:04, 46.25it/s, loss=4.57]
Train Epoch 1/10:  29%|██▉       | 91/313 [00:02<00:04, 48.21it/s, loss=4.57]
Train Epoch 1/10:  29%|██▉       | 91/313 [00:02<00:04, 48.21it/s, loss=4.6]
Train Epoch 1/10:  29%|██▉       | 91/313 [00:02<00:04, 48.21it/s, loss=4.6]
Train Epoch 1/10:  29%|██▉       | 91/313 [00:02<00:04, 48.21it/s, loss=4.6]
Train Epoch 1/10:  29%|██▉       | 91/313 [00:02<00:04, 48.21it/s, loss=4.6]
Train Epoch 1/10:  29%|██▉       | 91/313 [00:02<00:04, 48.21it/s, loss=4.59]
Train Epoch 1/10:  29%|██▉       | 91/313 [00:02<00:04, 48.21it/s, loss=4.57]
Train Epoch 1/10:  31%|███       | 97/313 [00:02<00:04, 49.55it/s, loss=4.57]
Train Epoch 1/10:  31%|███       | 97/313 [00:02<00:04, 49.55it/s, loss=4.59]
Train Epoch 1/10:  31%|███       | 97/313 [00:02<00:04, 49.55it/s, loss=4.56]
Train Epoch 1/10:  31%|███       | 97/313 [00:02<00:04, 49.55it/s, loss=4.58]
Train Epoch 1/10:  31%|███       | 97/313 [00:02<00:04, 49.55it/s, loss=4.58]
Train Epoch 1/10:  31%|███       | 97/313 [00:02<00:04, 49.55it/s, loss=4.58]
Train Epoch 1/10:  31%|███       | 97/313 [00:02<00:04, 49.55it/s, loss=4.6]
Train Epoch 1/10:  33%|███▎      | 103/313 [00:02<00:04, 50.45it/s, loss=4.6]
Train Epoch 1/10:  33%|███▎      | 103/313 [00:02<00:04, 50.45it/s, loss=4.57]
Train Epoch 1/10:  33%|███▎      | 103/313 [00:02<00:04, 50.45it/s, loss=4.57]
Train Epoch 1/10:  33%|███▎      | 103/313 [00:02<00:04, 50.45it/s, loss=4.58]
Train Epoch 1/10:  33%|███▎      | 103/313 [00:02<00:04, 50.45it/s, loss=4.57]
Train Epoch 1/10:  33%|███▎      | 103/313 [00:02<00:04, 50.45it/s, loss=4.61]
Train Epoch 1/10:  33%|███▎      | 103/313 [00:02<00:04, 50.45it/s, loss=4.61]
Train Epoch 1/10:  35%|███▍      | 109/313 [00:02<00:04, 50.53it/s, loss=4.61]
Train Epoch 1/10:  35%|███▍      | 109/313 [00:02<00:04, 50.53it/s, loss=4.58]
Train Epoch 1/10:  35%|███▍      | 109/313 [00:02<00:04, 50.53it/s, loss=4.56]
Train Epoch 1/10:  35%|███▍      | 109/313 [00:02<00:04, 50.53it/s, loss=4.57]
Train Epoch 1/10:  35%|███▍      | 109/313 [00:02<00:04, 50.53it/s, loss=4.62]
Train Epoch 1/10:  35%|███▍      | 109/313 [00:02<00:04, 50.53it/s, loss=4.57]
Train Epoch 1/10:  35%|███▍      | 109/313 [00:02<00:04, 50.53it/s, loss=4.6]
Train Epoch 1/10:  37%|███▋      | 115/313 [00:02<00:03, 51.12it/s, loss=4.6]
Train Epoch 1/10:  37%|███▋      | 115/313 [00:02<00:03, 51.12it/s, loss=4.6]
Train Epoch 1/10:  37%|███▋      | 115/313 [00:02<00:03, 51.12it/s, loss=4.59]
Train Epoch 1/10:  37%|███▋      | 115/313 [00:02<00:03, 51.12it/s, loss=4.57]
Train Epoch 1/10:  37%|███▋      | 115/313 [00:02<00:03, 51.12it/s, loss=4.59]
Train Epoch 1/10:  37%|███▋      | 115/313 [00:02<00:03, 51.12it/s, loss=4.57]
Train Epoch 1/10:  37%|███▋      | 115/313 [00:02<00:03, 51.12it/s, loss=4.6]
Train Epoch 1/10:  39%|███▊      | 121/313 [00:02<00:03, 51.56it/s, loss=4.6]
Train Epoch 1/10:  39%|███▊      | 121/313 [00:02<00:03, 51.56it/s, loss=4.63]
Train Epoch 1/10:  39%|███▊      | 121/313 [00:02<00:03, 51.56it/s, loss=4.61]
Train Epoch 1/10:  39%|███▊      | 121/313 [00:02<00:03, 51.56it/s, loss=4.59]
Train Epoch 1/10:  39%|███▊      | 121/313 [00:02<00:03, 51.56it/s, loss=4.59]
Train Epoch 1/10:  39%|███▊      | 121/313 [00:02<00:03, 51.56it/s, loss=4.57]
Train Epoch 1/10:  39%|███▊      | 121/313 [00:02<00:03, 51.56it/s, loss=4.6]
Train Epoch 1/10:  41%|████      | 127/313 [00:02<00:03, 51.86it/s, loss=4.6]
Train Epoch 1/10:  41%|████      | 127/313 [00:02<00:03, 51.86it/s, loss=4.58]
Train Epoch 1/10:  41%|████      | 127/313 [00:02<00:03, 51.86it/s, loss=4.6]
Train Epoch 1/10:  41%|████      | 127/313 [00:02<00:03, 51.86it/s, loss=4.59]
Train Epoch 1/10:  41%|████      | 127/313 [00:02<00:03, 51.86it/s, loss=4.61]
Train Epoch 1/10:  41%|████      | 127/313 [00:02<00:03, 51.86it/s, loss=4.58]
Train Epoch 1/10:  41%|████      | 127/313 [00:02<00:03, 51.86it/s, loss=4.63]
Train Epoch 1/10:  42%|████▏     | 133/313 [00:02<00:03, 52.10it/s, loss=4.63]
Train Epoch 1/10:  42%|████▏     | 133/313 [00:02<00:03, 52.10it/s, loss=4.58]
Train Epoch 1/10:  42%|████▏     | 133/313 [00:03<00:03, 52.10it/s, loss=4.6]
Train Epoch 1/10:  42%|████▏     | 133/313 [00:03<00:03, 52.10it/s, loss=4.58]
Train Epoch 1/10:  42%|████▏     | 133/313 [00:03<00:03, 52.10it/s, loss=4.58]
Train Epoch 1/10:  42%|████▏     | 133/313 [00:03<00:03, 52.10it/s, loss=4.63]
Train Epoch 1/10:  42%|████▏     | 133/313 [00:03<00:03, 52.10it/s, loss=4.61]
Train Epoch 1/10:  44%|████▍     | 139/313 [00:03<00:03, 51.91it/s, loss=4.61]
Train Epoch 1/10:  44%|████▍     | 139/313 [00:03<00:03, 51.91it/s, loss=4.58]
Train Epoch 1/10:  44%|████▍     | 139/313 [00:03<00:03, 51.91it/s, loss=4.6]
Train Epoch 1/10:  44%|████▍     | 139/313 [00:03<00:03, 51.91it/s, loss=4.59]
Train Epoch 1/10:  44%|████▍     | 139/313 [00:03<00:03, 51.91it/s, loss=4.62]
Train Epoch 1/10:  44%|████▍     | 139/313 [00:03<00:03, 51.91it/s, loss=4.62]
Train Epoch 1/10:  44%|████▍     | 139/313 [00:03<00:03, 51.91it/s, loss=4.56]
Train Epoch 1/10:  46%|████▋     | 145/313 [00:03<00:03, 52.11it/s, loss=4.56]
Train Epoch 1/10:  46%|████▋     | 145/313 [00:03<00:03, 52.11it/s, loss=4.59]
Train Epoch 1/10:  46%|████▋     | 145/313 [00:03<00:03, 52.11it/s, loss=4.59]
Train Epoch 1/10:  46%|████▋     | 145/313 [00:03<00:03, 52.11it/s, loss=4.58]
Train Epoch 1/10:  46%|████▋     | 145/313 [00:03<00:03, 52.11it/s, loss=4.61]
Train Epoch 1/10:  46%|████▋     | 145/313 [00:03<00:03, 52.11it/s, loss=4.6]
Train Epoch 1/10:  46%|████▋     | 145/313 [00:03<00:03, 52.11it/s, loss=4.6]
Train Epoch 1/10:  48%|████▊     | 151/313 [00:03<00:03, 52.25it/s, loss=4.6]
Train Epoch 1/10:  48%|████▊     | 151/313 [00:03<00:03, 52.25it/s, loss=4.6]
Train Epoch 1/10:  48%|████▊     | 151/313 [00:03<00:03, 52.25it/s, loss=4.56]
Train Epoch 1/10:  48%|████▊     | 151/313 [00:03<00:03, 52.25it/s, loss=4.58]
Train Epoch 1/10:  48%|████▊     | 151/313 [00:03<00:03, 52.25it/s, loss=4.6]
Train Epoch 1/10:  48%|████▊     | 151/313 [00:03<00:03, 52.25it/s, loss=4.59]
Train Epoch 1/10:  48%|████▊     | 151/313 [00:03<00:03, 52.25it/s, loss=4.58]
Train Epoch 1/10:  50%|█████     | 157/313 [00:03<00:02, 52.35it/s, loss=4.58]
Train Epoch 1/10:  50%|█████     | 157/313 [00:03<00:02, 52.35it/s, loss=4.6]
Train Epoch 1/10:  50%|█████     | 157/313 [00:03<00:02, 52.35it/s, loss=4.57]
Train Epoch 1/10:  50%|█████     | 157/313 [00:03<00:02, 52.35it/s, loss=4.58]
Train Epoch 1/10:  50%|█████     | 157/313 [00:03<00:02, 52.35it/s, loss=4.61]
Train Epoch 1/10:  50%|█████     | 157/313 [00:03<00:02, 52.35it/s, loss=4.57]
Train Epoch 1/10:  50%|█████     | 157/313 [00:03<00:02, 52.35it/s, loss=4.57]
Train Epoch 1/10:  52%|█████▏    | 163/313 [00:03<00:02, 52.40it/s, loss=4.57]
Train Epoch 1/10:  52%|█████▏    | 163/313 [00:03<00:02, 52.40it/s, loss=4.61]
Train Epoch 1/10:  52%|█████▏    | 163/313 [00:03<00:02, 52.40it/s, loss=4.61]
Train Epoch 1/10:  52%|█████▏    | 163/313 [00:03<00:02, 52.40it/s, loss=4.59]
Train Epoch 1/10:  52%|█████▏    | 163/313 [00:03<00:02, 52.40it/s, loss=4.62]
Train Epoch 1/10:  52%|█████▏    | 163/313 [00:03<00:02, 52.40it/s, loss=4.57]
Train Epoch 1/10:  52%|█████▏    | 163/313 [00:03<00:02, 52.40it/s, loss=4.61]
Train Epoch 1/10:  54%|█████▍    | 169/313 [00:03<00:02, 52.48it/s, loss=4.61]
Train Epoch 1/10:  54%|█████▍    | 169/313 [00:03<00:02, 52.48it/s, loss=4.61]
Train Epoch 1/10:  54%|█████▍    | 169/313 [00:03<00:02, 52.48it/s, loss=4.57]
Train Epoch 1/10:  54%|█████▍    | 169/313 [00:03<00:02, 52.48it/s, loss=4.57]
Train Epoch 1/10:  54%|█████▍    | 169/313 [00:03<00:02, 52.48it/s, loss=4.6]
Train Epoch 1/10:  54%|█████▍    | 169/313 [00:03<00:02, 52.48it/s, loss=4.6]
Train Epoch 1/10:  54%|█████▍    | 169/313 [00:03<00:02, 52.48it/s, loss=4.63]
Train Epoch 1/10:  56%|█████▌    | 175/313 [00:03<00:02, 52.53it/s, loss=4.63]
Train Epoch 1/10:  56%|█████▌    | 175/313 [00:03<00:02, 52.53it/s, loss=4.58]
Train Epoch 1/10:  56%|█████▌    | 175/313 [00:03<00:02, 52.53it/s, loss=4.59]
Train Epoch 1/10:  56%|█████▌    | 175/313 [00:03<00:02, 52.53it/s, loss=4.6]
Train Epoch 1/10:  56%|█████▌    | 175/313 [00:03<00:02, 52.53it/s, loss=4.59]
Train Epoch 1/10:  56%|█████▌    | 175/313 [00:03<00:02, 52.53it/s, loss=4.6]
Train Epoch 1/10:  56%|█████▌    | 175/313 [00:03<00:02, 52.53it/s, loss=4.57]
Train Epoch 1/10:  58%|█████▊    | 181/313 [00:03<00:02, 52.56it/s, loss=4.57]
Train Epoch 1/10:  58%|█████▊    | 181/313 [00:03<00:02, 52.56it/s, loss=4.62]
Train Epoch 1/10:  58%|█████▊    | 181/313 [00:03<00:02, 52.56it/s, loss=4.6]
Train Epoch 1/10:  58%|█████▊    | 181/313 [00:03<00:02, 52.56it/s, loss=4.61]
Train Epoch 1/10:  58%|█████▊    | 181/313 [00:03<00:02, 52.56it/s, loss=4.63]
Train Epoch 1/10:  58%|█████▊    | 181/313 [00:03<00:02, 52.56it/s, loss=4.56]
Train Epoch 1/10:  58%|█████▊    | 181/313 [00:03<00:02, 52.56it/s, loss=4.59]
Train Epoch 1/10:  60%|█████▉    | 187/313 [00:03<00:02, 52.58it/s, loss=4.59]
Train Epoch 1/10:  60%|█████▉    | 187/313 [00:04<00:02, 52.58it/s, loss=4.57]
Train Epoch 1/10:  60%|█████▉    | 187/313 [00:04<00:02, 52.58it/s, loss=4.58]
Train Epoch 1/10:  60%|█████▉    | 187/313 [00:04<00:02, 52.58it/s, loss=4.6]
Train Epoch 1/10:  60%|█████▉    | 187/313 [00:04<00:02, 52.58it/s, loss=4.57]
Train Epoch 1/10:  60%|█████▉    | 187/313 [00:04<00:02, 52.58it/s, loss=4.56]
Train Epoch 1/10:  60%|█████▉    | 187/313 [00:04<00:02, 52.58it/s, loss=4.58]
Train Epoch 1/10:  62%|██████▏   | 193/313 [00:04<00:02, 52.61it/s, loss=4.58]
Train Epoch 1/10:  62%|██████▏   | 193/313 [00:04<00:02, 52.61it/s, loss=4.56]
Train Epoch 1/10:  62%|██████▏   | 193/313 [00:04<00:02, 52.61it/s, loss=4.57]
Train Epoch 1/10:  62%|██████▏   | 193/313 [00:04<00:02, 52.61it/s, loss=4.57]
Train Epoch 1/10:  62%|██████▏   | 193/313 [00:04<00:02, 52.61it/s, loss=4.58]
Train Epoch 1/10:  62%|██████▏   | 193/313 [00:04<00:02, 52.61it/s, loss=4.58]
Train Epoch 1/10:  62%|██████▏   | 193/313 [00:04<00:02, 52.61it/s, loss=4.6]
Train Epoch 1/10:  64%|██████▎   | 199/313 [00:04<00:02, 52.63it/s, loss=4.6]
Train Epoch 1/10:  64%|██████▎   | 199/313 [00:04<00:02, 52.63it/s, loss=4.6]
Train Epoch 1/10:  64%|██████▎   | 199/313 [00:04<00:02, 52.63it/s, loss=4.62]
Train Epoch 1/10:  64%|██████▎   | 199/313 [00:04<00:02, 52.63it/s, loss=4.59]
Train Epoch 1/10:  64%|██████▎   | 199/313 [00:04<00:02, 52.63it/s, loss=4.57]
Train Epoch 1/10:  64%|██████▎   | 199/313 [00:04<00:02, 52.63it/s, loss=4.59]
Train Epoch 1/10:  64%|██████▎   | 199/313 [00:04<00:02, 52.63it/s, loss=4.6]
Train Epoch 1/10:  65%|██████▌   | 205/313 [00:04<00:02, 52.65it/s, loss=4.6]
Train Epoch 1/10:  65%|██████▌   | 205/313 [00:04<00:02, 52.65it/s, loss=4.58]
Train Epoch 1/10:  65%|██████▌   | 205/313 [00:04<00:02, 52.65it/s, loss=4.62]
Train Epoch 1/10:  65%|██████▌   | 205/313 [00:04<00:02, 52.65it/s, loss=4.59]
Train Epoch 1/10:  65%|██████▌   | 205/313 [00:04<00:02, 52.65it/s, loss=4.59]
Train Epoch 1/10:  65%|██████▌   | 205/313 [00:04<00:02, 52.65it/s, loss=4.56]
Train Epoch 1/10:  65%|██████▌   | 205/313 [00:04<00:02, 52.65it/s, loss=4.61]
Train Epoch 1/10:  67%|██████▋   | 211/313 [00:04<00:01, 52.68it/s, loss=4.61]
Train Epoch 1/10:  67%|██████▋   | 211/313 [00:04<00:01, 52.68it/s, loss=4.58]
Train Epoch 1/10:  67%|██████▋   | 211/313 [00:04<00:01, 52.68it/s, loss=4.6]
Train Epoch 1/10:  67%|██████▋   | 211/313 [00:04<00:01, 52.68it/s, loss=4.58]
Train Epoch 1/10:  67%|██████▋   | 211/313 [00:04<00:01, 52.68it/s, loss=4.6]
Train Epoch 1/10:  67%|██████▋   | 211/313 [00:04<00:01, 52.68it/s, loss=4.57]
Train Epoch 1/10:  67%|██████▋   | 211/313 [00:04<00:01, 52.68it/s, loss=4.6]
Train Epoch 1/10:  69%|██████▉   | 217/313 [00:04<00:01, 52.66it/s, loss=4.6]
Train Epoch 1/10:  69%|██████▉   | 217/313 [00:04<00:01, 52.66it/s, loss=4.62]
Train Epoch 1/10:  69%|██████▉   | 217/313 [00:04<00:01, 52.66it/s, loss=4.6]
Train Epoch 1/10:  69%|██████▉   | 217/313 [00:04<00:01, 52.66it/s, loss=4.59]
Train Epoch 1/10:  69%|██████▉   | 217/313 [00:04<00:01, 52.66it/s, loss=4.62]
Train Epoch 1/10:  69%|██████▉   | 217/313 [00:04<00:01, 52.66it/s, loss=4.57]
Train Epoch 1/10:  69%|██████▉   | 217/313 [00:04<00:01, 52.66it/s, loss=4.59]
Train Epoch 1/10:  71%|███████   | 223/313 [00:04<00:01, 52.63it/s, loss=4.59]
Train Epoch 1/10:  71%|███████   | 223/313 [00:04<00:01, 52.63it/s, loss=4.58]
Train Epoch 1/10:  71%|███████   | 223/313 [00:04<00:01, 52.63it/s, loss=4.56]
Train Epoch 1/10:  71%|███████   | 223/313 [00:04<00:01, 52.63it/s, loss=4.6]
Train Epoch 1/10:  71%|███████   | 223/313 [00:04<00:01, 52.63it/s, loss=4.59]
Train Epoch 1/10:  71%|███████   | 223/313 [00:04<00:01, 52.63it/s, loss=4.59]
Train Epoch 1/10:  71%|███████   | 223/313 [00:04<00:01, 52.63it/s, loss=4.6]
Train Epoch 1/10:  73%|███████▎  | 229/313 [00:04<00:01, 51.69it/s, loss=4.6]
Train Epoch 1/10:  73%|███████▎  | 229/313 [00:04<00:01, 51.69it/s, loss=4.59]
Train Epoch 1/10:  73%|███████▎  | 229/313 [00:04<00:01, 51.69it/s, loss=4.61]
Train Epoch 1/10:  73%|███████▎  | 229/313 [00:04<00:01, 51.69it/s, loss=4.58]
Train Epoch 1/10:  73%|███████▎  | 229/313 [00:04<00:01, 51.69it/s, loss=4.56]
Train Epoch 1/10:  73%|███████▎  | 229/313 [00:04<00:01, 51.69it/s, loss=4.58]
Train Epoch 1/10:  73%|███████▎  | 229/313 [00:04<00:01, 51.69it/s, loss=4.57]
Train Epoch 1/10:  75%|███████▌  | 235/313 [00:04<00:01, 52.00it/s, loss=4.57]
Train Epoch 1/10:  75%|███████▌  | 235/313 [00:04<00:01, 52.00it/s, loss=4.6]
Train Epoch 1/10:  75%|███████▌  | 235/313 [00:04<00:01, 52.00it/s, loss=4.59]
Train Epoch 1/10:  75%|███████▌  | 235/313 [00:05<00:01, 52.00it/s, loss=4.58]
Train Epoch 1/10:  75%|███████▌  | 235/313 [00:05<00:01, 52.00it/s, loss=4.58]
Train Epoch 1/10:  75%|███████▌  | 235/313 [00:05<00:01, 52.00it/s, loss=4.57]
Train Epoch 1/10:  75%|███████▌  | 235/313 [00:05<00:01, 52.00it/s, loss=4.58]
Train Epoch 1/10:  77%|███████▋  | 241/313 [00:05<00:01, 41.26it/s, loss=4.58]
Train Epoch 1/10:  77%|███████▋  | 241/313 [00:05<00:01, 41.26it/s, loss=4.61]
Train Epoch 1/10:  77%|███████▋  | 241/313 [00:05<00:01, 41.26it/s, loss=4.58]
Train Epoch 1/10:  77%|███████▋  | 241/313 [00:05<00:01, 41.26it/s, loss=4.6]
Train Epoch 1/10:  77%|███████▋  | 241/313 [00:05<00:01, 41.26it/s, loss=4.57]
Train Epoch 1/10:  77%|███████▋  | 241/313 [00:05<00:01, 41.26it/s, loss=4.59]
Train Epoch 1/10:  79%|███████▊  | 246/313 [00:05<00:02, 30.97it/s, loss=4.59]
Train Epoch 1/10:  79%|███████▊  | 246/313 [00:05<00:02, 30.97it/s, loss=4.59]
Train Epoch 1/10:  79%|███████▊  | 246/313 [00:05<00:02, 30.97it/s, loss=4.55]
Train Epoch 1/10:  79%|███████▊  | 246/313 [00:05<00:02, 30.97it/s, loss=4.6]
Train Epoch 1/10:  79%|███████▊  | 246/313 [00:05<00:02, 30.97it/s, loss=4.57]
Train Epoch 1/10:  80%|███████▉  | 250/313 [00:05<00:02, 26.84it/s, loss=4.57]
Train Epoch 1/10:  80%|███████▉  | 250/313 [00:05<00:02, 26.84it/s, loss=4.59]
Train Epoch 1/10:  80%|███████▉  | 250/313 [00:05<00:02, 26.84it/s, loss=4.61]
Train Epoch 1/10:  80%|███████▉  | 250/313 [00:05<00:02, 26.84it/s, loss=4.58]
Train Epoch 1/10:  80%|███████▉  | 250/313 [00:05<00:02, 26.84it/s, loss=4.61]
Train Epoch 1/10:  81%|████████  | 254/313 [00:05<00:02, 27.37it/s, loss=4.61]
Train Epoch 1/10:  81%|████████  | 254/313 [00:05<00:02, 27.37it/s, loss=4.58]
Train Epoch 1/10:  81%|████████  | 254/313 [00:05<00:02, 27.37it/s, loss=4.58]
Train Epoch 1/10:  81%|████████  | 254/313 [00:05<00:02, 27.37it/s, loss=4.57]
Train Epoch 1/10:  81%|████████  | 254/313 [00:05<00:02, 27.37it/s, loss=4.61]
Train Epoch 1/10:  82%|████████▏ | 258/313 [00:05<00:01, 29.03it/s, loss=4.61]
Train Epoch 1/10:  82%|████████▏ | 258/313 [00:05<00:01, 29.03it/s, loss=4.62]
Train Epoch 1/10:  82%|████████▏ | 258/313 [00:05<00:01, 29.03it/s, loss=4.61]
Train Epoch 1/10:  82%|████████▏ | 258/313 [00:05<00:01, 29.03it/s, loss=4.58]
Train Epoch 1/10:  82%|████████▏ | 258/313 [00:05<00:01, 29.03it/s, loss=4.61]
Train Epoch 1/10:  82%|████████▏ | 258/313 [00:05<00:01, 29.03it/s, loss=4.56]
Train Epoch 1/10:  84%|████████▍ | 263/313 [00:05<00:01, 31.88it/s, loss=4.56]
Train Epoch 1/10:  84%|████████▍ | 263/313 [00:06<00:01, 31.88it/s, loss=4.58]
Train Epoch 1/10:  84%|████████▍ | 263/313 [00:06<00:01, 31.88it/s, loss=4.59]
Train Epoch 1/10:  84%|████████▍ | 263/313 [00:06<00:01, 31.88it/s, loss=4.59]
Train Epoch 1/10:  84%|████████▍ | 263/313 [00:06<00:01, 31.88it/s, loss=4.57]
Train Epoch 1/10:  84%|████████▍ | 263/313 [00:06<00:01, 31.88it/s, loss=4.58]
Train Epoch 1/10:  86%|████████▌ | 268/313 [00:06<00:01, 34.70it/s, loss=4.58]
Train Epoch 1/10:  86%|████████▌ | 268/313 [00:06<00:01, 34.70it/s, loss=4.58]
Train Epoch 1/10:  86%|████████▌ | 268/313 [00:06<00:01, 34.70it/s, loss=4.57]
Train Epoch 1/10:  86%|████████▌ | 268/313 [00:06<00:01, 34.70it/s, loss=4.6]
Train Epoch 1/10:  86%|████████▌ | 268/313 [00:06<00:01, 34.70it/s, loss=4.59]
Train Epoch 1/10:  86%|████████▌ | 268/313 [00:06<00:01, 34.70it/s, loss=4.58]
Train Epoch 1/10:  87%|████████▋ | 273/313 [00:06<00:01, 37.79it/s, loss=4.58]
Train Epoch 1/10:  87%|████████▋ | 273/313 [00:06<00:01, 37.79it/s, loss=4.62]
Train Epoch 1/10:  87%|████████▋ | 273/313 [00:06<00:01, 37.79it/s, loss=4.59]
Train Epoch 1/10:  87%|████████▋ | 273/313 [00:06<00:01, 37.79it/s, loss=4.57]
Train Epoch 1/10:  87%|████████▋ | 273/313 [00:06<00:01, 37.79it/s, loss=4.58]
Train Epoch 1/10:  87%|████████▋ | 273/313 [00:06<00:01, 37.79it/s, loss=4.58]
Train Epoch 1/10:  89%|████████▉ | 278/313 [00:06<00:00, 40.48it/s, loss=4.58]
Train Epoch 1/10:  89%|████████▉ | 278/313 [00:06<00:00, 40.48it/s, loss=4.56]
Train Epoch 1/10:  89%|████████▉ | 278/313 [00:06<00:00, 40.48it/s, loss=4.6]
Train Epoch 1/10:  89%|████████▉ | 278/313 [00:06<00:00, 40.48it/s, loss=4.61]
Train Epoch 1/10:  89%|████████▉ | 278/313 [00:06<00:00, 40.48it/s, loss=4.6]
Train Epoch 1/10:  89%|████████▉ | 278/313 [00:06<00:00, 40.48it/s, loss=4.58]
Train Epoch 1/10:  90%|█████████ | 283/313 [00:06<00:00, 42.31it/s, loss=4.58]
Train Epoch 1/10:  90%|█████████ | 283/313 [00:06<00:00, 42.31it/s, loss=4.57]
Train Epoch 1/10:  90%|█████████ | 283/313 [00:06<00:00, 42.31it/s, loss=4.6]
Train Epoch 1/10:  90%|█████████ | 283/313 [00:06<00:00, 42.31it/s, loss=4.56]
Train Epoch 1/10:  90%|█████████ | 283/313 [00:06<00:00, 42.31it/s, loss=4.57]
Train Epoch 1/10:  90%|█████████ | 283/313 [00:06<00:00, 42.31it/s, loss=4.62]
Train Epoch 1/10:  92%|█████████▏| 288/313 [00:06<00:00, 43.82it/s, loss=4.62]
Train Epoch 1/10:  92%|█████████▏| 288/313 [00:06<00:00, 43.82it/s, loss=4.59]
Train Epoch 1/10:  92%|█████████▏| 288/313 [00:06<00:00, 43.82it/s, loss=4.59]
Train Epoch 1/10:  92%|█████████▏| 288/313 [00:06<00:00, 43.82it/s, loss=4.59]
Train Epoch 1/10:  92%|█████████▏| 288/313 [00:06<00:00, 43.82it/s, loss=4.61]
Train Epoch 1/10:  92%|█████████▏| 288/313 [00:06<00:00, 43.82it/s, loss=4.6]
Train Epoch 1/10:  94%|█████████▎| 293/313 [00:06<00:00, 44.45it/s, loss=4.6]
Train Epoch 1/10:  94%|█████████▎| 293/313 [00:06<00:00, 44.45it/s, loss=4.58]
Train Epoch 1/10:  94%|█████████▎| 293/313 [00:06<00:00, 44.45it/s, loss=4.63]
Train Epoch 1/10:  94%|█████████▎| 293/313 [00:06<00:00, 44.45it/s, loss=4.57]
Train Epoch 1/10:  94%|█████████▎| 293/313 [00:06<00:00, 44.45it/s, loss=4.59]
Train Epoch 1/10:  94%|█████████▎| 293/313 [00:06<00:00, 44.45it/s, loss=4.61]
Train Epoch 1/10:  95%|█████████▌| 298/313 [00:06<00:00, 41.38it/s, loss=4.61]
Train Epoch 1/10:  95%|█████████▌| 298/313 [00:06<00:00, 41.38it/s, loss=4.58]
Train Epoch 1/10:  95%|█████████▌| 298/313 [00:06<00:00, 41.38it/s, loss=4.58]
Train Epoch 1/10:  95%|█████████▌| 298/313 [00:06<00:00, 41.38it/s, loss=4.57]
Train Epoch 1/10:  95%|█████████▌| 298/313 [00:06<00:00, 41.38it/s, loss=4.58]
Train Epoch 1/10:  95%|█████████▌| 298/313 [00:06<00:00, 41.38it/s, loss=4.58]
Train Epoch 1/10:  97%|█████████▋| 303/313 [00:06<00:00, 37.38it/s, loss=4.58]
Train Epoch 1/10:  97%|█████████▋| 303/313 [00:06<00:00, 37.38it/s, loss=4.55]
Train Epoch 1/10:  97%|█████████▋| 303/313 [00:07<00:00, 37.38it/s, loss=4.6]
Train Epoch 1/10:  97%|█████████▋| 303/313 [00:07<00:00, 37.38it/s, loss=4.57]
Train Epoch 1/10:  97%|█████████▋| 303/313 [00:07<00:00, 37.38it/s, loss=4.58]
Train Epoch 1/10:  98%|█████████▊| 307/313 [00:07<00:00, 36.43it/s, loss=4.58]
Train Epoch 1/10:  98%|█████████▊| 307/313 [00:07<00:00, 36.43it/s, loss=4.59]
Train Epoch 1/10:  98%|█████████▊| 307/313 [00:07<00:00, 36.43it/s, loss=4.58]
Train Epoch 1/10:  98%|█████████▊| 307/313 [00:07<00:00, 36.43it/s, loss=4.61]
Train Epoch 1/10:  98%|█████████▊| 307/313 [00:07<00:00, 36.43it/s, loss=4.63]
Train Epoch 1/10:  99%|█████████▉| 311/313 [00:07<00:00, 36.89it/s, loss=4.63]
Train Epoch 1/10:  99%|█████████▉| 311/313 [00:07<00:00, 36.89it/s, loss=4.59]
Train Epoch 1/10:  99%|█████████▉| 311/313 [00:07<00:00, 36.89it/s, loss=4.6]
Train Epoch 1/10: 100%|██████████| 313/313 [00:07<00:00, 43.37it/s, loss=4.6]

Valid Epoch 1/10:   0%|          | 0/32 [00:00<?, ?it/s, acc=-, loss=-]
Valid Epoch 1/10:  28%|██▊       | 9/32 [00:00<00:00, 82.59it/s, acc=-, loss=-]
Valid Epoch 1/10:  59%|█████▉    | 19/32 [00:00<00:00, 91.70it/s, acc=-, loss=-]
Valid Epoch 1/10:  97%|█████████▋| 31/32 [00:00<00:00, 102.44it/s, acc=-, loss=-]
Valid Epoch 1/10: 100%|██████████| 32/32 [00:00<00:00, 102.44it/s, valid/loss=4.58, valid/accuracy=0.00925]
Valid Epoch 1/10: 100%|██████████| 32/32 [00:00<00:00, 99.04it/s, valid/loss=4.58, valid/accuracy=0.00925]

Train Epoch 2/10:   0%|          | 0/313 [00:00<?, ?it/s]
Train Epoch 2/10:   0%|          | 0/313 [00:00<?, ?it/s, loss=4.57]
Train Epoch 2/10:   0%|          | 0/313 [00:00<?, ?it/s, loss=4.59]
Train Epoch 2/10:   0%|          | 0/313 [00:00<?, ?it/s, loss=4.55]
Train Epoch 2/10:   0%|          | 0/313 [00:00<?, ?it/s, loss=4.58]
Train Epoch 2/10:   0%|          | 0/313 [00:00<?, ?it/s, loss=4.6]
Train Epoch 2/10:   0%|          | 0/313 [00:00<?, ?it/s, loss=4.61]
Train Epoch 2/10:   2%|▏         | 6/313 [00:00<00:05, 53.45it/s, loss=4.61]
Train Epoch 2/10:   2%|▏         | 6/313 [00:00<00:05, 53.45it/s, loss=4.57]
Train Epoch 2/10:   2%|▏         | 6/313 [00:00<00:05, 53.45it/s, loss=4.58]
Train Epoch 2/10:   2%|▏         | 6/313 [00:00<00:05, 53.45it/s, loss=4.58]
Train Epoch 2/10:   2%|▏         | 6/313 [00:00<00:05, 53.45it/s, loss=4.58]
Train Epoch 2/10:   2%|▏         | 6/313 [00:00<00:05, 53.45it/s, loss=4.6]
Train Epoch 2/10:   2%|▏         | 6/313 [00:00<00:05, 53.45it/s, loss=4.55]
Train Epoch 2/10:   4%|▍         | 12/313 [00:00<00:05, 53.43it/s, loss=4.55]
Train Epoch 2/10:   4%|▍         | 12/313 [00:00<00:05, 53.43it/s, loss=4.58]
Train Epoch 2/10:   4%|▍         | 12/313 [00:00<00:05, 53.43it/s, loss=4.58]
Train Epoch 2/10:   4%|▍         | 12/313 [00:00<00:05, 53.43it/s, loss=4.59]
Train Epoch 2/10:   4%|▍         | 12/313 [00:00<00:05, 53.43it/s, loss=4.57]
Train Epoch 2/10:   4%|▍         | 12/313 [00:00<00:05, 53.43it/s, loss=4.58]
Train Epoch 2/10:   4%|▍         | 12/313 [00:00<00:05, 53.43it/s, loss=4.56]
Train Epoch 2/10:   6%|▌         | 18/313 [00:00<00:05, 53.57it/s, loss=4.56]
Train Epoch 2/10:   6%|▌         | 18/313 [00:00<00:05, 53.57it/s, loss=4.59]
Train Epoch 2/10:   6%|▌         | 18/313 [00:00<00:05, 53.57it/s, loss=4.58]
Train Epoch 2/10:   6%|▌         | 18/313 [00:00<00:05, 53.57it/s, loss=4.6]
Train Epoch 2/10:   6%|▌         | 18/313 [00:00<00:05, 53.57it/s, loss=4.6]
Train Epoch 2/10:   6%|▌         | 18/313 [00:00<00:05, 53.57it/s, loss=4.59]
Train Epoch 2/10:   6%|▌         | 18/313 [00:00<00:05, 53.57it/s, loss=4.61]
Train Epoch 2/10:   8%|▊         | 24/313 [00:00<00:05, 53.62it/s, loss=4.61]
Train Epoch 2/10:   8%|▊         | 24/313 [00:00<00:05, 53.62it/s, loss=4.58]
Train Epoch 2/10:   8%|▊         | 24/313 [00:00<00:05, 53.62it/s, loss=4.58]
Train Epoch 2/10:   8%|▊         | 24/313 [00:00<00:05, 53.62it/s, loss=4.57]
Train Epoch 2/10:   8%|▊         | 24/313 [00:00<00:05, 53.62it/s, loss=4.56]
Train Epoch 2/10:   8%|▊         | 24/313 [00:00<00:05, 53.62it/s, loss=4.56]
Train Epoch 2/10:   8%|▊         | 24/313 [00:00<00:05, 53.62it/s, loss=4.57]
Train Epoch 2/10:  10%|▉         | 30/313 [00:00<00:05, 53.66it/s, loss=4.57]
Train Epoch 2/10:  10%|▉         | 30/313 [00:00<00:05, 53.66it/s, loss=4.59]
Train Epoch 2/10:  10%|▉         | 30/313 [00:00<00:05, 53.66it/s, loss=4.59]
Train Epoch 2/10:  10%|▉         | 30/313 [00:00<00:05, 53.66it/s, loss=4.59]
Train Epoch 2/10:  10%|▉         | 30/313 [00:00<00:05, 53.66it/s, loss=4.59]
Train Epoch 2/10:  10%|▉         | 30/313 [00:00<00:05, 53.66it/s, loss=4.59]
Train Epoch 2/10:  10%|▉         | 30/313 [00:00<00:05, 53.66it/s, loss=4.59]
Train Epoch 2/10:  12%|█▏        | 36/313 [00:00<00:05, 53.64it/s, loss=4.59]
Train Epoch 2/10:  12%|█▏        | 36/313 [00:00<00:05, 53.64it/s, loss=4.58]
Train Epoch 2/10:  12%|█▏        | 36/313 [00:00<00:05, 53.64it/s, loss=4.6]
Train Epoch 2/10:  12%|█▏        | 36/313 [00:00<00:05, 53.64it/s, loss=4.6]
Train Epoch 2/10:  12%|█▏        | 36/313 [00:00<00:05, 53.64it/s, loss=4.6]
Train Epoch 2/10:  12%|█▏        | 36/313 [00:00<00:05, 53.64it/s, loss=4.59]
Train Epoch 2/10:  12%|█▏        | 36/313 [00:00<00:05, 53.64it/s, loss=4.58]
Train Epoch 2/10:  13%|█▎        | 42/313 [00:00<00:05, 53.63it/s, loss=4.58]
Train Epoch 2/10:  13%|█▎        | 42/313 [00:00<00:05, 53.63it/s, loss=4.58]
Train Epoch 2/10:  13%|█▎        | 42/313 [00:00<00:05, 53.63it/s, loss=4.57]
Train Epoch 2/10:  13%|█▎        | 42/313 [00:00<00:05, 53.63it/s, loss=4.59]
Train Epoch 2/10:  13%|█▎        | 42/313 [00:00<00:05, 53.63it/s, loss=4.58]
Train Epoch 2/10:  13%|█▎        | 42/313 [00:00<00:05, 53.63it/s, loss=4.54]
Train Epoch 2/10:  13%|█▎        | 42/313 [00:00<00:05, 53.63it/s, loss=4.59]
Train Epoch 2/10:  15%|█▌        | 48/313 [00:00<00:04, 53.65it/s, loss=4.59]
Train Epoch 2/10:  15%|█▌        | 48/313 [00:00<00:04, 53.65it/s, loss=4.59]
Train Epoch 2/10:  15%|█▌        | 48/313 [00:00<00:04, 53.65it/s, loss=4.57]
Train Epoch 2/10:  15%|█▌        | 48/313 [00:00<00:04, 53.65it/s, loss=4.57]
Train Epoch 2/10:  15%|█▌        | 48/313 [00:00<00:04, 53.65it/s, loss=4.57]
Train Epoch 2/10:  15%|█▌        | 48/313 [00:00<00:04, 53.65it/s, loss=4.59]
Train Epoch 2/10:  15%|█▌        | 48/313 [00:01<00:04, 53.65it/s, loss=4.56]
Train Epoch 2/10:  17%|█▋        | 54/313 [00:01<00:04, 53.65it/s, loss=4.56]
Train Epoch 2/10:  17%|█▋        | 54/313 [00:01<00:04, 53.65it/s, loss=4.59]
Train Epoch 2/10:  17%|█▋        | 54/313 [00:01<00:04, 53.65it/s, loss=4.58]
Train Epoch 2/10:  17%|█▋        | 54/313 [00:01<00:04, 53.65it/s, loss=4.59]
Train Epoch 2/10:  17%|█▋        | 54/313 [00:01<00:04, 53.65it/s, loss=4.6]
Train Epoch 2/10:  17%|█▋        | 54/313 [00:01<00:04, 53.65it/s, loss=4.57]
Train Epoch 2/10:  17%|█▋        | 54/313 [00:01<00:04, 53.65it/s, loss=4.59]
Train Epoch 2/10:  19%|█▉        | 60/313 [00:01<00:04, 53.70it/s, loss=4.59]
Train Epoch 2/10:  19%|█▉        | 60/313 [00:01<00:04, 53.70it/s, loss=4.58]
Train Epoch 2/10:  19%|█▉        | 60/313 [00:01<00:04, 53.70it/s, loss=4.59]
Train Epoch 2/10:  19%|█▉        | 60/313 [00:01<00:04, 53.70it/s, loss=4.59]
Train Epoch 2/10:  19%|█▉        | 60/313 [00:01<00:04, 53.70it/s, loss=4.59]
Train Epoch 2/10:  19%|█▉        | 60/313 [00:01<00:04, 53.70it/s, loss=4.59]
Train Epoch 2/10:  19%|█▉        | 60/313 [00:01<00:04, 53.70it/s, loss=4.57]
Train Epoch 2/10:  21%|██        | 66/313 [00:01<00:04, 53.27it/s, loss=4.57]
Train Epoch 2/10:  21%|██        | 66/313 [00:01<00:04, 53.27it/s, loss=4.58]
Train Epoch 2/10:  21%|██        | 66/313 [00:01<00:04, 53.27it/s, loss=4.58]
Train Epoch 2/10:  21%|██        | 66/313 [00:01<00:04, 53.27it/s, loss=4.57]
Train Epoch 2/10:  21%|██        | 66/313 [00:01<00:04, 53.27it/s, loss=4.59]
Train Epoch 2/10:  21%|██        | 66/313 [00:01<00:04, 53.27it/s, loss=4.59]
Train Epoch 2/10:  21%|██        | 66/313 [00:01<00:04, 53.27it/s, loss=4.56]
Train Epoch 2/10:  23%|██▎       | 72/313 [00:01<00:04, 53.39it/s, loss=4.56]
Train Epoch 2/10:  23%|██▎       | 72/313 [00:01<00:04, 53.39it/s, loss=4.6]
Train Epoch 2/10:  23%|██▎       | 72/313 [00:01<00:04, 53.39it/s, loss=4.59]
Train Epoch 2/10:  23%|██▎       | 72/313 [00:01<00:04, 53.39it/s, loss=4.58]
Train Epoch 2/10:  23%|██▎       | 72/313 [00:01<00:04, 53.39it/s, loss=4.59]
Train Epoch 2/10:  23%|██▎       | 72/313 [00:01<00:04, 53.39it/s, loss=4.57]
Train Epoch 2/10:  23%|██▎       | 72/313 [00:01<00:04, 53.39it/s, loss=4.59]
Train Epoch 2/10:  25%|██▍       | 78/313 [00:01<00:04, 53.49it/s, loss=4.59]
Train Epoch 2/10:  25%|██▍       | 78/313 [00:01<00:04, 53.49it/s, loss=4.58]
Train Epoch 2/10:  25%|██▍       | 78/313 [00:01<00:04, 53.49it/s, loss=4.58]
Train Epoch 2/10:  25%|██▍       | 78/313 [00:01<00:04, 53.49it/s, loss=4.6]
Train Epoch 2/10:  25%|██▍       | 78/313 [00:01<00:04, 53.49it/s, loss=4.6]
Train Epoch 2/10:  25%|██▍       | 78/313 [00:01<00:04, 53.49it/s, loss=4.61]
Train Epoch 2/10:  25%|██▍       | 78/313 [00:01<00:04, 53.49it/s, loss=4.6]
Train Epoch 2/10:  27%|██▋       | 84/313 [00:01<00:04, 53.56it/s, loss=4.6]
Train Epoch 2/10:  27%|██▋       | 84/313 [00:01<00:04, 53.56it/s, loss=4.54]
Train Epoch 2/10:  27%|██▋       | 84/313 [00:01<00:04, 53.56it/s, loss=4.59]
Train Epoch 2/10:  27%|██▋       | 84/313 [00:01<00:04, 53.56it/s, loss=4.56]
Train Epoch 2/10:  27%|██▋       | 84/313 [00:01<00:04, 53.56it/s, loss=4.6]
Train Epoch 2/10:  27%|██▋       | 84/313 [00:01<00:04, 53.56it/s, loss=4.6]
Train Epoch 2/10:  27%|██▋       | 84/313 [00:01<00:04, 53.56it/s, loss=4.6]
Train Epoch 2/10:  29%|██▉       | 90/313 [00:01<00:04, 53.62it/s, loss=4.6]
Train Epoch 2/10:  29%|██▉       | 90/313 [00:01<00:04, 53.62it/s, loss=4.58]
Train Epoch 2/10:  29%|██▉       | 90/313 [00:01<00:04, 53.62it/s, loss=4.6]
Train Epoch 2/10:  29%|██▉       | 90/313 [00:01<00:04, 53.62it/s, loss=4.6]
Train Epoch 2/10:  29%|██▉       | 90/313 [00:01<00:04, 53.62it/s, loss=4.6]
Train Epoch 2/10:  29%|██▉       | 90/313 [00:01<00:04, 53.62it/s, loss=4.59]
Train Epoch 2/10:  29%|██▉       | 90/313 [00:01<00:04, 53.62it/s, loss=4.59]
Train Epoch 2/10:  31%|███       | 96/313 [00:01<00:04, 53.64it/s, loss=4.59]
Train Epoch 2/10:  31%|███       | 96/313 [00:01<00:04, 53.64it/s, loss=4.57]
Train Epoch 2/10:  31%|███       | 96/313 [00:01<00:04, 53.64it/s, loss=4.59]
Train Epoch 2/10:  31%|███       | 96/313 [00:01<00:04, 53.64it/s, loss=4.56]
Train Epoch 2/10:  31%|███       | 96/313 [00:01<00:04, 53.64it/s, loss=4.59]
Train Epoch 2/10:  31%|███       | 96/313 [00:01<00:04, 53.64it/s, loss=4.57]
Train Epoch 2/10:  31%|███       | 96/313 [00:01<00:04, 53.64it/s, loss=4.55]
Train Epoch 2/10:  33%|███▎      | 102/313 [00:01<00:03, 53.63it/s, loss=4.55]
Train Epoch 2/10:  33%|███▎      | 102/313 [00:01<00:03, 53.63it/s, loss=4.58]
Train Epoch 2/10:  33%|███▎      | 102/313 [00:01<00:03, 53.63it/s, loss=4.57]
Train Epoch 2/10:  33%|███▎      | 102/313 [00:01<00:03, 53.63it/s, loss=4.56]
Train Epoch 2/10:  33%|███▎      | 102/313 [00:01<00:03, 53.63it/s, loss=4.6]
Train Epoch 2/10:  33%|███▎      | 102/313 [00:01<00:03, 53.63it/s, loss=4.56]
Train Epoch 2/10:  33%|███▎      | 102/313 [00:02<00:03, 53.63it/s, loss=4.6]
Train Epoch 2/10:  35%|███▍      | 108/313 [00:02<00:03, 53.68it/s, loss=4.6]
Train Epoch 2/10:  35%|███▍      | 108/313 [00:02<00:03, 53.68it/s, loss=4.6]
Train Epoch 2/10:  35%|███▍      | 108/313 [00:02<00:03, 53.68it/s, loss=4.59]
Train Epoch 2/10:  35%|███▍      | 108/313 [00:02<00:03, 53.68it/s, loss=4.56]
Train Epoch 2/10:  35%|███▍      | 108/313 [00:02<00:03, 53.68it/s, loss=4.57]
Train Epoch 2/10:  35%|███▍      | 108/313 [00:02<00:03, 53.68it/s, loss=4.6]
Train Epoch 2/10:  35%|███▍      | 108/313 [00:02<00:03, 53.68it/s, loss=4.56]
Train Epoch 2/10:  36%|███▋      | 114/313 [00:02<00:03, 53.69it/s, loss=4.56]
Train Epoch 2/10:  36%|███▋      | 114/313 [00:02<00:03, 53.69it/s, loss=4.58]
Train Epoch 2/10:  36%|███▋      | 114/313 [00:02<00:03, 53.69it/s, loss=4.6]
Train Epoch 2/10:  36%|███▋      | 114/313 [00:02<00:03, 53.69it/s, loss=4.58]
Train Epoch 2/10:  36%|███▋      | 114/313 [00:02<00:03, 53.69it/s, loss=4.57]
Train Epoch 2/10:  36%|███▋      | 114/313 [00:02<00:03, 53.69it/s, loss=4.59]
Train Epoch 2/10:  36%|███▋      | 114/313 [00:02<00:03, 53.69it/s, loss=4.56]
Train Epoch 2/10:  38%|███▊      | 120/313 [00:02<00:03, 53.70it/s, loss=4.56]
Train Epoch 2/10:  38%|███▊      | 120/313 [00:02<00:03, 53.70it/s, loss=4.58]
Train Epoch 2/10:  38%|███▊      | 120/313 [00:02<00:03, 53.70it/s, loss=4.62]
Train Epoch 2/10:  38%|███▊      | 120/313 [00:02<00:03, 53.70it/s, loss=4.6]
Train Epoch 2/10:  38%|███▊      | 120/313 [00:02<00:03, 53.70it/s, loss=4.58]
Train Epoch 2/10:  38%|███▊      | 120/313 [00:02<00:03, 53.70it/s, loss=4.59]
Train Epoch 2/10:  38%|███▊      | 120/313 [00:02<00:03, 53.70it/s, loss=4.56]
Train Epoch 2/10:  40%|████      | 126/313 [00:02<00:03, 53.70it/s, loss=4.56]
Train Epoch 2/10:  40%|████      | 126/313 [00:02<00:03, 53.70it/s, loss=4.6]
Train Epoch 2/10:  40%|████      | 126/313 [00:02<00:03, 53.70it/s, loss=4.57]
Train Epoch 2/10:  40%|████      | 126/313 [00:02<00:03, 53.70it/s, loss=4.6]
Train Epoch 2/10:  40%|████      | 126/313 [00:02<00:03, 53.70it/s, loss=4.58]
Train Epoch 2/10:  40%|████      | 126/313 [00:02<00:03, 53.70it/s, loss=4.61]
Train Epoch 2/10:  40%|████      | 126/313 [00:02<00:03, 53.70it/s, loss=4.57]
Train Epoch 2/10:  42%|████▏     | 132/313 [00:02<00:03, 53.71it/s, loss=4.57]
Train Epoch 2/10:  42%|████▏     | 132/313 [00:02<00:03, 53.71it/s, loss=4.63]
Train Epoch 2/10:  42%|████▏     | 132/313 [00:02<00:03, 53.71it/s, loss=4.56]
Train Epoch 2/10:  42%|████▏     | 132/313 [00:02<00:03, 53.71it/s, loss=4.59]
Train Epoch 2/10:  42%|████▏     | 132/313 [00:02<00:03, 53.71it/s, loss=4.58]
Train Epoch 2/10:  42%|████▏     | 132/313 [00:02<00:03, 53.71it/s, loss=4.58]
Train Epoch 2/10:  42%|████▏     | 132/313 [00:02<00:03, 53.71it/s, loss=4.58]
Train Epoch 2/10:  44%|████▍     | 138/313 [00:02<00:03, 53.71it/s, loss=4.58]
Train Epoch 2/10:  44%|████▍     | 138/313 [00:02<00:03, 53.71it/s, loss=4.6]
Train Epoch 2/10:  44%|████▍     | 138/313 [00:02<00:03, 53.71it/s, loss=4.57]
Train Epoch 2/10:  44%|████▍     | 138/313 [00:02<00:03, 53.71it/s, loss=4.58]
Train Epoch 2/10:  44%|████▍     | 138/313 [00:02<00:03, 53.71it/s, loss=4.57]
Train Epoch 2/10:  44%|████▍     | 138/313 [00:02<00:03, 53.71it/s, loss=4.6]
Train Epoch 2/10:  44%|████▍     | 138/313 [00:02<00:03, 53.71it/s, loss=4.6]
Train Epoch 2/10:  46%|████▌     | 144/313 [00:02<00:03, 53.68it/s, loss=4.6]
Train Epoch 2/10:  46%|████▌     | 144/313 [00:02<00:03, 53.68it/s, loss=4.56]
Train Epoch 2/10:  46%|████▌     | 144/313 [00:02<00:03, 53.68it/s, loss=4.58]
Train Epoch 2/10:  46%|████▌     | 144/313 [00:02<00:03, 53.68it/s, loss=4.58]
Train Epoch 2/10:  46%|████▌     | 144/313 [00:02<00:03, 53.68it/s, loss=4.56]
Train Epoch 2/10:  46%|████▌     | 144/313 [00:02<00:03, 53.68it/s, loss=4.55]
Train Epoch 2/10:  46%|████▌     | 144/313 [00:02<00:03, 53.68it/s, loss=4.6]
Train Epoch 2/10:  48%|████▊     | 150/313 [00:02<00:03, 53.67it/s, loss=4.6]
Train Epoch 2/10:  48%|████▊     | 150/313 [00:02<00:03, 53.67it/s, loss=4.6]
Train Epoch 2/10:  48%|████▊     | 150/313 [00:02<00:03, 53.67it/s, loss=4.59]
Train Epoch 2/10:  48%|████▊     | 150/313 [00:02<00:03, 53.67it/s, loss=4.56]
Train Epoch 2/10:  48%|████▊     | 150/313 [00:02<00:03, 53.67it/s, loss=4.57]
Train Epoch 2/10:  48%|████▊     | 150/313 [00:02<00:03, 53.67it/s, loss=4.59]
Train Epoch 2/10:  48%|████▊     | 150/313 [00:02<00:03, 53.67it/s, loss=4.58]
Train Epoch 2/10:  50%|████▉     | 156/313 [00:02<00:02, 53.68it/s, loss=4.58]
Train Epoch 2/10:  50%|████▉     | 156/313 [00:02<00:02, 53.68it/s, loss=4.57]
Train Epoch 2/10:  50%|████▉     | 156/313 [00:02<00:02, 53.68it/s, loss=4.59]
Train Epoch 2/10:  50%|████▉     | 156/313 [00:02<00:02, 53.68it/s, loss=4.55]
Train Epoch 2/10:  50%|████▉     | 156/313 [00:02<00:02, 53.68it/s, loss=4.57]
Train Epoch 2/10:  50%|████▉     | 156/313 [00:03<00:02, 53.68it/s, loss=4.59]
Train Epoch 2/10:  50%|████▉     | 156/313 [00:03<00:02, 53.68it/s, loss=4.57]
Train Epoch 2/10:  52%|█████▏    | 162/313 [00:03<00:02, 53.70it/s, loss=4.57]
Train Epoch 2/10:  52%|█████▏    | 162/313 [00:03<00:02, 53.70it/s, loss=4.56]
Train Epoch 2/10:  52%|█████▏    | 162/313 [00:03<00:02, 53.70it/s, loss=4.61]
Train Epoch 2/10:  52%|█████▏    | 162/313 [00:03<00:02, 53.70it/s, loss=4.61]
Train Epoch 2/10:  52%|█████▏    | 162/313 [00:03<00:02, 53.70it/s, loss=4.6]
Train Epoch 2/10:  52%|█████▏    | 162/313 [00:03<00:02, 53.70it/s, loss=4.61]
Train Epoch 2/10:  52%|█████▏    | 162/313 [00:03<00:02, 53.70it/s, loss=4.57]
Train Epoch 2/10:  54%|█████▎    | 168/313 [00:03<00:02, 53.70it/s, loss=4.57]
Train Epoch 2/10:  54%|█████▎    | 168/313 [00:03<00:02, 53.70it/s, loss=4.59]
Train Epoch 2/10:  54%|█████▎    | 168/313 [00:03<00:02, 53.70it/s, loss=4.61]
Train Epoch 2/10:  54%|█████▎    | 168/313 [00:03<00:02, 53.70it/s, loss=4.57]
Train Epoch 2/10:  54%|█████▎    | 168/313 [00:03<00:02, 53.70it/s, loss=4.56]
Train Epoch 2/10:  54%|█████▎    | 168/313 [00:03<00:02, 53.70it/s, loss=4.59]
Train Epoch 2/10:  54%|█████▎    | 168/313 [00:03<00:02, 53.70it/s, loss=4.59]
Train Epoch 2/10:  56%|█████▌    | 174/313 [00:03<00:02, 53.70it/s, loss=4.59]
Train Epoch 2/10:  56%|█████▌    | 174/313 [00:03<00:02, 53.70it/s, loss=4.59]
Train Epoch 2/10:  56%|█████▌    | 174/313 [00:03<00:02, 53.70it/s, loss=4.55]
Train Epoch 2/10:  56%|█████▌    | 174/313 [00:03<00:02, 53.70it/s, loss=4.57]
Train Epoch 2/10:  56%|█████▌    | 174/313 [00:03<00:02, 53.70it/s, loss=4.59]
Train Epoch 2/10:  56%|█████▌    | 174/313 [00:03<00:02, 53.70it/s, loss=4.57]
Train Epoch 2/10:  56%|█████▌    | 174/313 [00:03<00:02, 53.70it/s, loss=4.59]
Train Epoch 2/10:  58%|█████▊    | 180/313 [00:03<00:02, 53.70it/s, loss=4.59]
Train Epoch 2/10:  58%|█████▊    | 180/313 [00:03<00:02, 53.70it/s, loss=4.57]
Train Epoch 2/10:  58%|█████▊    | 180/313 [00:03<00:02, 53.70it/s, loss=4.6]
Train Epoch 2/10:  58%|█████▊    | 180/313 [00:03<00:02, 53.70it/s, loss=4.58]
Train Epoch 2/10:  58%|█████▊    | 180/313 [00:03<00:02, 53.70it/s, loss=4.6]
Train Epoch 2/10:  58%|█████▊    | 180/313 [00:03<00:02, 53.70it/s, loss=4.6]
Train Epoch 2/10:  58%|█████▊    | 180/313 [00:03<00:02, 53.70it/s, loss=4.56]
Train Epoch 2/10:  59%|█████▉    | 186/313 [00:03<00:02, 53.68it/s, loss=4.56]
Train Epoch 2/10:  59%|█████▉    | 186/313 [00:03<00:02, 53.68it/s, loss=4.58]
Train Epoch 2/10:  59%|█████▉    | 186/313 [00:03<00:02, 53.68it/s, loss=4.57]
Train Epoch 2/10:  59%|█████▉    | 186/313 [00:03<00:02, 53.68it/s, loss=4.59]
Train Epoch 2/10:  59%|█████▉    | 186/313 [00:03<00:02, 53.68it/s, loss=4.6]
Train Epoch 2/10:  59%|█████▉    | 186/313 [00:03<00:02, 53.68it/s, loss=4.57]
Train Epoch 2/10:  59%|█████▉    | 186/313 [00:03<00:02, 53.68it/s, loss=4.57]
Train Epoch 2/10:  61%|██████▏   | 192/313 [00:03<00:02, 53.67it/s, loss=4.57]
Train Epoch 2/10:  61%|██████▏   | 192/313 [00:03<00:02, 53.67it/s, loss=4.58]
Train Epoch 2/10:  61%|██████▏   | 192/313 [00:03<00:02, 53.67it/s, loss=4.55]
Train Epoch 2/10:  61%|██████▏   | 192/313 [00:03<00:02, 53.67it/s, loss=4.56]
Train Epoch 2/10:  61%|██████▏   | 192/313 [00:03<00:02, 53.67it/s, loss=4.57]
Train Epoch 2/10:  61%|██████▏   | 192/313 [00:03<00:02, 53.67it/s, loss=4.58]
Train Epoch 2/10:  61%|██████▏   | 192/313 [00:03<00:02, 53.67it/s, loss=4.56]
Train Epoch 2/10:  63%|██████▎   | 198/313 [00:03<00:02, 53.66it/s, loss=4.56]
Train Epoch 2/10:  63%|██████▎   | 198/313 [00:03<00:02, 53.66it/s, loss=4.6]
Train Epoch 2/10:  63%|██████▎   | 198/313 [00:03<00:02, 53.66it/s, loss=4.58]
Train Epoch 2/10:  63%|██████▎   | 198/313 [00:03<00:02, 53.66it/s, loss=4.6]
Train Epoch 2/10:  63%|██████▎   | 198/313 [00:03<00:02, 53.66it/s, loss=4.57]
Train Epoch 2/10:  63%|██████▎   | 198/313 [00:03<00:02, 53.66it/s, loss=4.57]
Train Epoch 2/10:  63%|██████▎   | 198/313 [00:03<00:02, 53.66it/s, loss=4.58]
Train Epoch 2/10:  65%|██████▌   | 204/313 [00:03<00:02, 53.67it/s, loss=4.58]
Train Epoch 2/10:  65%|██████▌   | 204/313 [00:03<00:02, 53.67it/s, loss=4.59]
Train Epoch 2/10:  65%|██████▌   | 204/313 [00:03<00:02, 53.67it/s, loss=4.58]
Train Epoch 2/10:  65%|██████▌   | 204/313 [00:03<00:02, 53.67it/s, loss=4.61]
Train Epoch 2/10:  65%|██████▌   | 204/313 [00:03<00:02, 53.67it/s, loss=4.57]
Train Epoch 2/10:  65%|██████▌   | 204/313 [00:03<00:02, 53.67it/s, loss=4.58]
Train Epoch 2/10:  65%|██████▌   | 204/313 [00:03<00:02, 53.67it/s, loss=4.56]
Train Epoch 2/10:  67%|██████▋   | 210/313 [00:03<00:01, 53.60it/s, loss=4.56]
Train Epoch 2/10:  67%|██████▋   | 210/313 [00:03<00:01, 53.60it/s, loss=4.6]
Train Epoch 2/10:  67%|██████▋   | 210/313 [00:03<00:01, 53.60it/s, loss=4.58]
Train Epoch 2/10:  67%|██████▋   | 210/313 [00:03<00:01, 53.60it/s, loss=4.6]
Train Epoch 2/10:  67%|██████▋   | 210/313 [00:03<00:01, 53.60it/s, loss=4.58]
Train Epoch 2/10:  67%|██████▋   | 210/313 [00:04<00:01, 53.60it/s, loss=4.59]
Train Epoch 2/10:  67%|██████▋   | 210/313 [00:04<00:01, 53.60it/s, loss=4.57]
Train Epoch 2/10:  69%|██████▉   | 216/313 [00:04<00:01, 53.62it/s, loss=4.57]
Train Epoch 2/10:  69%|██████▉   | 216/313 [00:04<00:01, 53.62it/s, loss=4.6]
Train Epoch 2/10:  69%|██████▉   | 216/313 [00:04<00:01, 53.62it/s, loss=4.61]
Train Epoch 2/10:  69%|██████▉   | 216/313 [00:04<00:01, 53.62it/s, loss=4.59]
Train Epoch 2/10:  69%|██████▉   | 216/313 [00:04<00:01, 53.62it/s, loss=4.6]
Train Epoch 2/10:  69%|██████▉   | 216/313 [00:04<00:01, 53.62it/s, loss=4.59]
Train Epoch 2/10:  69%|██████▉   | 216/313 [00:04<00:01, 53.62it/s, loss=4.57]
Train Epoch 2/10:  71%|███████   | 222/313 [00:04<00:01, 53.64it/s, loss=4.57]
Train Epoch 2/10:  71%|███████   | 222/313 [00:04<00:01, 53.64it/s, loss=4.58]
Train Epoch 2/10:  71%|███████   | 222/313 [00:04<00:01, 53.64it/s, loss=4.56]
Train Epoch 2/10:  71%|███████   | 222/313 [00:04<00:01, 53.64it/s, loss=4.56]
Train Epoch 2/10:  71%|███████   | 222/313 [00:04<00:01, 53.64it/s, loss=4.58]
Train Epoch 2/10:  71%|███████   | 222/313 [00:04<00:01, 53.64it/s, loss=4.58]
Train Epoch 2/10:  71%|███████   | 222/313 [00:04<00:01, 53.64it/s, loss=4.59]
Train Epoch 2/10:  73%|███████▎  | 228/313 [00:04<00:01, 53.66it/s, loss=4.59]
Train Epoch 2/10:  73%|███████▎  | 228/313 [00:04<00:01, 53.66it/s, loss=4.59]
Train Epoch 2/10:  73%|███████▎  | 228/313 [00:04<00:01, 53.66it/s, loss=4.58]
Train Epoch 2/10:  73%|███████▎  | 228/313 [00:04<00:01, 53.66it/s, loss=4.6]
Train Epoch 2/10:  73%|███████▎  | 228/313 [00:04<00:01, 53.66it/s, loss=4.57]
Train Epoch 2/10:  73%|███████▎  | 228/313 [00:04<00:01, 53.66it/s, loss=4.56]
Train Epoch 2/10:  73%|███████▎  | 228/313 [00:04<00:01, 53.66it/s, loss=4.57]
Train Epoch 2/10:  75%|███████▍  | 234/313 [00:04<00:01, 53.65it/s, loss=4.57]
Train Epoch 2/10:  75%|███████▍  | 234/313 [00:04<00:01, 53.65it/s, loss=4.56]
Train Epoch 2/10:  75%|███████▍  | 234/313 [00:04<00:01, 53.65it/s, loss=4.59]
Train Epoch 2/10:  75%|███████▍  | 234/313 [00:04<00:01, 53.65it/s, loss=4.59]
Train Epoch 2/10:  75%|███████▍  | 234/313 [00:04<00:01, 53.65it/s, loss=4.58]
Train Epoch 2/10:  75%|███████▍  | 234/313 [00:04<00:01, 53.65it/s, loss=4.57]
Train Epoch 2/10:  75%|███████▍  | 234/313 [00:04<00:01, 53.65it/s, loss=4.56]
Train Epoch 2/10:  77%|███████▋  | 240/313 [00:04<00:01, 53.54it/s, loss=4.56]
Train Epoch 2/10:  77%|███████▋  | 240/313 [00:04<00:01, 53.54it/s, loss=4.58]
Train Epoch 2/10:  77%|███████▋  | 240/313 [00:04<00:01, 53.54it/s, loss=4.6]
Train Epoch 2/10:  77%|███████▋  | 240/313 [00:04<00:01, 53.54it/s, loss=4.58]
Train Epoch 2/10:  77%|███████▋  | 240/313 [00:04<00:01, 53.54it/s, loss=4.59]
Train Epoch 2/10:  77%|███████▋  | 240/313 [00:04<00:01, 53.54it/s, loss=4.57]
Train Epoch 2/10:  77%|███████▋  | 240/313 [00:04<00:01, 53.54it/s, loss=4.58]
Train Epoch 2/10:  79%|███████▊  | 246/313 [00:04<00:01, 53.57it/s, loss=4.58]
Train Epoch 2/10:  79%|███████▊  | 246/313 [00:04<00:01, 53.57it/s, loss=4.58]
Train Epoch 2/10:  79%|███████▊  | 246/313 [00:04<00:01, 53.57it/s, loss=4.55]
Train Epoch 2/10:  79%|███████▊  | 246/313 [00:04<00:01, 53.57it/s, loss=4.59]
Train Epoch 2/10:  79%|███████▊  | 246/313 [00:04<00:01, 53.57it/s, loss=4.57]
Train Epoch 2/10:  79%|███████▊  | 246/313 [00:04<00:01, 53.57it/s, loss=4.58]
Train Epoch 2/10:  79%|███████▊  | 246/313 [00:04<00:01, 53.57it/s, loss=4.6]
Train Epoch 2/10:  81%|████████  | 252/313 [00:04<00:01, 53.59it/s, loss=4.6]
Train Epoch 2/10:  81%|████████  | 252/313 [00:04<00:01, 53.59it/s, loss=4.57]
Train Epoch 2/10:  81%|████████  | 252/313 [00:04<00:01, 53.59it/s, loss=4.6]
Train Epoch 2/10:  81%|████████  | 252/313 [00:04<00:01, 53.59it/s, loss=4.57]
Train Epoch 2/10:  81%|████████  | 252/313 [00:04<00:01, 53.59it/s, loss=4.57]
Train Epoch 2/10:  81%|████████  | 252/313 [00:04<00:01, 53.59it/s, loss=4.57]
Train Epoch 2/10:  81%|████████  | 252/313 [00:04<00:01, 53.59it/s, loss=4.6]
Train Epoch 2/10:  82%|████████▏ | 258/313 [00:04<00:01, 53.60it/s, loss=4.6]
Train Epoch 2/10:  82%|████████▏ | 258/313 [00:04<00:01, 53.60it/s, loss=4.61]
Train Epoch 2/10:  82%|████████▏ | 258/313 [00:04<00:01, 53.60it/s, loss=4.6]
Train Epoch 2/10:  82%|████████▏ | 258/313 [00:04<00:01, 53.60it/s, loss=4.59]
Train Epoch 2/10:  82%|████████▏ | 258/313 [00:04<00:01, 53.60it/s, loss=4.61]
Train Epoch 2/10:  82%|████████▏ | 258/313 [00:04<00:01, 53.60it/s, loss=4.55]
Train Epoch 2/10:  82%|████████▏ | 258/313 [00:04<00:01, 53.60it/s, loss=4.58]
Train Epoch 2/10:  84%|████████▍ | 264/313 [00:04<00:00, 53.61it/s, loss=4.58]
Train Epoch 2/10:  84%|████████▍ | 264/313 [00:04<00:00, 53.61it/s, loss=4.58]
Train Epoch 2/10:  84%|████████▍ | 264/313 [00:04<00:00, 53.61it/s, loss=4.58]
Train Epoch 2/10:  84%|████████▍ | 264/313 [00:04<00:00, 53.61it/s, loss=4.56]
Train Epoch 2/10:  84%|████████▍ | 264/313 [00:04<00:00, 53.61it/s, loss=4.57]
Train Epoch 2/10:  84%|████████▍ | 264/313 [00:05<00:00, 53.61it/s, loss=4.57]
Train Epoch 2/10:  84%|████████▍ | 264/313 [00:05<00:00, 53.61it/s, loss=4.57]
Train Epoch 2/10:  86%|████████▋ | 270/313 [00:05<00:00, 53.63it/s, loss=4.57]
Train Epoch 2/10:  86%|████████▋ | 270/313 [00:05<00:00, 53.63it/s, loss=4.6]
Train Epoch 2/10:  86%|████████▋ | 270/313 [00:05<00:00, 53.63it/s, loss=4.58]
Train Epoch 2/10:  86%|████████▋ | 270/313 [00:05<00:00, 53.63it/s, loss=4.57]
Train Epoch 2/10:  86%|████████▋ | 270/313 [00:05<00:00, 53.63it/s, loss=4.6]
Train Epoch 2/10:  86%|████████▋ | 270/313 [00:05<00:00, 53.63it/s, loss=4.58]
Train Epoch 2/10:  86%|████████▋ | 270/313 [00:05<00:00, 53.63it/s, loss=4.57]
Train Epoch 2/10:  88%|████████▊ | 276/313 [00:05<00:00, 53.65it/s, loss=4.57]
Train Epoch 2/10:  88%|████████▊ | 276/313 [00:05<00:00, 53.65it/s, loss=4.57]
Train Epoch 2/10:  88%|████████▊ | 276/313 [00:05<00:00, 53.65it/s, loss=4.57]
Train Epoch 2/10:  88%|████████▊ | 276/313 [00:05<00:00, 53.65it/s, loss=4.56]
Train Epoch 2/10:  88%|████████▊ | 276/313 [00:05<00:00, 53.65it/s, loss=4.59]
Train Epoch 2/10:  88%|████████▊ | 276/313 [00:05<00:00, 53.65it/s, loss=4.59]
Train Epoch 2/10:  88%|████████▊ | 276/313 [00:05<00:00, 53.65it/s, loss=4.59]
Train Epoch 2/10:  90%|█████████ | 282/313 [00:05<00:00, 53.68it/s, loss=4.59]
Train Epoch 2/10:  90%|█████████ | 282/313 [00:05<00:00, 53.68it/s, loss=4.58]
Train Epoch 2/10:  90%|█████████ | 282/313 [00:05<00:00, 53.68it/s, loss=4.57]
Train Epoch 2/10:  90%|█████████ | 282/313 [00:05<00:00, 53.68it/s, loss=4.59]
Train Epoch 2/10:  90%|█████████ | 282/313 [00:05<00:00, 53.68it/s, loss=4.55]
Train Epoch 2/10:  90%|█████████ | 282/313 [00:05<00:00, 53.68it/s, loss=4.56]
Train Epoch 2/10:  90%|█████████ | 282/313 [00:05<00:00, 53.68it/s, loss=4.62]
Train Epoch 2/10:  92%|█████████▏| 288/313 [00:05<00:00, 53.68it/s, loss=4.62]
Train Epoch 2/10:  92%|█████████▏| 288/313 [00:05<00:00, 53.68it/s, loss=4.59]
Train Epoch 2/10:  92%|█████████▏| 288/313 [00:05<00:00, 53.68it/s, loss=4.58]
Train Epoch 2/10:  92%|█████████▏| 288/313 [00:05<00:00, 53.68it/s, loss=4.58]
Train Epoch 2/10:  92%|█████████▏| 288/313 [00:05<00:00, 53.68it/s, loss=4.61]
Train Epoch 2/10:  92%|█████████▏| 288/313 [00:05<00:00, 53.68it/s, loss=4.61]
Train Epoch 2/10:  92%|█████████▏| 288/313 [00:05<00:00, 53.68it/s, loss=4.58]
Train Epoch 2/10:  94%|█████████▍| 294/313 [00:05<00:00, 53.72it/s, loss=4.58]
Train Epoch 2/10:  94%|█████████▍| 294/313 [00:05<00:00, 53.72it/s, loss=4.62]
Train Epoch 2/10:  94%|█████████▍| 294/313 [00:05<00:00, 53.72it/s, loss=4.56]
Train Epoch 2/10:  94%|█████████▍| 294/313 [00:05<00:00, 53.72it/s, loss=4.58]
Train Epoch 2/10:  94%|█████████▍| 294/313 [00:05<00:00, 53.72it/s, loss=4.6]
Train Epoch 2/10:  94%|█████████▍| 294/313 [00:05<00:00, 53.72it/s, loss=4.57]
Train Epoch 2/10:  94%|█████████▍| 294/313 [00:05<00:00, 53.72it/s, loss=4.58]
Train Epoch 2/10:  96%|█████████▌| 300/313 [00:05<00:00, 53.70it/s, loss=4.58]
Train Epoch 2/10:  96%|█████████▌| 300/313 [00:05<00:00, 53.70it/s, loss=4.56]
Train Epoch 2/10:  96%|█████████▌| 300/313 [00:05<00:00, 53.70it/s, loss=4.57]
Train Epoch 2/10:  96%|█████████▌| 300/313 [00:05<00:00, 53.70it/s, loss=4.57]
Train Epoch 2/10:  96%|█████████▌| 300/313 [00:05<00:00, 53.70it/s, loss=4.56]
Train Epoch 2/10:  96%|█████████▌| 300/313 [00:05<00:00, 53.70it/s, loss=4.59]
Train Epoch 2/10:  96%|█████████▌| 300/313 [00:05<00:00, 53.70it/s, loss=4.58]
Train Epoch 2/10:  98%|█████████▊| 306/313 [00:05<00:00, 53.70it/s, loss=4.58]
Train Epoch 2/10:  98%|█████████▊| 306/313 [00:05<00:00, 53.70it/s, loss=4.58]
Train Epoch 2/10:  98%|█████████▊| 306/313 [00:05<00:00, 53.70it/s, loss=4.58]
Train Epoch 2/10:  98%|█████████▊| 306/313 [00:05<00:00, 53.70it/s, loss=4.56]
Train Epoch 2/10:  98%|█████████▊| 306/313 [00:05<00:00, 53.70it/s, loss=4.6]
Train Epoch 2/10:  98%|█████████▊| 306/313 [00:05<00:00, 53.70it/s, loss=4.61]
Train Epoch 2/10:  98%|█████████▊| 306/313 [00:05<00:00, 53.70it/s, loss=4.59]
Train Epoch 2/10: 100%|█████████▉| 312/313 [00:05<00:00, 53.71it/s, loss=4.59]
Train Epoch 2/10: 100%|█████████▉| 312/313 [00:05<00:00, 53.71it/s, loss=4.6]
Train Epoch 2/10: 100%|██████████| 313/313 [00:05<00:00, 53.64it/s, loss=4.6]

Valid Epoch 2/10:   0%|          | 0/32 [00:00<?, ?it/s, acc=-, loss=-]
Valid Epoch 2/10:  38%|███▊      | 12/32 [00:00<00:00, 116.29it/s, acc=-, loss=-]
Valid Epoch 2/10:  75%|███████▌  | 24/32 [00:00<00:00, 116.39it/s, acc=-, loss=-]
Valid Epoch 2/10: 100%|██████████| 32/32 [00:00<00:00, 116.39it/s, valid/loss=4.58, valid/accuracy=0.00975]
Valid Epoch 2/10: 100%|██████████| 32/32 [00:00<00:00, 116.59it/s, valid/loss=4.58, valid/accuracy=0.00975]

Train Epoch 3/10:   0%|          | 0/313 [00:00<?, ?it/s]
Train Epoch 3/10:   0%|          | 0/313 [00:00<?, ?it/s, loss=4.57]
Train Epoch 3/10:   0%|          | 0/313 [00:00<?, ?it/s, loss=4.59]
Train Epoch 3/10:   0%|          | 0/313 [00:00<?, ?it/s, loss=4.54]
Train Epoch 3/10:   0%|          | 0/313 [00:00<?, ?it/s, loss=4.58]
Train Epoch 3/10:   0%|          | 0/313 [00:00<?, ?it/s, loss=4.6]
Train Epoch 3/10:   0%|          | 0/313 [00:00<?, ?it/s, loss=4.6]
Train Epoch 3/10:   2%|▏         | 6/313 [00:00<00:05, 53.73it/s, loss=4.6]
Train Epoch 3/10:   2%|▏         | 6/313 [00:00<00:05, 53.73it/s, loss=4.57]
Train Epoch 3/10:   2%|▏         | 6/313 [00:00<00:05, 53.73it/s, loss=4.58]
Train Epoch 3/10:   2%|▏         | 6/313 [00:00<00:05, 53.73it/s, loss=4.57]
Train Epoch 3/10:   2%|▏         | 6/313 [00:00<00:05, 53.73it/s, loss=4.57]
Train Epoch 3/10:   2%|▏         | 6/313 [00:00<00:05, 53.73it/s, loss=4.59]
Train Epoch 3/10:   2%|▏         | 6/313 [00:00<00:05, 53.73it/s, loss=4.56]
Train Epoch 3/10:   4%|▍         | 12/313 [00:00<00:05, 53.73it/s, loss=4.56]
Train Epoch 3/10:   4%|▍         | 12/313 [00:00<00:05, 53.73it/s, loss=4.58]
Train Epoch 3/10:   4%|▍         | 12/313 [00:00<00:05, 53.73it/s, loss=4.57]
Train Epoch 3/10:   4%|▍         | 12/313 [00:00<00:05, 53.73it/s, loss=4.59]
Train Epoch 3/10:   4%|▍         | 12/313 [00:00<00:05, 53.73it/s, loss=4.57]
Train Epoch 3/10:   4%|▍         | 12/313 [00:00<00:05, 53.73it/s, loss=4.57]
Train Epoch 3/10:   4%|▍         | 12/313 [00:00<00:05, 53.73it/s, loss=4.56]
Train Epoch 3/10:   6%|▌         | 18/313 [00:00<00:05, 53.75it/s, loss=4.56]
Train Epoch 3/10:   6%|▌         | 18/313 [00:00<00:05, 53.75it/s, loss=4.58]
Train Epoch 3/10:   6%|▌         | 18/313 [00:00<00:05, 53.75it/s, loss=4.58]
Train Epoch 3/10:   6%|▌         | 18/313 [00:00<00:05, 53.75it/s, loss=4.59]
Train Epoch 3/10:   6%|▌         | 18/313 [00:00<00:05, 53.75it/s, loss=4.59]
Train Epoch 3/10:   6%|▌         | 18/313 [00:00<00:05, 53.75it/s, loss=4.59]
Train Epoch 3/10:   6%|▌         | 18/313 [00:00<00:05, 53.75it/s, loss=4.59]
Train Epoch 3/10:   8%|▊         | 24/313 [00:00<00:05, 53.76it/s, loss=4.59]
Train Epoch 3/10:   8%|▊         | 24/313 [00:00<00:05, 53.76it/s, loss=4.57]
Train Epoch 3/10:   8%|▊         | 24/313 [00:00<00:05, 53.76it/s, loss=4.58]
Train Epoch 3/10:   8%|▊         | 24/313 [00:00<00:05, 53.76it/s, loss=4.56]
Train Epoch 3/10:   8%|▊         | 24/313 [00:00<00:05, 53.76it/s, loss=4.56]
Train Epoch 3/10:   8%|▊         | 24/313 [00:00<00:05, 53.76it/s, loss=4.56]
Train Epoch 3/10:   8%|▊         | 24/313 [00:00<00:05, 53.76it/s, loss=4.57]
Train Epoch 3/10:  10%|▉         | 30/313 [00:00<00:05, 53.74it/s, loss=4.57]
Train Epoch 3/10:  10%|▉         | 30/313 [00:00<00:05, 53.74it/s, loss=4.58]
Train Epoch 3/10:  10%|▉         | 30/313 [00:00<00:05, 53.74it/s, loss=4.58]
Train Epoch 3/10:  10%|▉         | 30/313 [00:00<00:05, 53.74it/s, loss=4.59]
Train Epoch 3/10:  10%|▉         | 30/313 [00:00<00:05, 53.74it/s, loss=4.58]
Train Epoch 3/10:  10%|▉         | 30/313 [00:00<00:05, 53.74it/s, loss=4.58]
Train Epoch 3/10:  10%|▉         | 30/313 [00:00<00:05, 53.74it/s, loss=4.58]
Train Epoch 3/10:  12%|█▏        | 36/313 [00:00<00:05, 53.72it/s, loss=4.58]
Train Epoch 3/10:  12%|█▏        | 36/313 [00:00<00:05, 53.72it/s, loss=4.59]
Train Epoch 3/10:  12%|█▏        | 36/313 [00:00<00:05, 53.72it/s, loss=4.59]
Train Epoch 3/10:  12%|█▏        | 36/313 [00:00<00:05, 53.72it/s, loss=4.59]
Train Epoch 3/10:  12%|█▏        | 36/313 [00:00<00:05, 53.72it/s, loss=4.59]
Train Epoch 3/10:  12%|█▏        | 36/313 [00:00<00:05, 53.72it/s, loss=4.59]
Train Epoch 3/10:  12%|█▏        | 36/313 [00:00<00:05, 53.72it/s, loss=4.58]
Train Epoch 3/10:  13%|█▎        | 42/313 [00:00<00:05, 53.72it/s, loss=4.58]
Train Epoch 3/10:  13%|█▎        | 42/313 [00:00<00:05, 53.72it/s, loss=4.58]
Train Epoch 3/10:  13%|█▎        | 42/313 [00:00<00:05, 53.72it/s, loss=4.56]
Train Epoch 3/10:  13%|█▎        | 42/313 [00:00<00:05, 53.72it/s, loss=4.59]
Train Epoch 3/10:  13%|█▎        | 42/313 [00:00<00:05, 53.72it/s, loss=4.58]
Train Epoch 3/10:  13%|█▎        | 42/313 [00:00<00:05, 53.72it/s, loss=4.54]
Train Epoch 3/10:  13%|█▎        | 42/313 [00:00<00:05, 53.72it/s, loss=4.58]
Train Epoch 3/10:  15%|█▌        | 48/313 [00:00<00:04, 53.73it/s, loss=4.58]
Train Epoch 3/10:  15%|█▌        | 48/313 [00:00<00:04, 53.73it/s, loss=4.58]
Train Epoch 3/10:  15%|█▌        | 48/313 [00:00<00:04, 53.73it/s, loss=4.57]
Train Epoch 3/10:  15%|█▌        | 48/313 [00:00<00:04, 53.73it/s, loss=4.57]
Train Epoch 3/10:  15%|█▌        | 48/313 [00:00<00:04, 53.73it/s, loss=4.57]
Train Epoch 3/10:  15%|█▌        | 48/313 [00:00<00:04, 53.73it/s, loss=4.58]
Train Epoch 3/10:  15%|█▌        | 48/313 [00:01<00:04, 53.73it/s, loss=4.56]
Train Epoch 3/10:  17%|█▋        | 54/313 [00:01<00:04, 53.72it/s, loss=4.56]
Train Epoch 3/10:  17%|█▋        | 54/313 [00:01<00:04, 53.72it/s, loss=4.58]
Train Epoch 3/10:  17%|█▋        | 54/313 [00:01<00:04, 53.72it/s, loss=4.57]
Train Epoch 3/10:  17%|█▋        | 54/313 [00:01<00:04, 53.72it/s, loss=4.59]
Train Epoch 3/10:  17%|█▋        | 54/313 [00:01<00:04, 53.72it/s, loss=4.59]
Train Epoch 3/10:  17%|█▋        | 54/313 [00:01<00:04, 53.72it/s, loss=4.57]
Train Epoch 3/10:  17%|█▋        | 54/313 [00:01<00:04, 53.72it/s, loss=4.58]
Train Epoch 3/10:  19%|█▉        | 60/313 [00:01<00:04, 53.71it/s, loss=4.58]
Train Epoch 3/10:  19%|█▉        | 60/313 [00:01<00:04, 53.71it/s, loss=4.58]
Train Epoch 3/10:  19%|█▉        | 60/313 [00:01<00:04, 53.71it/s, loss=4.58]
Train Epoch 3/10:  19%|█▉        | 60/313 [00:01<00:04, 53.71it/s, loss=4.58]
Train Epoch 3/10:  19%|█▉        | 60/313 [00:01<00:04, 53.71it/s, loss=4.59]
Train Epoch 3/10:  19%|█▉        | 60/313 [00:01<00:04, 53.71it/s, loss=4.58]
Train Epoch 3/10:  19%|█▉        | 60/313 [00:01<00:04, 53.71it/s, loss=4.57]
Train Epoch 3/10:  21%|██        | 66/313 [00:01<00:04, 53.70it/s, loss=4.57]
Train Epoch 3/10:  21%|██        | 66/313 [00:01<00:04, 53.70it/s, loss=4.58]
Train Epoch 3/10:  21%|██        | 66/313 [00:01<00:04, 53.70it/s, loss=4.57]
Train Epoch 3/10:  21%|██        | 66/313 [00:01<00:04, 53.70it/s, loss=4.57]
Train Epoch 3/10:  21%|██        | 66/313 [00:01<00:04, 53.70it/s, loss=4.58]
Train Epoch 3/10:  21%|██        | 66/313 [00:01<00:04, 53.70it/s, loss=4.58]
Train Epoch 3/10:  21%|██        | 66/313 [00:01<00:04, 53.70it/s, loss=4.56]
Train Epoch 3/10:  23%|██▎       | 72/313 [00:01<00:04, 53.66it/s, loss=4.56]
Train Epoch 3/10:  23%|██▎       | 72/313 [00:01<00:04, 53.66it/s, loss=4.6]
Train Epoch 3/10:  23%|██▎       | 72/313 [00:01<00:04, 53.66it/s, loss=4.58]
Train Epoch 3/10:  23%|██▎       | 72/313 [00:01<00:04, 53.66it/s, loss=4.58]
Train Epoch 3/10:  23%|██▎       | 72/313 [00:01<00:04, 53.66it/s, loss=4.59]
Train Epoch 3/10:  23%|██▎       | 72/313 [00:01<00:04, 53.66it/s, loss=4.57]
Train Epoch 3/10:  23%|██▎       | 72/313 [00:01<00:04, 53.66it/s, loss=4.58]
Train Epoch 3/10:  25%|██▍       | 78/313 [00:01<00:04, 53.55it/s, loss=4.58]
Train Epoch 3/10:  25%|██▍       | 78/313 [00:01<00:04, 53.55it/s, loss=4.57]
Train Epoch 3/10:  25%|██▍       | 78/313 [00:01<00:04, 53.55it/s, loss=4.57]
Train Epoch 3/10:  25%|██▍       | 78/313 [00:01<00:04, 53.55it/s, loss=4.58]
Train Epoch 3/10:  25%|██▍       | 78/313 [00:01<00:04, 53.55it/s, loss=4.59]
Train Epoch 3/10:  25%|██▍       | 78/313 [00:01<00:04, 53.55it/s, loss=4.59]
Train Epoch 3/10:  25%|██▍       | 78/313 [00:01<00:04, 53.55it/s, loss=4.6]
Train Epoch 3/10:  27%|██▋       | 84/313 [00:01<00:04, 53.61it/s, loss=4.6]
Train Epoch 3/10:  27%|██▋       | 84/313 [00:01<00:04, 53.61it/s, loss=4.54]
Train Epoch 3/10:  27%|██▋       | 84/313 [00:01<00:04, 53.61it/s, loss=4.57]
Train Epoch 3/10:  27%|██▋       | 84/313 [00:01<00:04, 53.61it/s, loss=4.56]
Train Epoch 3/10:  27%|██▋       | 84/313 [00:01<00:04, 53.61it/s, loss=4.59]
Train Epoch 3/10:  27%|██▋       | 84/313 [00:01<00:04, 53.61it/s, loss=4.59]
Train Epoch 3/10:  27%|██▋       | 84/313 [00:01<00:04, 53.61it/s, loss=4.59]
Train Epoch 3/10:  29%|██▉       | 90/313 [00:01<00:04, 53.36it/s, loss=4.59]
Train Epoch 3/10:  29%|██▉       | 90/313 [00:01<00:04, 53.36it/s, loss=4.57]
Train Epoch 3/10:  29%|██▉       | 90/313 [00:01<00:04, 53.36it/s, loss=4.58]
Train Epoch 3/10:  29%|██▉       | 90/313 [00:01<00:04, 53.36it/s, loss=4.59]
Train Epoch 3/10:  29%|██▉       | 90/313 [00:01<00:04, 53.36it/s, loss=4.59]
Train Epoch 3/10:  29%|██▉       | 90/313 [00:01<00:04, 53.36it/s, loss=4.59]
Train Epoch 3/10:  29%|██▉       | 90/313 [00:01<00:04, 53.36it/s, loss=4.58]
Train Epoch 3/10:  31%|███       | 96/313 [00:01<00:05, 42.27it/s, loss=4.58]
Train Epoch 3/10:  31%|███       | 96/313 [00:01<00:05, 42.27it/s, loss=4.57]
Train Epoch 3/10:  31%|███       | 96/313 [00:01<00:05, 42.27it/s, loss=4.59]
Train Epoch 3/10:  31%|███       | 96/313 [00:01<00:05, 42.27it/s, loss=4.56]
Train Epoch 3/10:  31%|███       | 96/313 [00:02<00:05, 42.27it/s, loss=4.59]
Train Epoch 3/10:  31%|███       | 96/313 [00:02<00:05, 42.27it/s, loss=4.57]
Train Epoch 3/10:  32%|███▏      | 101/313 [00:02<00:05, 36.41it/s, loss=4.57]
Train Epoch 3/10:  32%|███▏      | 101/313 [00:02<00:05, 36.41it/s, loss=4.54]
Train Epoch 3/10:  32%|███▏      | 101/313 [00:02<00:05, 36.41it/s, loss=4.57]
Train Epoch 3/10:  32%|███▏      | 101/313 [00:02<00:05, 36.41it/s, loss=4.57]
Train Epoch 3/10:  32%|███▏      | 101/313 [00:02<00:05, 36.41it/s, loss=4.56]
Train Epoch 3/10:  34%|███▎      | 105/313 [00:02<00:06, 33.66it/s, loss=4.56]
Train Epoch 3/10:  34%|███▎      | 105/313 [00:02<00:06, 33.66it/s, loss=4.59]
Train Epoch 3/10:  34%|███▎      | 105/313 [00:02<00:06, 33.66it/s, loss=4.56]
Train Epoch 3/10:  34%|███▎      | 105/313 [00:02<00:06, 33.66it/s, loss=4.6]
Train Epoch 3/10:  34%|███▎      | 105/313 [00:02<00:06, 33.66it/s, loss=4.6]
Train Epoch 3/10:  35%|███▍      | 109/313 [00:02<00:06, 33.22it/s, loss=4.6]
Train Epoch 3/10:  35%|███▍      | 109/313 [00:02<00:06, 33.22it/s, loss=4.58]
Train Epoch 3/10:  35%|███▍      | 109/313 [00:02<00:06, 33.22it/s, loss=4.56]
Train Epoch 3/10:  35%|███▍      | 109/313 [00:02<00:06, 33.22it/s, loss=4.56]
Train Epoch 3/10:  35%|███▍      | 109/313 [00:02<00:06, 33.22it/s, loss=4.59]
Train Epoch 3/10:  36%|███▌      | 113/313 [00:02<00:06, 32.66it/s, loss=4.59]
Train Epoch 3/10:  36%|███▌      | 113/313 [00:02<00:06, 32.66it/s, loss=4.56]
Train Epoch 3/10:  36%|███▌      | 113/313 [00:02<00:06, 32.66it/s, loss=4.58]
Train Epoch 3/10:  36%|███▌      | 113/313 [00:02<00:06, 32.66it/s, loss=4.6]
Train Epoch 3/10:  36%|███▌      | 113/313 [00:02<00:06, 32.66it/s, loss=4.58]
Train Epoch 3/10:  36%|███▌      | 113/313 [00:02<00:06, 32.66it/s, loss=4.57]
Train Epoch 3/10:  38%|███▊      | 118/313 [00:02<00:05, 35.12it/s, loss=4.57]
Train Epoch 3/10:  38%|███▊      | 118/313 [00:02<00:05, 35.12it/s, loss=4.58]
Train Epoch 3/10:  38%|███▊      | 118/313 [00:02<00:05, 35.12it/s, loss=4.56]
Train Epoch 3/10:  38%|███▊      | 118/313 [00:02<00:05, 35.12it/s, loss=4.58]
Train Epoch 3/10:  38%|███▊      | 118/313 [00:02<00:05, 35.12it/s, loss=4.61]
Train Epoch 3/10:  39%|███▉      | 122/313 [00:02<00:05, 35.59it/s, loss=4.61]
Train Epoch 3/10:  39%|███▉      | 122/313 [00:02<00:05, 35.59it/s, loss=4.59]
Train Epoch 3/10:  39%|███▉      | 122/313 [00:02<00:05, 35.59it/s, loss=4.57]
Train Epoch 3/10:  39%|███▉      | 122/313 [00:02<00:05, 35.59it/s, loss=4.58]
Train Epoch 3/10:  39%|███▉      | 122/313 [00:02<00:05, 35.59it/s, loss=4.56]
Train Epoch 3/10:  40%|████      | 126/313 [00:02<00:05, 34.22it/s, loss=4.56]
Train Epoch 3/10:  40%|████      | 126/313 [00:02<00:05, 34.22it/s, loss=4.59]
Train Epoch 3/10:  40%|████      | 126/313 [00:02<00:05, 34.22it/s, loss=4.57]
Train Epoch 3/10:  40%|████      | 126/313 [00:02<00:05, 34.22it/s, loss=4.58]
Train Epoch 3/10:  40%|████      | 126/313 [00:02<00:05, 34.22it/s, loss=4.57]
Train Epoch 3/10:  42%|████▏     | 130/313 [00:02<00:05, 34.95it/s, loss=4.57]
Train Epoch 3/10:  42%|████▏     | 130/313 [00:02<00:05, 34.95it/s, loss=4.59]
Train Epoch 3/10:  42%|████▏     | 130/313 [00:02<00:05, 34.95it/s, loss=4.57]
Train Epoch 3/10:  42%|████▏     | 130/313 [00:03<00:05, 34.95it/s, loss=4.61]
Train Epoch 3/10:  42%|████▏     | 130/313 [00:03<00:05, 34.95it/s, loss=4.56]
Train Epoch 3/10:  43%|████▎     | 134/313 [00:03<00:04, 36.12it/s, loss=4.56]
Train Epoch 3/10:  43%|████▎     | 134/313 [00:03<00:04, 36.12it/s, loss=4.58]
Train Epoch 3/10:  43%|████▎     | 134/313 [00:03<00:04, 36.12it/s, loss=4.57]
Train Epoch 3/10:  43%|████▎     | 134/313 [00:03<00:04, 36.12it/s, loss=4.58]
Train Epoch 3/10:  43%|████▎     | 134/313 [00:03<00:04, 36.12it/s, loss=4.58]
Train Epoch 3/10:  43%|████▎     | 134/313 [00:03<00:04, 36.12it/s, loss=4.6]
Train Epoch 3/10:  44%|████▍     | 139/313 [00:03<00:04, 37.92it/s, loss=4.6]
Train Epoch 3/10:  44%|████▍     | 139/313 [00:03<00:04, 37.92it/s, loss=4.58]
Train Epoch 3/10:  44%|████▍     | 139/313 [00:03<00:04, 37.92it/s, loss=4.58]
Train Epoch 3/10:  44%|████▍     | 139/313 [00:03<00:04, 37.92it/s, loss=4.57]
Train Epoch 3/10:  44%|████▍     | 139/313 [00:03<00:04, 37.92it/s, loss=4.59]
Train Epoch 3/10:  44%|████▍     | 139/313 [00:03<00:04, 37.92it/s, loss=4.59]
Train Epoch 3/10:  46%|████▌     | 144/313 [00:03<00:04, 39.55it/s, loss=4.59]
Train Epoch 3/10:  46%|████▌     | 144/313 [00:03<00:04, 39.55it/s, loss=4.56]
Train Epoch 3/10:  46%|████▌     | 144/313 [00:03<00:04, 39.55it/s, loss=4.61]
Train Epoch 3/10:  46%|████▌     | 144/313 [00:03<00:04, 39.55it/s, loss=4.58]
Train Epoch 3/10:  46%|████▌     | 144/313 [00:03<00:04, 39.55it/s, loss=4.57]
Train Epoch 3/10:  46%|████▌     | 144/313 [00:03<00:04, 39.55it/s, loss=4.55]
Train Epoch 3/10:  48%|████▊     | 149/313 [00:03<00:04, 40.70it/s, loss=4.55]
Train Epoch 3/10:  48%|████▊     | 149/313 [00:03<00:04, 40.70it/s, loss=4.58]
Train Epoch 3/10:  48%|████▊     | 149/313 [00:03<00:04, 40.70it/s, loss=4.58]
Train Epoch 3/10:  48%|████▊     | 149/313 [00:03<00:04, 40.70it/s, loss=4.57]
Train Epoch 3/10:  48%|████▊     | 149/313 [00:03<00:04, 40.70it/s, loss=4.56]
Train Epoch 3/10:  48%|████▊     | 149/313 [00:03<00:04, 40.70it/s, loss=4.57]
Train Epoch 3/10:  49%|████▉     | 154/313 [00:03<00:03, 42.13it/s, loss=4.57]
Train Epoch 3/10:  49%|████▉     | 154/313 [00:03<00:03, 42.13it/s, loss=4.58]
Train Epoch 3/10:  49%|████▉     | 154/313 [00:03<00:03, 42.13it/s, loss=4.57]
Train Epoch 3/10:  49%|████▉     | 154/313 [00:03<00:03, 42.13it/s, loss=4.57]
Train Epoch 3/10:  49%|████▉     | 154/313 [00:03<00:03, 42.13it/s, loss=4.58]
Train Epoch 3/10:  49%|████▉     | 154/313 [00:03<00:03, 42.13it/s, loss=4.55]
Train Epoch 3/10:  51%|█████     | 159/313 [00:03<00:03, 43.31it/s, loss=4.55]
Train Epoch 3/10:  51%|█████     | 159/313 [00:03<00:03, 43.31it/s, loss=4.56]
Train Epoch 3/10:  51%|█████     | 159/313 [00:03<00:03, 43.31it/s, loss=4.58]
Train Epoch 3/10:  51%|█████     | 159/313 [00:03<00:03, 43.31it/s, loss=4.56]
Train Epoch 3/10:  51%|█████     | 159/313 [00:03<00:03, 43.31it/s, loss=4.55]
Train Epoch 3/10:  51%|█████     | 159/313 [00:03<00:03, 43.31it/s, loss=4.61]
Train Epoch 3/10:  52%|█████▏    | 164/313 [00:03<00:03, 44.32it/s, loss=4.61]
Train Epoch 3/10:  52%|█████▏    | 164/313 [00:03<00:03, 44.32it/s, loss=4.59]
Train Epoch 3/10:  52%|█████▏    | 164/313 [00:03<00:03, 44.32it/s, loss=4.59]
Train Epoch 3/10:  52%|█████▏    | 164/313 [00:03<00:03, 44.32it/s, loss=4.6]
Train Epoch 3/10:  52%|█████▏    | 164/313 [00:03<00:03, 44.32it/s, loss=4.58]
Train Epoch 3/10:  52%|█████▏    | 164/313 [00:03<00:03, 44.32it/s, loss=4.59]
Train Epoch 3/10:  54%|█████▍    | 169/313 [00:03<00:03, 45.30it/s, loss=4.59]
Train Epoch 3/10:  54%|█████▍    | 169/313 [00:03<00:03, 45.30it/s, loss=4.61]
Train Epoch 3/10:  54%|█████▍    | 169/313 [00:03<00:03, 45.30it/s, loss=4.57]
Train Epoch 3/10:  54%|█████▍    | 169/313 [00:03<00:03, 45.30it/s, loss=4.56]
Train Epoch 3/10:  54%|█████▍    | 169/313 [00:03<00:03, 45.30it/s, loss=4.58]
Train Epoch 3/10:  54%|█████▍    | 169/313 [00:03<00:03, 45.30it/s, loss=4.58]
Train Epoch 3/10:  56%|█████▌    | 174/313 [00:03<00:03, 46.00it/s, loss=4.58]
Train Epoch 3/10:  56%|█████▌    | 174/313 [00:03<00:03, 46.00it/s, loss=4.59]
Train Epoch 3/10:  56%|█████▌    | 174/313 [00:03<00:03, 46.00it/s, loss=4.55]
Train Epoch 3/10:  56%|█████▌    | 174/313 [00:03<00:03, 46.00it/s, loss=4.57]
Train Epoch 3/10:  56%|█████▌    | 174/313 [00:04<00:03, 46.00it/s, loss=4.58]
Train Epoch 3/10:  56%|█████▌    | 174/313 [00:04<00:03, 46.00it/s, loss=4.57]
Train Epoch 3/10:  57%|█████▋    | 179/313 [00:04<00:02, 46.56it/s, loss=4.57]
Train Epoch 3/10:  57%|█████▋    | 179/313 [00:04<00:02, 46.56it/s, loss=4.59]
Train Epoch 3/10:  57%|█████▋    | 179/313 [00:04<00:02, 46.56it/s, loss=4.57]
Train Epoch 3/10:  57%|█████▋    | 179/313 [00:04<00:02, 46.56it/s, loss=4.59]
Train Epoch 3/10:  57%|█████▋    | 179/313 [00:04<00:02, 46.56it/s, loss=4.57]
Train Epoch 3/10:  57%|█████▋    | 179/313 [00:04<00:02, 46.56it/s, loss=4.6]
Train Epoch 3/10:  59%|█████▉    | 184/313 [00:04<00:02, 46.96it/s, loss=4.6]
Train Epoch 3/10:  59%|█████▉    | 184/313 [00:04<00:02, 46.96it/s, loss=4.6]
Train Epoch 3/10:  59%|█████▉    | 184/313 [00:04<00:02, 46.96it/s, loss=4.56]
Train Epoch 3/10:  59%|█████▉    | 184/313 [00:04<00:02, 46.96it/s, loss=4.58]
Train Epoch 3/10:  59%|█████▉    | 184/313 [00:04<00:02, 46.96it/s, loss=4.58]
Train Epoch 3/10:  59%|█████▉    | 184/313 [00:04<00:02, 46.96it/s, loss=4.58]
Train Epoch 3/10:  60%|██████    | 189/313 [00:04<00:02, 47.61it/s, loss=4.58]
Train Epoch 3/10:  60%|██████    | 189/313 [00:04<00:02, 47.61it/s, loss=4.58]
Train Epoch 3/10:  60%|██████    | 189/313 [00:04<00:02, 47.61it/s, loss=4.56]
Train Epoch 3/10:  60%|██████    | 189/313 [00:04<00:02, 47.61it/s, loss=4.57]
Train Epoch 3/10:  60%|██████    | 189/313 [00:04<00:02, 47.61it/s, loss=4.57]
Train Epoch 3/10:  60%|██████    | 189/313 [00:04<00:02, 47.61it/s, loss=4.55]
Train Epoch 3/10:  62%|██████▏   | 194/313 [00:04<00:02, 44.10it/s, loss=4.55]
Train Epoch 3/10:  62%|██████▏   | 194/313 [00:04<00:02, 44.10it/s, loss=4.56]
Train Epoch 3/10:  62%|██████▏   | 194/313 [00:04<00:02, 44.10it/s, loss=4.57]
Train Epoch 3/10:  62%|██████▏   | 194/313 [00:04<00:02, 44.10it/s, loss=4.57]
Train Epoch 3/10:  62%|██████▏   | 194/313 [00:04<00:02, 44.10it/s, loss=4.56]
Train Epoch 3/10:  62%|██████▏   | 194/313 [00:04<00:02, 44.10it/s, loss=4.59]
Train Epoch 3/10:  64%|██████▎   | 199/313 [00:04<00:02, 42.50it/s, loss=4.59]
Train Epoch 3/10:  64%|██████▎   | 199/313 [00:04<00:02, 42.50it/s, loss=4.58]
Train Epoch 3/10:  64%|██████▎   | 199/313 [00:04<00:02, 42.50it/s, loss=4.59]
Train Epoch 3/10:  64%|██████▎   | 199/313 [00:04<00:02, 42.50it/s, loss=4.57]
Train Epoch 3/10:  64%|██████▎   | 199/313 [00:04<00:02, 42.50it/s, loss=4.57]
Train Epoch 3/10:  64%|██████▎   | 199/313 [00:04<00:02, 42.50it/s, loss=4.58]
Train Epoch 3/10:  65%|██████▌   | 204/313 [00:04<00:02, 41.93it/s, loss=4.58]
Train Epoch 3/10:  65%|██████▌   | 204/313 [00:04<00:02, 41.93it/s, loss=4.58]
Train Epoch 3/10:  65%|██████▌   | 204/313 [00:04<00:02, 41.93it/s, loss=4.58]
Train Epoch 3/10:  65%|██████▌   | 204/313 [00:04<00:02, 41.93it/s, loss=4.6]
Train Epoch 3/10:  65%|██████▌   | 204/313 [00:04<00:02, 41.93it/s, loss=4.57]
Train Epoch 3/10:  65%|██████▌   | 204/313 [00:04<00:02, 41.93it/s, loss=4.57]
Train Epoch 3/10:  67%|██████▋   | 209/313 [00:04<00:02, 40.44it/s, loss=4.57]
Train Epoch 3/10:  67%|██████▋   | 209/313 [00:04<00:02, 40.44it/s, loss=4.57]
Train Epoch 3/10:  67%|██████▋   | 209/313 [00:04<00:02, 40.44it/s, loss=4.59]
Train Epoch 3/10:  67%|██████▋   | 209/313 [00:04<00:02, 40.44it/s, loss=4.58]
Train Epoch 3/10:  67%|██████▋   | 209/313 [00:04<00:02, 40.44it/s, loss=4.59]
Train Epoch 3/10:  67%|██████▋   | 209/313 [00:04<00:02, 40.44it/s, loss=4.58]
Train Epoch 3/10:  68%|██████▊   | 214/313 [00:04<00:02, 37.56it/s, loss=4.58]
Train Epoch 3/10:  68%|██████▊   | 214/313 [00:04<00:02, 37.56it/s, loss=4.58]
Train Epoch 3/10:  68%|██████▊   | 214/313 [00:04<00:02, 37.56it/s, loss=4.57]
Train Epoch 3/10:  68%|██████▊   | 214/313 [00:05<00:02, 37.56it/s, loss=4.59]
Train Epoch 3/10:  68%|██████▊   | 214/313 [00:05<00:02, 37.56it/s, loss=4.61]
Train Epoch 3/10:  70%|██████▉   | 218/313 [00:05<00:02, 36.57it/s, loss=4.61]
Train Epoch 3/10:  70%|██████▉   | 218/313 [00:05<00:02, 36.57it/s, loss=4.58]
Train Epoch 3/10:  70%|██████▉   | 218/313 [00:05<00:02, 36.57it/s, loss=4.59]
Train Epoch 3/10:  70%|██████▉   | 218/313 [00:05<00:02, 36.57it/s, loss=4.59]
Train Epoch 3/10:  70%|██████▉   | 218/313 [00:05<00:02, 36.57it/s, loss=4.57]
Train Epoch 3/10:  71%|███████   | 222/313 [00:05<00:02, 37.15it/s, loss=4.57]
Train Epoch 3/10:  71%|███████   | 222/313 [00:05<00:02, 37.15it/s, loss=4.57]
Train Epoch 3/10:  71%|███████   | 222/313 [00:05<00:02, 37.15it/s, loss=4.55]
Train Epoch 3/10:  71%|███████   | 222/313 [00:05<00:02, 37.15it/s, loss=4.56]
Train Epoch 3/10:  71%|███████   | 222/313 [00:05<00:02, 37.15it/s, loss=4.57]
Train Epoch 3/10:  71%|███████   | 222/313 [00:05<00:02, 37.15it/s, loss=4.57]
Train Epoch 3/10:  73%|███████▎  | 227/313 [00:05<00:02, 36.39it/s, loss=4.57]
Train Epoch 3/10:  73%|███████▎  | 227/313 [00:05<00:02, 36.39it/s, loss=4.58]
Train Epoch 3/10:  73%|███████▎  | 227/313 [00:05<00:02, 36.39it/s, loss=4.59]
Train Epoch 3/10:  73%|███████▎  | 227/313 [00:05<00:02, 36.39it/s, loss=4.58]
Train Epoch 3/10:  73%|███████▎  | 227/313 [00:05<00:02, 36.39it/s, loss=4.59]
Train Epoch 3/10:  74%|███████▍  | 231/313 [00:05<00:02, 32.42it/s, loss=4.59]
Train Epoch 3/10:  74%|███████▍  | 231/313 [00:05<00:02, 32.42it/s, loss=4.56]
Train Epoch 3/10:  74%|███████▍  | 231/313 [00:05<00:02, 32.42it/s, loss=4.57]
Train Epoch 3/10:  74%|███████▍  | 231/313 [00:05<00:02, 32.42it/s, loss=4.57]
Train Epoch 3/10:  74%|███████▍  | 231/313 [00:05<00:02, 32.42it/s, loss=4.56]
Train Epoch 3/10:  75%|███████▌  | 235/313 [00:05<00:02, 29.48it/s, loss=4.56]
Train Epoch 3/10:  75%|███████▌  | 235/313 [00:05<00:02, 29.48it/s, loss=4.59]
Train Epoch 3/10:  75%|███████▌  | 235/313 [00:05<00:02, 29.48it/s, loss=4.58]
Train Epoch 3/10:  75%|███████▌  | 235/313 [00:05<00:02, 29.48it/s, loss=4.58]
Train Epoch 3/10:  75%|███████▌  | 235/313 [00:05<00:02, 29.48it/s, loss=4.57]
Train Epoch 3/10:  76%|███████▋  | 239/313 [00:05<00:02, 29.91it/s, loss=4.57]
Train Epoch 3/10:  76%|███████▋  | 239/313 [00:05<00:02, 29.91it/s, loss=4.56]
Train Epoch 3/10:  76%|███████▋  | 239/313 [00:05<00:02, 29.91it/s, loss=4.58]
Train Epoch 3/10:  76%|███████▋  | 239/313 [00:05<00:02, 29.91it/s, loss=4.59]
Train Epoch 3/10:  76%|███████▋  | 239/313 [00:05<00:02, 29.91it/s, loss=4.57]
Train Epoch 3/10:  78%|███████▊  | 243/313 [00:05<00:02, 31.85it/s, loss=4.57]
Train Epoch 3/10:  78%|███████▊  | 243/313 [00:05<00:02, 31.85it/s, loss=4.58]
Train Epoch 3/10:  78%|███████▊  | 243/313 [00:05<00:02, 31.85it/s, loss=4.56]
Train Epoch 3/10:  78%|███████▊  | 243/313 [00:05<00:02, 31.85it/s, loss=4.57]
Train Epoch 3/10:  78%|███████▊  | 243/313 [00:05<00:02, 31.85it/s, loss=4.58]
Train Epoch 3/10:  79%|███████▉  | 247/313 [00:05<00:01, 33.73it/s, loss=4.58]
Train Epoch 3/10:  79%|███████▉  | 247/313 [00:05<00:01, 33.73it/s, loss=4.55]
Train Epoch 3/10:  79%|███████▉  | 247/313 [00:05<00:01, 33.73it/s, loss=4.59]
Train Epoch 3/10:  79%|███████▉  | 247/313 [00:06<00:01, 33.73it/s, loss=4.57]
Train Epoch 3/10:  79%|███████▉  | 247/313 [00:06<00:01, 33.73it/s, loss=4.57]
Train Epoch 3/10:  79%|███████▉  | 247/313 [00:06<00:01, 33.73it/s, loss=4.58]
Train Epoch 3/10:  81%|████████  | 252/313 [00:06<00:01, 36.38it/s, loss=4.58]
Train Epoch 3/10:  81%|████████  | 252/313 [00:06<00:01, 36.38it/s, loss=4.56]
Train Epoch 3/10:  81%|████████  | 252/313 [00:06<00:01, 36.38it/s, loss=4.59]
Train Epoch 3/10:  81%|████████  | 252/313 [00:06<00:01, 36.38it/s, loss=4.57]
Train Epoch 3/10:  81%|████████  | 252/313 [00:06<00:01, 36.38it/s, loss=4.57]
Train Epoch 3/10:  81%|████████  | 252/313 [00:06<00:01, 36.38it/s, loss=4.57]
Train Epoch 3/10:  82%|████████▏ | 257/313 [00:06<00:01, 38.58it/s, loss=4.57]
Train Epoch 3/10:  82%|████████▏ | 257/313 [00:06<00:01, 38.58it/s, loss=4.59]
Train Epoch 3/10:  82%|████████▏ | 257/313 [00:06<00:01, 38.58it/s, loss=4.59]
Train Epoch 3/10:  82%|████████▏ | 257/313 [00:06<00:01, 38.58it/s, loss=4.6]
Train Epoch 3/10:  82%|████████▏ | 257/313 [00:06<00:01, 38.58it/s, loss=4.59]
Train Epoch 3/10:  82%|████████▏ | 257/313 [00:06<00:01, 38.58it/s, loss=4.6]
Train Epoch 3/10:  84%|████████▎ | 262/313 [00:06<00:01, 40.85it/s, loss=4.6]
Train Epoch 3/10:  84%|████████▎ | 262/313 [00:06<00:01, 40.85it/s, loss=4.55]
Train Epoch 3/10:  84%|████████▎ | 262/313 [00:06<00:01, 40.85it/s, loss=4.58]
Train Epoch 3/10:  84%|████████▎ | 262/313 [00:06<00:01, 40.85it/s, loss=4.57]
Train Epoch 3/10:  84%|████████▎ | 262/313 [00:06<00:01, 40.85it/s, loss=4.58]
Train Epoch 3/10:  84%|████████▎ | 262/313 [00:06<00:01, 40.85it/s, loss=4.56]
Train Epoch 3/10:  85%|████████▌ | 267/313 [00:06<00:01, 42.44it/s, loss=4.56]
Train Epoch 3/10:  85%|████████▌ | 267/313 [00:06<00:01, 42.44it/s, loss=4.57]
Train Epoch 3/10:  85%|████████▌ | 267/313 [00:06<00:01, 42.44it/s, loss=4.57]
Train Epoch 3/10:  85%|████████▌ | 267/313 [00:06<00:01, 42.44it/s, loss=4.57]
Train Epoch 3/10:  85%|████████▌ | 267/313 [00:06<00:01, 42.44it/s, loss=4.6]
Train Epoch 3/10:  85%|████████▌ | 267/313 [00:06<00:01, 42.44it/s, loss=4.58]
Train Epoch 3/10:  87%|████████▋ | 272/313 [00:06<00:00, 44.04it/s, loss=4.58]
Train Epoch 3/10:  87%|████████▋ | 272/313 [00:06<00:00, 44.04it/s, loss=4.57]
Train Epoch 3/10:  87%|████████▋ | 272/313 [00:06<00:00, 44.04it/s, loss=4.6]
Train Epoch 3/10:  87%|████████▋ | 272/313 [00:06<00:00, 44.04it/s, loss=4.56]
Train Epoch 3/10:  87%|████████▋ | 272/313 [00:06<00:00, 44.04it/s, loss=4.56]
Train Epoch 3/10:  87%|████████▋ | 272/313 [00:06<00:00, 44.04it/s, loss=4.56]
Train Epoch 3/10:  88%|████████▊ | 277/313 [00:06<00:00, 45.10it/s, loss=4.56]
Train Epoch 3/10:  88%|████████▊ | 277/313 [00:06<00:00, 45.10it/s, loss=4.56]
Train Epoch 3/10:  88%|████████▊ | 277/313 [00:06<00:00, 45.10it/s, loss=4.55]
Train Epoch 3/10:  88%|████████▊ | 277/313 [00:06<00:00, 45.10it/s, loss=4.59]
Train Epoch 3/10:  88%|████████▊ | 277/313 [00:06<00:00, 45.10it/s, loss=4.58]
Train Epoch 3/10:  88%|████████▊ | 277/313 [00:06<00:00, 45.10it/s, loss=4.58]
Train Epoch 3/10:  90%|█████████ | 282/313 [00:06<00:00, 46.19it/s, loss=4.58]
Train Epoch 3/10:  90%|█████████ | 282/313 [00:06<00:00, 46.19it/s, loss=4.58]
Train Epoch 3/10:  90%|█████████ | 282/313 [00:06<00:00, 46.19it/s, loss=4.57]
Train Epoch 3/10:  90%|█████████ | 282/313 [00:06<00:00, 46.19it/s, loss=4.59]
Train Epoch 3/10:  90%|█████████ | 282/313 [00:06<00:00, 46.19it/s, loss=4.55]
Train Epoch 3/10:  90%|█████████ | 282/313 [00:06<00:00, 46.19it/s, loss=4.56]
Train Epoch 3/10:  92%|█████████▏| 287/313 [00:06<00:00, 46.65it/s, loss=4.56]
Train Epoch 3/10:  92%|█████████▏| 287/313 [00:06<00:00, 46.65it/s, loss=4.61]
Train Epoch 3/10:  92%|█████████▏| 287/313 [00:06<00:00, 46.65it/s, loss=4.59]
Train Epoch 3/10:  92%|█████████▏| 287/313 [00:06<00:00, 46.65it/s, loss=4.58]
Train Epoch 3/10:  92%|█████████▏| 287/313 [00:06<00:00, 46.65it/s, loss=4.57]
Train Epoch 3/10:  92%|█████████▏| 287/313 [00:06<00:00, 46.65it/s, loss=4.6]
Train Epoch 3/10:  93%|█████████▎| 292/313 [00:06<00:00, 47.29it/s, loss=4.6]
Train Epoch 3/10:  93%|█████████▎| 292/313 [00:06<00:00, 47.29it/s, loss=4.6]
Train Epoch 3/10:  93%|█████████▎| 292/313 [00:06<00:00, 47.29it/s, loss=4.57]
Train Epoch 3/10:  93%|█████████▎| 292/313 [00:06<00:00, 47.29it/s, loss=4.61]
Train Epoch 3/10:  93%|█████████▎| 292/313 [00:06<00:00, 47.29it/s, loss=4.56]
Train Epoch 3/10:  93%|█████████▎| 292/313 [00:07<00:00, 47.29it/s, loss=4.58]
Train Epoch 3/10:  95%|█████████▍| 297/313 [00:07<00:00, 47.42it/s, loss=4.58]
Train Epoch 3/10:  95%|█████████▍| 297/313 [00:07<00:00, 47.42it/s, loss=4.59]
Train Epoch 3/10:  95%|█████████▍| 297/313 [00:07<00:00, 47.42it/s, loss=4.57]
Train Epoch 3/10:  95%|█████████▍| 297/313 [00:07<00:00, 47.42it/s, loss=4.58]
Train Epoch 3/10:  95%|█████████▍| 297/313 [00:07<00:00, 47.42it/s, loss=4.56]
Train Epoch 3/10:  95%|█████████▍| 297/313 [00:07<00:00, 47.42it/s, loss=4.57]
Train Epoch 3/10:  96%|█████████▋| 302/313 [00:07<00:00, 47.92it/s, loss=4.57]
Train Epoch 3/10:  96%|█████████▋| 302/313 [00:07<00:00, 47.92it/s, loss=4.57]
Train Epoch 3/10:  96%|█████████▋| 302/313 [00:07<00:00, 47.92it/s, loss=4.55]
Train Epoch 3/10:  96%|█████████▋| 302/313 [00:07<00:00, 47.92it/s, loss=4.59]
Train Epoch 3/10:  96%|█████████▋| 302/313 [00:07<00:00, 47.92it/s, loss=4.58]
Train Epoch 3/10:  96%|█████████▋| 302/313 [00:07<00:00, 47.92it/s, loss=4.57]
Train Epoch 3/10:  98%|█████████▊| 307/313 [00:07<00:00, 48.17it/s, loss=4.57]
Train Epoch 3/10:  98%|█████████▊| 307/313 [00:07<00:00, 48.17it/s, loss=4.57]
Train Epoch 3/10:  98%|█████████▊| 307/313 [00:07<00:00, 48.17it/s, loss=4.56]
Train Epoch 3/10:  98%|█████████▊| 307/313 [00:07<00:00, 48.17it/s, loss=4.6]
Train Epoch 3/10:  98%|█████████▊| 307/313 [00:07<00:00, 48.17it/s, loss=4.61]
Train Epoch 3/10:  98%|█████████▊| 307/313 [00:07<00:00, 48.17it/s, loss=4.59]
Train Epoch 3/10: 100%|█████████▉| 312/313 [00:07<00:00, 48.31it/s, loss=4.59]
Train Epoch 3/10: 100%|█████████▉| 312/313 [00:07<00:00, 48.31it/s, loss=4.58]
Train Epoch 3/10: 100%|██████████| 313/313 [00:07<00:00, 42.66it/s, loss=4.58]

Valid Epoch 3/10:   0%|          | 0/32 [00:00<?, ?it/s, acc=-, loss=-]
Valid Epoch 3/10:  34%|███▍      | 11/32 [00:00<00:00, 109.48it/s, acc=-, loss=-]
Valid Epoch 3/10:  72%|███████▏  | 23/32 [00:00<00:00, 113.28it/s, acc=-, loss=-]
Valid Epoch 3/10: 100%|██████████| 32/32 [00:00<00:00, 113.28it/s, valid/loss=4.58, valid/accuracy=0.0095]
Valid Epoch 3/10: 100%|██████████| 32/32 [00:00<00:00, 112.22it/s, valid/loss=4.58, valid/accuracy=0.0095]

Train Epoch 4/10:   0%|          | 0/313 [00:00<?, ?it/s]
Train Epoch 4/10:   0%|          | 0/313 [00:00<?, ?it/s, loss=4.56]
Train Epoch 4/10:   0%|          | 0/313 [00:00<?, ?it/s, loss=4.59]
Train Epoch 4/10:   0%|          | 0/313 [00:00<?, ?it/s, loss=4.54]
Train Epoch 4/10:   0%|          | 0/313 [00:00<?, ?it/s, loss=4.58]
Train Epoch 4/10:   0%|          | 0/313 [00:00<?, ?it/s, loss=4.59]
Train Epoch 4/10:   2%|▏         | 5/313 [00:00<00:06, 49.21it/s, loss=4.59]
Train Epoch 4/10:   2%|▏         | 5/313 [00:00<00:06, 49.21it/s, loss=4.59]
Train Epoch 4/10:   2%|▏         | 5/313 [00:00<00:06, 49.21it/s, loss=4.56]
Train Epoch 4/10:   2%|▏         | 5/313 [00:00<00:06, 49.21it/s, loss=4.58]
Train Epoch 4/10:   2%|▏         | 5/313 [00:00<00:06, 49.21it/s, loss=4.57]
Train Epoch 4/10:   2%|▏         | 5/313 [00:00<00:06, 49.21it/s, loss=4.57]
Train Epoch 4/10:   3%|▎         | 10/313 [00:00<00:06, 49.47it/s, loss=4.57]
Train Epoch 4/10:   3%|▎         | 10/313 [00:00<00:06, 49.47it/s, loss=4.59]
Train Epoch 4/10:   3%|▎         | 10/313 [00:00<00:06, 49.47it/s, loss=4.56]
Train Epoch 4/10:   3%|▎         | 10/313 [00:00<00:06, 49.47it/s, loss=4.59]
Train Epoch 4/10:   3%|▎         | 10/313 [00:00<00:06, 49.47it/s, loss=4.56]
Train Epoch 4/10:   3%|▎         | 10/313 [00:00<00:06, 49.47it/s, loss=4.58]
Train Epoch 4/10:   3%|▎         | 10/313 [00:00<00:06, 49.47it/s, loss=4.57]
Train Epoch 4/10:   5%|▌         | 16/313 [00:00<00:05, 50.11it/s, loss=4.57]
Train Epoch 4/10:   5%|▌         | 16/313 [00:00<00:05, 50.11it/s, loss=4.57]
Train Epoch 4/10:   5%|▌         | 16/313 [00:00<00:05, 50.11it/s, loss=4.56]
Train Epoch 4/10:   5%|▌         | 16/313 [00:00<00:05, 50.11it/s, loss=4.58]
Train Epoch 4/10:   5%|▌         | 16/313 [00:00<00:05, 50.11it/s, loss=4.58]
Train Epoch 4/10:   5%|▌         | 16/313 [00:00<00:05, 50.11it/s, loss=4.58]
Train Epoch 4/10:   5%|▌         | 16/313 [00:00<00:05, 50.11it/s, loss=4.58]
Train Epoch 4/10:   7%|▋         | 22/313 [00:00<00:05, 49.97it/s, loss=4.58]
Train Epoch 4/10:   7%|▋         | 22/313 [00:00<00:05, 49.97it/s, loss=4.59]
Train Epoch 4/10:   7%|▋         | 22/313 [00:00<00:05, 49.97it/s, loss=4.58]
Train Epoch 4/10:   7%|▋         | 22/313 [00:00<00:05, 49.97it/s, loss=4.57]
Train Epoch 4/10:   7%|▋         | 22/313 [00:00<00:05, 49.97it/s, loss=4.57]
Train Epoch 4/10:   7%|▋         | 22/313 [00:00<00:05, 49.97it/s, loss=4.57]
Train Epoch 4/10:   7%|▋         | 22/313 [00:00<00:05, 49.97it/s, loss=4.56]
Train Epoch 4/10:   9%|▉         | 28/313 [00:00<00:05, 50.33it/s, loss=4.56]
Train Epoch 4/10:   9%|▉         | 28/313 [00:00<00:05, 50.33it/s, loss=4.57]
Train Epoch 4/10:   9%|▉         | 28/313 [00:00<00:05, 50.33it/s, loss=4.56]
Train Epoch 4/10:   9%|▉         | 28/313 [00:00<00:05, 50.33it/s, loss=4.58]
Train Epoch 4/10:   9%|▉         | 28/313 [00:00<00:05, 50.33it/s, loss=4.58]
Train Epoch 4/10:   9%|▉         | 28/313 [00:00<00:05, 50.33it/s, loss=4.58]
Train Epoch 4/10:   9%|▉         | 28/313 [00:00<00:05, 50.33it/s, loss=4.57]
Train Epoch 4/10:  11%|█         | 34/313 [00:00<00:05, 50.39it/s, loss=4.57]
Train Epoch 4/10:  11%|█         | 34/313 [00:00<00:05, 50.39it/s, loss=4.58]
Train Epoch 4/10:  11%|█         | 34/313 [00:00<00:05, 50.39it/s, loss=4.57]
Train Epoch 4/10:  11%|█         | 34/313 [00:00<00:05, 50.39it/s, loss=4.59]
Train Epoch 4/10:  11%|█         | 34/313 [00:00<00:05, 50.39it/s, loss=4.59]
Train Epoch 4/10:  11%|█         | 34/313 [00:00<00:05, 50.39it/s, loss=4.59]
Train Epoch 4/10:  11%|█         | 34/313 [00:00<00:05, 50.39it/s, loss=4.58]
Train Epoch 4/10:  13%|█▎        | 40/313 [00:00<00:05, 50.53it/s, loss=4.58]
Train Epoch 4/10:  13%|█▎        | 40/313 [00:00<00:05, 50.53it/s, loss=4.58]
Train Epoch 4/10:  13%|█▎        | 40/313 [00:00<00:05, 50.53it/s, loss=4.58]
Train Epoch 4/10:  13%|█▎        | 40/313 [00:00<00:05, 50.53it/s, loss=4.58]
Train Epoch 4/10:  13%|█▎        | 40/313 [00:00<00:05, 50.53it/s, loss=4.56]
Train Epoch 4/10:  13%|█▎        | 40/313 [00:00<00:05, 50.53it/s, loss=4.58]
Train Epoch 4/10:  13%|█▎        | 40/313 [00:00<00:05, 50.53it/s, loss=4.57]
Train Epoch 4/10:  15%|█▍        | 46/313 [00:00<00:05, 50.42it/s, loss=4.57]
Train Epoch 4/10:  15%|█▍        | 46/313 [00:00<00:05, 50.42it/s, loss=4.54]
Train Epoch 4/10:  15%|█▍        | 46/313 [00:00<00:05, 50.42it/s, loss=4.59]
Train Epoch 4/10:  15%|█▍        | 46/313 [00:00<00:05, 50.42it/s, loss=4.57]
Train Epoch 4/10:  15%|█▍        | 46/313 [00:00<00:05, 50.42it/s, loss=4.57]
Train Epoch 4/10:  15%|█▍        | 46/313 [00:01<00:05, 50.42it/s, loss=4.56]
Train Epoch 4/10:  15%|█▍        | 46/313 [00:01<00:05, 50.42it/s, loss=4.56]
Train Epoch 4/10:  17%|█▋        | 52/313 [00:01<00:05, 50.59it/s, loss=4.56]
Train Epoch 4/10:  17%|█▋        | 52/313 [00:01<00:05, 50.59it/s, loss=4.58]
Train Epoch 4/10:  17%|█▋        | 52/313 [00:01<00:05, 50.59it/s, loss=4.57]
Train Epoch 4/10:  17%|█▋        | 52/313 [00:01<00:05, 50.59it/s, loss=4.58]
Train Epoch 4/10:  17%|█▋        | 52/313 [00:01<00:05, 50.59it/s, loss=4.56]
Train Epoch 4/10:  17%|█▋        | 52/313 [00:01<00:05, 50.59it/s, loss=4.58]
Train Epoch 4/10:  17%|█▋        | 52/313 [00:01<00:05, 50.59it/s, loss=4.58]
Train Epoch 4/10:  19%|█▊        | 58/313 [00:01<00:05, 50.51it/s, loss=4.58]
Train Epoch 4/10:  19%|█▊        | 58/313 [00:01<00:05, 50.51it/s, loss=4.57]
Train Epoch 4/10:  19%|█▊        | 58/313 [00:01<00:05, 50.51it/s, loss=4.58]
Train Epoch 4/10:  19%|█▊        | 58/313 [00:01<00:05, 50.51it/s, loss=4.58]
Train Epoch 4/10:  19%|█▊        | 58/313 [00:01<00:05, 50.51it/s, loss=4.57]
Train Epoch 4/10:  19%|█▊        | 58/313 [00:01<00:05, 50.51it/s, loss=4.57]
Train Epoch 4/10:  19%|█▊        | 58/313 [00:01<00:05, 50.51it/s, loss=4.58]
Train Epoch 4/10:  20%|██        | 64/313 [00:01<00:04, 50.08it/s, loss=4.58]
Train Epoch 4/10:  20%|██        | 64/313 [00:01<00:04, 50.08it/s, loss=4.57]
Train Epoch 4/10:  20%|██        | 64/313 [00:01<00:04, 50.08it/s, loss=4.56]
Train Epoch 4/10:  20%|██        | 64/313 [00:01<00:04, 50.08it/s, loss=4.57]
Train Epoch 4/10:  20%|██        | 64/313 [00:01<00:04, 50.08it/s, loss=4.57]
Train Epoch 4/10:  20%|██        | 64/313 [00:01<00:04, 50.08it/s, loss=4.56]
Train Epoch 4/10:  20%|██        | 64/313 [00:01<00:04, 50.08it/s, loss=4.58]
Train Epoch 4/10:  22%|██▏       | 70/313 [00:01<00:04, 50.29it/s, loss=4.58]
Train Epoch 4/10:  22%|██▏       | 70/313 [00:01<00:04, 50.29it/s, loss=4.57]
Train Epoch 4/10:  22%|██▏       | 70/313 [00:01<00:04, 50.29it/s, loss=4.56]
Train Epoch 4/10:  22%|██▏       | 70/313 [00:01<00:04, 50.29it/s, loss=4.59]
Train Epoch 4/10:  22%|██▏       | 70/313 [00:01<00:04, 50.29it/s, loss=4.58]
Train Epoch 4/10:  22%|██▏       | 70/313 [00:01<00:04, 50.29it/s, loss=4.58]
Train Epoch 4/10:  22%|██▏       | 70/313 [00:01<00:04, 50.29it/s, loss=4.58]
Train Epoch 4/10:  24%|██▍       | 76/313 [00:01<00:04, 49.99it/s, loss=4.58]
Train Epoch 4/10:  24%|██▍       | 76/313 [00:01<00:04, 49.99it/s, loss=4.56]
Train Epoch 4/10:  24%|██▍       | 76/313 [00:01<00:04, 49.99it/s, loss=4.58]
Train Epoch 4/10:  24%|██▍       | 76/313 [00:01<00:04, 49.99it/s, loss=4.55]
Train Epoch 4/10:  24%|██▍       | 76/313 [00:01<00:04, 49.99it/s, loss=4.56]
Train Epoch 4/10:  24%|██▍       | 76/313 [00:01<00:04, 49.99it/s, loss=4.57]
Train Epoch 4/10:  24%|██▍       | 76/313 [00:01<00:04, 49.99it/s, loss=4.57]
Train Epoch 4/10:  26%|██▌       | 82/313 [00:01<00:04, 50.30it/s, loss=4.57]
Train Epoch 4/10:  26%|██▌       | 82/313 [00:01<00:04, 50.30it/s, loss=4.58]
Train Epoch 4/10:  26%|██▌       | 82/313 [00:01<00:04, 50.30it/s, loss=4.58]
Train Epoch 4/10:  26%|██▌       | 82/313 [00:01<00:04, 50.30it/s, loss=4.54]
Train Epoch 4/10:  26%|██▌       | 82/313 [00:01<00:04, 50.30it/s, loss=4.57]
Train Epoch 4/10:  26%|██▌       | 82/313 [00:01<00:04, 50.30it/s, loss=4.56]
Train Epoch 4/10:  26%|██▌       | 82/313 [00:01<00:04, 50.30it/s, loss=4.57]
Train Epoch 4/10:  28%|██▊       | 88/313 [00:01<00:04, 50.46it/s, loss=4.57]
Train Epoch 4/10:  28%|██▊       | 88/313 [00:01<00:04, 50.46it/s, loss=4.58]
Train Epoch 4/10:  28%|██▊       | 88/313 [00:01<00:04, 50.46it/s, loss=4.6]
Train Epoch 4/10:  28%|██▊       | 88/313 [00:01<00:04, 50.46it/s, loss=4.56]
Train Epoch 4/10:  28%|██▊       | 88/313 [00:01<00:04, 50.46it/s, loss=4.56]
Train Epoch 4/10:  28%|██▊       | 88/313 [00:01<00:04, 50.46it/s, loss=4.57]
Train Epoch 4/10:  28%|██▊       | 88/313 [00:01<00:04, 50.46it/s, loss=4.59]
Train Epoch 4/10:  30%|███       | 94/313 [00:01<00:04, 50.58it/s, loss=4.59]
Train Epoch 4/10:  30%|███       | 94/313 [00:01<00:04, 50.58it/s, loss=4.57]
Train Epoch 4/10:  30%|███       | 94/313 [00:01<00:04, 50.58it/s, loss=4.57]
Train Epoch 4/10:  30%|███       | 94/313 [00:01<00:04, 50.58it/s, loss=4.57]
Train Epoch 4/10:  30%|███       | 94/313 [00:01<00:04, 50.58it/s, loss=4.57]
Train Epoch 4/10:  30%|███       | 94/313 [00:01<00:04, 50.58it/s, loss=4.53]
Train Epoch 4/10:  30%|███       | 94/313 [00:01<00:04, 50.58it/s, loss=4.57]
Train Epoch 4/10:  32%|███▏      | 100/313 [00:01<00:04, 50.62it/s, loss=4.57]
Train Epoch 4/10:  32%|███▏      | 100/313 [00:02<00:04, 50.62it/s, loss=4.55]
Train Epoch 4/10:  32%|███▏      | 100/313 [00:02<00:04, 50.62it/s, loss=4.54]
Train Epoch 4/10:  32%|███▏      | 100/313 [00:02<00:04, 50.62it/s, loss=4.56]
Train Epoch 4/10:  32%|███▏      | 100/313 [00:02<00:04, 50.62it/s, loss=4.58]
Train Epoch 4/10:  32%|███▏      | 100/313 [00:02<00:04, 50.62it/s, loss=4.57]
Train Epoch 4/10:  32%|███▏      | 100/313 [00:02<00:04, 50.62it/s, loss=4.57]
Train Epoch 4/10:  34%|███▍      | 106/313 [00:02<00:04, 50.00it/s, loss=4.57]
Train Epoch 4/10:  34%|███▍      | 106/313 [00:02<00:04, 50.00it/s, loss=4.57]
Train Epoch 4/10:  34%|███▍      | 106/313 [00:02<00:04, 50.00it/s, loss=4.59]
Train Epoch 4/10:  34%|███▍      | 106/313 [00:02<00:04, 50.00it/s, loss=4.6]
Train Epoch 4/10:  34%|███▍      | 106/313 [00:02<00:04, 50.00it/s, loss=4.57]
Train Epoch 4/10:  34%|███▍      | 106/313 [00:02<00:04, 50.00it/s, loss=4.54]
Train Epoch 4/10:  34%|███▍      | 106/313 [00:02<00:04, 50.00it/s, loss=4.55]
Train Epoch 4/10:  36%|███▌      | 112/313 [00:02<00:04, 49.84it/s, loss=4.55]
Train Epoch 4/10:  36%|███▌      | 112/313 [00:02<00:04, 49.84it/s, loss=4.58]
Train Epoch 4/10:  36%|███▌      | 112/313 [00:02<00:04, 49.84it/s, loss=4.55]
Train Epoch 4/10:  36%|███▌      | 112/313 [00:02<00:04, 49.84it/s, loss=4.57]
Train Epoch 4/10:  36%|███▌      | 112/313 [00:02<00:04, 49.84it/s, loss=4.6]
Train Epoch 4/10:  36%|███▌      | 112/313 [00:02<00:04, 49.84it/s, loss=4.58]
Train Epoch 4/10:  36%|███▌      | 112/313 [00:02<00:04, 49.84it/s, loss=4.56]
Train Epoch 4/10:  38%|███▊      | 118/313 [00:02<00:03, 49.85it/s, loss=4.56]
Train Epoch 4/10:  38%|███▊      | 118/313 [00:02<00:03, 49.85it/s, loss=4.56]
Train Epoch 4/10:  38%|███▊      | 118/313 [00:02<00:03, 49.85it/s, loss=4.55]
Train Epoch 4/10:  38%|███▊      | 118/313 [00:02<00:03, 49.85it/s, loss=4.57]
Train Epoch 4/10:  38%|███▊      | 118/313 [00:02<00:03, 49.85it/s, loss=4.6]
Train Epoch 4/10:  38%|███▊      | 118/313 [00:02<00:03, 49.85it/s, loss=4.59]
Train Epoch 4/10:  38%|███▊      | 118/313 [00:02<00:03, 49.85it/s, loss=4.55]
Train Epoch 4/10:  40%|███▉      | 124/313 [00:02<00:03, 50.12it/s, loss=4.55]
Train Epoch 4/10:  40%|███▉      | 124/313 [00:02<00:03, 50.12it/s, loss=4.57]
Train Epoch 4/10:  40%|███▉      | 124/313 [00:02<00:03, 50.12it/s, loss=4.55]
Train Epoch 4/10:  40%|███▉      | 124/313 [00:02<00:03, 50.12it/s, loss=4.58]
Train Epoch 4/10:  40%|███▉      | 124/313 [00:02<00:03, 50.12it/s, loss=4.56]
Train Epoch 4/10:  40%|███▉      | 124/313 [00:02<00:03, 50.12it/s, loss=4.57]
Train Epoch 4/10:  40%|███▉      | 124/313 [00:02<00:03, 50.12it/s, loss=4.57]
Train Epoch 4/10:  42%|████▏     | 130/313 [00:02<00:03, 50.14it/s, loss=4.57]
Train Epoch 4/10:  42%|████▏     | 130/313 [00:02<00:03, 50.14it/s, loss=4.59]
Train Epoch 4/10:  42%|████▏     | 130/313 [00:02<00:03, 50.14it/s, loss=4.58]
Train Epoch 4/10:  42%|████▏     | 130/313 [00:02<00:03, 50.14it/s, loss=4.59]
Train Epoch 4/10:  42%|████▏     | 130/313 [00:02<00:03, 50.14it/s, loss=4.55]
Train Epoch 4/10:  42%|████▏     | 130/313 [00:02<00:03, 50.14it/s, loss=4.56]
Train Epoch 4/10:  42%|████▏     | 130/313 [00:02<00:03, 50.14it/s, loss=4.56]
Train Epoch 4/10:  43%|████▎     | 136/313 [00:02<00:03, 50.38it/s, loss=4.56]
Train Epoch 4/10:  43%|████▎     | 136/313 [00:02<00:03, 50.38it/s, loss=4.58]
Train Epoch 4/10:  43%|████▎     | 136/313 [00:02<00:03, 50.38it/s, loss=4.58]
Train Epoch 4/10:  43%|████▎     | 136/313 [00:02<00:03, 50.38it/s, loss=4.58]
Train Epoch 4/10:  43%|████▎     | 136/313 [00:02<00:03, 50.38it/s, loss=4.58]
Train Epoch 4/10:  43%|████▎     | 136/313 [00:02<00:03, 50.38it/s, loss=4.56]
Train Epoch 4/10:  43%|████▎     | 136/313 [00:02<00:03, 50.38it/s, loss=4.57]
Train Epoch 4/10:  45%|████▌     | 142/313 [00:02<00:03, 50.52it/s, loss=4.57]
Train Epoch 4/10:  45%|████▌     | 142/313 [00:02<00:03, 50.52it/s, loss=4.6]
Train Epoch 4/10:  45%|████▌     | 142/313 [00:02<00:03, 50.52it/s, loss=4.6]
Train Epoch 4/10:  45%|████▌     | 142/313 [00:02<00:03, 50.52it/s, loss=4.54]
Train Epoch 4/10:  45%|████▌     | 142/313 [00:02<00:03, 50.52it/s, loss=4.57]
Train Epoch 4/10:  45%|████▌     | 142/313 [00:02<00:03, 50.52it/s, loss=4.56]
Train Epoch 4/10:  45%|████▌     | 142/313 [00:02<00:03, 50.52it/s, loss=4.56]
Train Epoch 4/10:  47%|████▋     | 148/313 [00:02<00:03, 50.63it/s, loss=4.56]
Train Epoch 4/10:  47%|████▋     | 148/313 [00:02<00:03, 50.63it/s, loss=4.54]
Train Epoch 4/10:  47%|████▋     | 148/313 [00:02<00:03, 50.63it/s, loss=4.57]
Train Epoch 4/10:  47%|████▋     | 148/313 [00:03<00:03, 50.63it/s, loss=4.56]
Train Epoch 4/10:  47%|████▋     | 148/313 [00:03<00:03, 50.63it/s, loss=4.57]
Train Epoch 4/10:  47%|████▋     | 148/313 [00:03<00:03, 50.63it/s, loss=4.55]
Train Epoch 4/10:  47%|████▋     | 148/313 [00:03<00:03, 50.63it/s, loss=4.55]
Train Epoch 4/10:  49%|████▉     | 154/313 [00:03<00:03, 50.68it/s, loss=4.55]
Train Epoch 4/10:  49%|████▉     | 154/313 [00:03<00:03, 50.68it/s, loss=4.59]
Train Epoch 4/10:  49%|████▉     | 154/313 [00:03<00:03, 50.68it/s, loss=4.56]
Train Epoch 4/10:  49%|████▉     | 154/313 [00:03<00:03, 50.68it/s, loss=4.56]
Train Epoch 4/10:  49%|████▉     | 154/313 [00:03<00:03, 50.68it/s, loss=4.57]
Train Epoch 4/10:  49%|████▉     | 154/313 [00:03<00:03, 50.68it/s, loss=4.55]
Train Epoch 4/10:  49%|████▉     | 154/313 [00:03<00:03, 50.68it/s, loss=4.54]
Train Epoch 4/10:  51%|█████     | 160/313 [00:03<00:03, 50.77it/s, loss=4.54]
Train Epoch 4/10:  51%|█████     | 160/313 [00:03<00:03, 50.77it/s, loss=4.58]
Train Epoch 4/10:  51%|█████     | 160/313 [00:03<00:03, 50.77it/s, loss=4.57]
Train Epoch 4/10:  51%|█████     | 160/313 [00:03<00:03, 50.77it/s, loss=4.54]
Train Epoch 4/10:  51%|█████     | 160/313 [00:03<00:03, 50.77it/s, loss=4.6]
Train Epoch 4/10:  51%|█████     | 160/313 [00:03<00:03, 50.77it/s, loss=4.59]
Train Epoch 4/10:  51%|█████     | 160/313 [00:03<00:03, 50.77it/s, loss=4.57]
Train Epoch 4/10:  53%|█████▎    | 166/313 [00:03<00:02, 50.80it/s, loss=4.57]
Train Epoch 4/10:  53%|█████▎    | 166/313 [00:03<00:02, 50.80it/s, loss=4.59]
Train Epoch 4/10:  53%|█████▎    | 166/313 [00:03<00:02, 50.80it/s, loss=4.58]
Train Epoch 4/10:  53%|█████▎    | 166/313 [00:03<00:02, 50.80it/s, loss=4.58]
Train Epoch 4/10:  53%|█████▎    | 166/313 [00:03<00:02, 50.80it/s, loss=4.61]
Train Epoch 4/10:  53%|█████▎    | 166/313 [00:03<00:02, 50.80it/s, loss=4.55]
Train Epoch 4/10:  53%|█████▎    | 166/313 [00:03<00:02, 50.80it/s, loss=4.55]
Train Epoch 4/10:  55%|█████▍    | 172/313 [00:03<00:02, 50.41it/s, loss=4.55]
Train Epoch 4/10:  55%|█████▍    | 172/313 [00:03<00:02, 50.41it/s, loss=4.58]
Train Epoch 4/10:  55%|█████▍    | 172/313 [00:03<00:02, 50.41it/s, loss=4.56]
Train Epoch 4/10:  55%|█████▍    | 172/313 [00:03<00:02, 50.41it/s, loss=4.58]
Train Epoch 4/10:  55%|█████▍    | 172/313 [00:03<00:02, 50.41it/s, loss=4.54]
Train Epoch 4/10:  55%|█████▍    | 172/313 [00:03<00:02, 50.41it/s, loss=4.57]
Train Epoch 4/10:  55%|█████▍    | 172/313 [00:03<00:02, 50.41it/s, loss=4.57]
Train Epoch 4/10:  57%|█████▋    | 178/313 [00:03<00:02, 50.53it/s, loss=4.57]
Train Epoch 4/10:  57%|█████▋    | 178/313 [00:03<00:02, 50.53it/s, loss=4.57]
Train Epoch 4/10:  57%|█████▋    | 178/313 [00:03<00:02, 50.53it/s, loss=4.58]
Train Epoch 4/10:  57%|█████▋    | 178/313 [00:03<00:02, 50.53it/s, loss=4.57]
Train Epoch 4/10:  57%|█████▋    | 178/313 [00:03<00:02, 50.53it/s, loss=4.57]
Train Epoch 4/10:  57%|█████▋    | 178/313 [00:03<00:02, 50.53it/s, loss=4.55]
Train Epoch 4/10:  57%|█████▋    | 178/313 [00:03<00:02, 50.53it/s, loss=4.58]
Train Epoch 4/10:  59%|█████▉    | 184/313 [00:03<00:02, 50.42it/s, loss=4.58]
Train Epoch 4/10:  59%|█████▉    | 184/313 [00:03<00:02, 50.42it/s, loss=4.58]
Train Epoch 4/10:  59%|█████▉    | 184/313 [00:03<00:02, 50.42it/s, loss=4.54]
Train Epoch 4/10:  59%|█████▉    | 184/313 [00:03<00:02, 50.42it/s, loss=4.56]
Train Epoch 4/10:  59%|█████▉    | 184/313 [00:03<00:02, 50.42it/s, loss=4.57]
Train Epoch 4/10:  59%|█████▉    | 184/313 [00:03<00:02, 50.42it/s, loss=4.57]
Train Epoch 4/10:  59%|█████▉    | 184/313 [00:03<00:02, 50.42it/s, loss=4.57]
Train Epoch 4/10:  61%|██████    | 190/313 [00:03<00:02, 50.58it/s, loss=4.57]
Train Epoch 4/10:  61%|██████    | 190/313 [00:03<00:02, 50.58it/s, loss=4.55]
Train Epoch 4/10:  61%|██████    | 190/313 [00:03<00:02, 50.58it/s, loss=4.55]
Train Epoch 4/10:  61%|██████    | 190/313 [00:03<00:02, 50.58it/s, loss=4.56]
Train Epoch 4/10:  61%|██████    | 190/313 [00:03<00:02, 50.58it/s, loss=4.55]
Train Epoch 4/10:  61%|██████    | 190/313 [00:03<00:02, 50.58it/s, loss=4.56]
Train Epoch 4/10:  61%|██████    | 190/313 [00:03<00:02, 50.58it/s, loss=4.56]
Train Epoch 4/10:  63%|██████▎   | 196/313 [00:03<00:02, 50.65it/s, loss=4.56]
Train Epoch 4/10:  63%|██████▎   | 196/313 [00:03<00:02, 50.65it/s, loss=4.56]
Train Epoch 4/10:  63%|██████▎   | 196/313 [00:03<00:02, 50.65it/s, loss=4.55]
Train Epoch 4/10:  63%|██████▎   | 196/313 [00:03<00:02, 50.65it/s, loss=4.57]
Train Epoch 4/10:  63%|██████▎   | 196/313 [00:03<00:02, 50.65it/s, loss=4.57]
Train Epoch 4/10:  63%|██████▎   | 196/313 [00:03<00:02, 50.65it/s, loss=4.57]
Train Epoch 4/10:  63%|██████▎   | 196/313 [00:04<00:02, 50.65it/s, loss=4.57]
Train Epoch 4/10:  65%|██████▍   | 202/313 [00:04<00:02, 50.71it/s, loss=4.57]
Train Epoch 4/10:  65%|██████▍   | 202/313 [00:04<00:02, 50.71it/s, loss=4.56]
Train Epoch 4/10:  65%|██████▍   | 202/313 [00:04<00:02, 50.71it/s, loss=4.56]
Train Epoch 4/10:  65%|██████▍   | 202/313 [00:04<00:02, 50.71it/s, loss=4.55]
Train Epoch 4/10:  65%|██████▍   | 202/313 [00:04<00:02, 50.71it/s, loss=4.58]
Train Epoch 4/10:  65%|██████▍   | 202/313 [00:04<00:02, 50.71it/s, loss=4.58]
Train Epoch 4/10:  65%|██████▍   | 202/313 [00:04<00:02, 50.71it/s, loss=4.56]
Train Epoch 4/10:  66%|██████▋   | 208/313 [00:04<00:02, 50.65it/s, loss=4.56]
Train Epoch 4/10:  66%|██████▋   | 208/313 [00:04<00:02, 50.65it/s, loss=4.55]
Train Epoch 4/10:  66%|██████▋   | 208/313 [00:04<00:02, 50.65it/s, loss=4.57]
Train Epoch 4/10:  66%|██████▋   | 208/313 [00:04<00:02, 50.65it/s, loss=4.59]
Train Epoch 4/10:  66%|██████▋   | 208/313 [00:04<00:02, 50.65it/s, loss=4.56]
Train Epoch 4/10:  66%|██████▋   | 208/313 [00:04<00:02, 50.65it/s, loss=4.57]
Train Epoch 4/10:  66%|██████▋   | 208/313 [00:04<00:02, 50.65it/s, loss=4.57]
Train Epoch 4/10:  68%|██████▊   | 214/313 [00:04<00:01, 50.76it/s, loss=4.57]
Train Epoch 4/10:  68%|██████▊   | 214/313 [00:04<00:01, 50.76it/s, loss=4.58]
Train Epoch 4/10:  68%|██████▊   | 214/313 [00:04<00:01, 50.76it/s, loss=4.55]
Train Epoch 4/10:  68%|██████▊   | 214/313 [00:04<00:01, 50.76it/s, loss=4.58]
Train Epoch 4/10:  68%|██████▊   | 214/313 [00:04<00:01, 50.76it/s, loss=4.6]
Train Epoch 4/10:  68%|██████▊   | 214/313 [00:04<00:01, 50.76it/s, loss=4.56]
Train Epoch 4/10:  68%|██████▊   | 214/313 [00:04<00:01, 50.76it/s, loss=4.57]
Train Epoch 4/10:  70%|███████   | 220/313 [00:04<00:02, 44.96it/s, loss=4.57]
Train Epoch 4/10:  70%|███████   | 220/313 [00:04<00:02, 44.96it/s, loss=4.57]
Train Epoch 4/10:  70%|███████   | 220/313 [00:04<00:02, 44.96it/s, loss=4.57]
Train Epoch 4/10:  70%|███████   | 220/313 [00:04<00:02, 44.96it/s, loss=4.57]
Train Epoch 4/10:  70%|███████   | 220/313 [00:04<00:02, 44.96it/s, loss=4.55]
Train Epoch 4/10:  70%|███████   | 220/313 [00:04<00:02, 44.96it/s, loss=4.58]
Train Epoch 4/10:  72%|███████▏  | 225/313 [00:04<00:02, 42.39it/s, loss=4.58]
Train Epoch 4/10:  72%|███████▏  | 225/313 [00:04<00:02, 42.39it/s, loss=4.55]
Train Epoch 4/10:  72%|███████▏  | 225/313 [00:04<00:02, 42.39it/s, loss=4.55]
Train Epoch 4/10:  72%|███████▏  | 225/313 [00:04<00:02, 42.39it/s, loss=4.56]
Train Epoch 4/10:  72%|███████▏  | 225/313 [00:04<00:02, 42.39it/s, loss=4.58]
Train Epoch 4/10:  72%|███████▏  | 225/313 [00:04<00:02, 42.39it/s, loss=4.58]
Train Epoch 4/10:  73%|███████▎  | 230/313 [00:04<00:01, 41.63it/s, loss=4.58]
Train Epoch 4/10:  73%|███████▎  | 230/313 [00:04<00:01, 41.63it/s, loss=4.55]
Train Epoch 4/10:  73%|███████▎  | 230/313 [00:04<00:01, 41.63it/s, loss=4.55]
Train Epoch 4/10:  73%|███████▎  | 230/313 [00:04<00:01, 41.63it/s, loss=4.55]
Train Epoch 4/10:  73%|███████▎  | 230/313 [00:04<00:01, 41.63it/s, loss=4.56]
Train Epoch 4/10:  73%|███████▎  | 230/313 [00:04<00:01, 41.63it/s, loss=4.56]
Train Epoch 4/10:  75%|███████▌  | 235/313 [00:04<00:01, 42.00it/s, loss=4.56]
Train Epoch 4/10:  75%|███████▌  | 235/313 [00:04<00:01, 42.00it/s, loss=4.56]
Train Epoch 4/10:  75%|███████▌  | 235/313 [00:04<00:01, 42.00it/s, loss=4.53]
Train Epoch 4/10:  75%|███████▌  | 235/313 [00:04<00:01, 42.00it/s, loss=4.56]
Train Epoch 4/10:  75%|███████▌  | 235/313 [00:04<00:01, 42.00it/s, loss=4.56]
Train Epoch 4/10:  75%|███████▌  | 235/313 [00:04<00:01, 42.00it/s, loss=4.55]
Train Epoch 4/10:  77%|███████▋  | 240/313 [00:04<00:01, 42.41it/s, loss=4.55]
Train Epoch 4/10:  77%|███████▋  | 240/313 [00:04<00:01, 42.41it/s, loss=4.57]
Train Epoch 4/10:  77%|███████▋  | 240/313 [00:04<00:01, 42.41it/s, loss=4.57]
Train Epoch 4/10:  77%|███████▋  | 240/313 [00:05<00:01, 42.41it/s, loss=4.55]
Train Epoch 4/10:  77%|███████▋  | 240/313 [00:05<00:01, 42.41it/s, loss=4.6]
Train Epoch 4/10:  77%|███████▋  | 240/313 [00:05<00:01, 42.41it/s, loss=4.53]
Train Epoch 4/10:  78%|███████▊  | 245/313 [00:05<00:01, 35.78it/s, loss=4.53]
Train Epoch 4/10:  78%|███████▊  | 245/313 [00:05<00:01, 35.78it/s, loss=4.56]
Train Epoch 4/10:  78%|███████▊  | 245/313 [00:05<00:01, 35.78it/s, loss=4.57]
Train Epoch 4/10:  78%|███████▊  | 245/313 [00:05<00:01, 35.78it/s, loss=4.55]
Train Epoch 4/10:  78%|███████▊  | 245/313 [00:05<00:01, 35.78it/s, loss=4.57]
Train Epoch 4/10:  80%|███████▉  | 249/313 [00:05<00:01, 32.29it/s, loss=4.57]
Train Epoch 4/10:  80%|███████▉  | 249/313 [00:05<00:01, 32.29it/s, loss=4.57]
Train Epoch 4/10:  80%|███████▉  | 249/313 [00:05<00:01, 32.29it/s, loss=4.58]
Train Epoch 4/10:  80%|███████▉  | 249/313 [00:05<00:01, 32.29it/s, loss=4.58]
Train Epoch 4/10:  80%|███████▉  | 249/313 [00:05<00:01, 32.29it/s, loss=4.54]
Train Epoch 4/10:  81%|████████  | 253/313 [00:05<00:02, 29.47it/s, loss=4.54]
Train Epoch 4/10:  81%|████████  | 253/313 [00:05<00:02, 29.47it/s, loss=4.56]
Train Epoch 4/10:  81%|████████  | 253/313 [00:05<00:02, 29.47it/s, loss=4.56]
Train Epoch 4/10:  81%|████████  | 253/313 [00:05<00:02, 29.47it/s, loss=4.58]
Train Epoch 4/10:  81%|████████  | 253/313 [00:05<00:02, 29.47it/s, loss=4.57]
Train Epoch 4/10:  82%|████████▏ | 257/313 [00:05<00:02, 27.86it/s, loss=4.57]
Train Epoch 4/10:  82%|████████▏ | 257/313 [00:05<00:02, 27.86it/s, loss=4.57]
Train Epoch 4/10:  82%|████████▏ | 257/313 [00:05<00:02, 27.86it/s, loss=4.57]
Train Epoch 4/10:  82%|████████▏ | 257/313 [00:05<00:02, 27.86it/s, loss=4.59]
Train Epoch 4/10:  83%|████████▎ | 260/313 [00:05<00:01, 27.52it/s, loss=4.59]
Train Epoch 4/10:  83%|████████▎ | 260/313 [00:05<00:01, 27.52it/s, loss=4.57]
Train Epoch 4/10:  83%|████████▎ | 260/313 [00:05<00:01, 27.52it/s, loss=4.57]
Train Epoch 4/10:  83%|████████▎ | 260/313 [00:05<00:01, 27.52it/s, loss=4.53]
Train Epoch 4/10:  83%|████████▎ | 260/313 [00:05<00:01, 27.52it/s, loss=4.56]
Train Epoch 4/10:  84%|████████▍ | 264/313 [00:05<00:01, 29.13it/s, loss=4.56]
Train Epoch 4/10:  84%|████████▍ | 264/313 [00:05<00:01, 29.13it/s, loss=4.56]
Train Epoch 4/10:  84%|████████▍ | 264/313 [00:05<00:01, 29.13it/s, loss=4.58]
Train Epoch 4/10:  84%|████████▍ | 264/313 [00:05<00:01, 29.13it/s, loss=4.53]
Train Epoch 4/10:  84%|████████▍ | 264/313 [00:05<00:01, 29.13it/s, loss=4.57]
Train Epoch 4/10:  86%|████████▌ | 268/313 [00:05<00:01, 30.38it/s, loss=4.57]
Train Epoch 4/10:  86%|████████▌ | 268/313 [00:05<00:01, 30.38it/s, loss=4.55]
Train Epoch 4/10:  86%|████████▌ | 268/313 [00:06<00:01, 30.38it/s, loss=4.58]
Train Epoch 4/10:  86%|████████▌ | 268/313 [00:06<00:01, 30.38it/s, loss=4.61]
Train Epoch 4/10:  86%|████████▌ | 268/313 [00:06<00:01, 30.38it/s, loss=4.57]
Train Epoch 4/10:  87%|████████▋ | 272/313 [00:06<00:01, 29.78it/s, loss=4.57]
Train Epoch 4/10:  87%|████████▋ | 272/313 [00:06<00:01, 29.78it/s, loss=4.57]
Train Epoch 4/10:  87%|████████▋ | 272/313 [00:06<00:01, 29.78it/s, loss=4.58]
Train Epoch 4/10:  87%|████████▋ | 272/313 [00:06<00:01, 29.78it/s, loss=4.56]
Train Epoch 4/10:  87%|████████▋ | 272/313 [00:06<00:01, 29.78it/s, loss=4.55]
Train Epoch 4/10:  88%|████████▊ | 276/313 [00:06<00:01, 29.37it/s, loss=4.55]
Train Epoch 4/10:  88%|████████▊ | 276/313 [00:06<00:01, 29.37it/s, loss=4.56]
Train Epoch 4/10:  88%|████████▊ | 276/313 [00:06<00:01, 29.37it/s, loss=4.54]
Train Epoch 4/10:  88%|████████▊ | 276/313 [00:06<00:01, 29.37it/s, loss=4.55]
Train Epoch 4/10:  89%|████████▉ | 279/313 [00:06<00:01, 25.42it/s, loss=4.55]
Train Epoch 4/10:  89%|████████▉ | 279/313 [00:06<00:01, 25.42it/s, loss=4.58]
Train Epoch 4/10:  89%|████████▉ | 279/313 [00:06<00:01, 25.42it/s, loss=4.57]
Train Epoch 4/10:  89%|████████▉ | 279/313 [00:06<00:01, 25.42it/s, loss=4.57]
Train Epoch 4/10:  90%|█████████ | 282/313 [00:06<00:01, 22.90it/s, loss=4.57]
Train Epoch 4/10:  90%|█████████ | 282/313 [00:06<00:01, 22.90it/s, loss=4.57]
Train Epoch 4/10:  90%|█████████ | 282/313 [00:06<00:01, 22.90it/s, loss=4.58]
Train Epoch 4/10:  90%|█████████ | 282/313 [00:06<00:01, 22.90it/s, loss=4.58]
Train Epoch 4/10:  90%|█████████ | 282/313 [00:06<00:01, 22.90it/s, loss=4.54]
Train Epoch 4/10:  91%|█████████▏| 286/313 [00:06<00:01, 25.81it/s, loss=4.54]
Train Epoch 4/10:  91%|█████████▏| 286/313 [00:06<00:01, 25.81it/s, loss=4.55]
Train Epoch 4/10:  91%|█████████▏| 286/313 [00:06<00:01, 25.81it/s, loss=4.59]
Train Epoch 4/10:  91%|█████████▏| 286/313 [00:06<00:01, 25.81it/s, loss=4.58]
Train Epoch 4/10:  91%|█████████▏| 286/313 [00:06<00:01, 25.81it/s, loss=4.57]
Train Epoch 4/10:  93%|█████████▎| 290/313 [00:06<00:00, 27.78it/s, loss=4.57]
Train Epoch 4/10:  93%|█████████▎| 290/313 [00:06<00:00, 27.78it/s, loss=4.57]
Train Epoch 4/10:  93%|█████████▎| 290/313 [00:06<00:00, 27.78it/s, loss=4.59]
Train Epoch 4/10:  93%|█████████▎| 290/313 [00:06<00:00, 27.78it/s, loss=4.59]
Train Epoch 4/10:  94%|█████████▎| 293/313 [00:06<00:00, 26.48it/s, loss=4.59]
Train Epoch 4/10:  94%|█████████▎| 293/313 [00:06<00:00, 26.48it/s, loss=4.57]
Train Epoch 4/10:  94%|█████████▎| 293/313 [00:07<00:00, 26.48it/s, loss=4.61]
Train Epoch 4/10:  94%|█████████▎| 293/313 [00:07<00:00, 26.48it/s, loss=4.56]
Train Epoch 4/10:  95%|█████████▍| 296/313 [00:07<00:00, 24.40it/s, loss=4.56]
Train Epoch 4/10:  95%|█████████▍| 296/313 [00:07<00:00, 24.40it/s, loss=4.57]
Train Epoch 4/10:  95%|█████████▍| 296/313 [00:07<00:00, 24.40it/s, loss=4.6]
Train Epoch 4/10:  95%|█████████▍| 296/313 [00:07<00:00, 24.40it/s, loss=4.57]
Train Epoch 4/10:  96%|█████████▌| 299/313 [00:07<00:00, 21.66it/s, loss=4.57]
Train Epoch 4/10:  96%|█████████▌| 299/313 [00:07<00:00, 21.66it/s, loss=4.58]
Train Epoch 4/10:  96%|█████████▌| 299/313 [00:07<00:00, 21.66it/s, loss=4.56]
Train Epoch 4/10:  96%|█████████▌| 299/313 [00:07<00:00, 21.66it/s, loss=4.57]
Train Epoch 4/10:  96%|█████████▋| 302/313 [00:07<00:00, 20.56it/s, loss=4.57]
Train Epoch 4/10:  96%|█████████▋| 302/313 [00:07<00:00, 20.56it/s, loss=4.56]
Train Epoch 4/10:  96%|█████████▋| 302/313 [00:07<00:00, 20.56it/s, loss=4.55]
Train Epoch 4/10:  96%|█████████▋| 302/313 [00:07<00:00, 20.56it/s, loss=4.58]
Train Epoch 4/10:  97%|█████████▋| 305/313 [00:07<00:00, 20.76it/s, loss=4.58]
Train Epoch 4/10:  97%|█████████▋| 305/313 [00:07<00:00, 20.76it/s, loss=4.57]
Train Epoch 4/10:  97%|█████████▋| 305/313 [00:07<00:00, 20.76it/s, loss=4.58]
Train Epoch 4/10:  97%|█████████▋| 305/313 [00:07<00:00, 20.76it/s, loss=4.56]
Train Epoch 4/10:  97%|█████████▋| 305/313 [00:07<00:00, 20.76it/s, loss=4.54]
Train Epoch 4/10:  99%|█████████▊| 309/313 [00:07<00:00, 23.18it/s, loss=4.54]
Train Epoch 4/10:  99%|█████████▊| 309/313 [00:07<00:00, 23.18it/s, loss=4.59]
Train Epoch 4/10:  99%|█████████▊| 309/313 [00:07<00:00, 23.18it/s, loss=4.6]
Train Epoch 4/10:  99%|█████████▊| 309/313 [00:07<00:00, 23.18it/s, loss=4.58]
Train Epoch 4/10:  99%|█████████▊| 309/313 [00:07<00:00, 23.18it/s, loss=4.55]
Train Epoch 4/10: 100%|██████████| 313/313 [00:07<00:00, 25.33it/s, loss=4.55]
Train Epoch 4/10: 100%|██████████| 313/313 [00:07<00:00, 39.99it/s, loss=4.55]

Valid Epoch 4/10:   0%|          | 0/32 [00:00<?, ?it/s, acc=-, loss=-]
Valid Epoch 4/10:  34%|███▍      | 11/32 [00:00<00:00, 101.19it/s, acc=-, loss=-]
Valid Epoch 4/10:  69%|██████▉   | 22/32 [00:00<00:00, 69.58it/s, acc=-, loss=-]
Valid Epoch 4/10:  97%|█████████▋| 31/32 [00:00<00:00, 76.56it/s, acc=-, loss=-]
Valid Epoch 4/10: 100%|██████████| 32/32 [00:00<00:00, 76.56it/s, valid/loss=4.58, valid/accuracy=0.00975]
Valid Epoch 4/10: 100%|██████████| 32/32 [00:00<00:00, 77.69it/s, valid/loss=4.58, valid/accuracy=0.00975]

Train Epoch 5/10:   0%|          | 0/313 [00:00<?, ?it/s]
Train Epoch 5/10:   0%|          | 0/313 [00:00<?, ?it/s, loss=4.57]
Train Epoch 5/10:   0%|          | 0/313 [00:00<?, ?it/s, loss=4.58]
Train Epoch 5/10:   0%|          | 0/313 [00:00<?, ?it/s, loss=4.54]
Train Epoch 5/10:   0%|          | 0/313 [00:00<?, ?it/s, loss=4.59]
Train Epoch 5/10:   1%|▏         | 4/313 [00:00<00:08, 34.61it/s, loss=4.59]
Train Epoch 5/10:   1%|▏         | 4/313 [00:00<00:08, 34.61it/s, loss=4.58]
Train Epoch 5/10:   1%|▏         | 4/313 [00:00<00:08, 34.61it/s, loss=4.58]
Train Epoch 5/10:   1%|▏         | 4/313 [00:00<00:08, 34.61it/s, loss=4.56]
Train Epoch 5/10:   1%|▏         | 4/313 [00:00<00:08, 34.61it/s, loss=4.57]
Train Epoch 5/10:   1%|▏         | 4/313 [00:00<00:08, 34.61it/s, loss=4.59]
Train Epoch 5/10:   3%|▎         | 9/313 [00:00<00:07, 38.77it/s, loss=4.59]
Train Epoch 5/10:   3%|▎         | 9/313 [00:00<00:07, 38.77it/s, loss=4.56]
Train Epoch 5/10:   3%|▎         | 9/313 [00:00<00:07, 38.77it/s, loss=4.59]
Train Epoch 5/10:   3%|▎         | 9/313 [00:00<00:07, 38.77it/s, loss=4.55]
Train Epoch 5/10:   3%|▎         | 9/313 [00:00<00:07, 38.77it/s, loss=4.59]
Train Epoch 5/10:   3%|▎         | 9/313 [00:00<00:07, 38.77it/s, loss=4.56]
Train Epoch 5/10:   4%|▍         | 14/313 [00:00<00:07, 40.52it/s, loss=4.56]
Train Epoch 5/10:   4%|▍         | 14/313 [00:00<00:07, 40.52it/s, loss=4.58]
Train Epoch 5/10:   4%|▍         | 14/313 [00:00<00:07, 40.52it/s, loss=4.56]
Train Epoch 5/10:   4%|▍         | 14/313 [00:00<00:07, 40.52it/s, loss=4.57]
Train Epoch 5/10:   4%|▍         | 14/313 [00:00<00:07, 40.52it/s, loss=4.56]
Train Epoch 5/10:   4%|▍         | 14/313 [00:00<00:07, 40.52it/s, loss=4.57]
Train Epoch 5/10:   6%|▌         | 19/313 [00:00<00:06, 42.12it/s, loss=4.57]
Train Epoch 5/10:   6%|▌         | 19/313 [00:00<00:06, 42.12it/s, loss=4.57]
Train Epoch 5/10:   6%|▌         | 19/313 [00:00<00:06, 42.12it/s, loss=4.58]
Train Epoch 5/10:   6%|▌         | 19/313 [00:00<00:06, 42.12it/s, loss=4.57]
Train Epoch 5/10:   6%|▌         | 19/313 [00:00<00:06, 42.12it/s, loss=4.58]
Train Epoch 5/10:   6%|▌         | 19/313 [00:00<00:06, 42.12it/s, loss=4.56]
Train Epoch 5/10:   6%|▌         | 19/313 [00:00<00:06, 42.12it/s, loss=4.57]
Train Epoch 5/10:   8%|▊         | 25/313 [00:00<00:06, 45.22it/s, loss=4.57]
Train Epoch 5/10:   8%|▊         | 25/313 [00:00<00:06, 45.22it/s, loss=4.56]
Train Epoch 5/10:   8%|▊         | 25/313 [00:00<00:06, 45.22it/s, loss=4.57]
Train Epoch 5/10:   8%|▊         | 25/313 [00:00<00:06, 45.22it/s, loss=4.56]
Train Epoch 5/10:   8%|▊         | 25/313 [00:00<00:06, 45.22it/s, loss=4.56]
Train Epoch 5/10:   8%|▊         | 25/313 [00:00<00:06, 45.22it/s, loss=4.55]
Train Epoch 5/10:   8%|▊         | 25/313 [00:00<00:06, 45.22it/s, loss=4.57]
Train Epoch 5/10:  10%|▉         | 31/313 [00:00<00:05, 47.11it/s, loss=4.57]
Train Epoch 5/10:  10%|▉         | 31/313 [00:00<00:05, 47.11it/s, loss=4.57]
Train Epoch 5/10:  10%|▉         | 31/313 [00:00<00:05, 47.11it/s, loss=4.58]
Train Epoch 5/10:  10%|▉         | 31/313 [00:00<00:05, 47.11it/s, loss=4.57]
Train Epoch 5/10:  10%|▉         | 31/313 [00:00<00:05, 47.11it/s, loss=4.56]
Train Epoch 5/10:  10%|▉         | 31/313 [00:00<00:05, 47.11it/s, loss=4.57]
Train Epoch 5/10:  12%|█▏        | 36/313 [00:00<00:05, 47.70it/s, loss=4.57]
Train Epoch 5/10:  12%|█▏        | 36/313 [00:00<00:05, 47.70it/s, loss=4.58]
Train Epoch 5/10:  12%|█▏        | 36/313 [00:00<00:05, 47.70it/s, loss=4.58]
Train Epoch 5/10:  12%|█▏        | 36/313 [00:00<00:05, 47.70it/s, loss=4.58]
Train Epoch 5/10:  12%|█▏        | 36/313 [00:00<00:05, 47.70it/s, loss=4.58]
Train Epoch 5/10:  12%|█▏        | 36/313 [00:00<00:05, 47.70it/s, loss=4.58]
Train Epoch 5/10:  12%|█▏        | 36/313 [00:00<00:05, 47.70it/s, loss=4.56]
Train Epoch 5/10:  13%|█▎        | 42/313 [00:00<00:05, 48.69it/s, loss=4.56]
Train Epoch 5/10:  13%|█▎        | 42/313 [00:00<00:05, 48.69it/s, loss=4.56]
Train Epoch 5/10:  13%|█▎        | 42/313 [00:00<00:05, 48.69it/s, loss=4.56]
Train Epoch 5/10:  13%|█▎        | 42/313 [00:00<00:05, 48.69it/s, loss=4.57]
Train Epoch 5/10:  13%|█▎        | 42/313 [00:01<00:05, 48.69it/s, loss=4.56]
Train Epoch 5/10:  13%|█▎        | 42/313 [00:01<00:05, 48.69it/s, loss=4.54]
Train Epoch 5/10:  13%|█▎        | 42/313 [00:01<00:05, 48.69it/s, loss=4.58]
Train Epoch 5/10:  15%|█▌        | 48/313 [00:01<00:05, 49.27it/s, loss=4.58]
Train Epoch 5/10:  15%|█▌        | 48/313 [00:01<00:05, 49.27it/s, loss=4.57]
Train Epoch 5/10:  15%|█▌        | 48/313 [00:01<00:05, 49.27it/s, loss=4.58]
Train Epoch 5/10:  15%|█▌        | 48/313 [00:01<00:05, 49.27it/s, loss=4.55]
Train Epoch 5/10:  15%|█▌        | 48/313 [00:01<00:05, 49.27it/s, loss=4.55]
Train Epoch 5/10:  15%|█▌        | 48/313 [00:01<00:05, 49.27it/s, loss=4.58]
Train Epoch 5/10:  15%|█▌        | 48/313 [00:01<00:05, 49.27it/s, loss=4.56]
Train Epoch 5/10:  17%|█▋        | 54/313 [00:01<00:05, 49.68it/s, loss=4.56]
Train Epoch 5/10:  17%|█▋        | 54/313 [00:01<00:05, 49.68it/s, loss=4.57]
Train Epoch 5/10:  17%|█▋        | 54/313 [00:01<00:05, 49.68it/s, loss=4.55]
Train Epoch 5/10:  17%|█▋        | 54/313 [00:01<00:05, 49.68it/s, loss=4.58]
Train Epoch 5/10:  17%|█▋        | 54/313 [00:01<00:05, 49.68it/s, loss=4.57]
Train Epoch 5/10:  17%|█▋        | 54/313 [00:01<00:05, 49.68it/s, loss=4.56]
Train Epoch 5/10:  17%|█▋        | 54/313 [00:01<00:05, 49.68it/s, loss=4.57]
Train Epoch 5/10:  19%|█▉        | 60/313 [00:01<00:05, 49.96it/s, loss=4.57]
Train Epoch 5/10:  19%|█▉        | 60/313 [00:01<00:05, 49.96it/s, loss=4.57]
Train Epoch 5/10:  19%|█▉        | 60/313 [00:01<00:05, 49.96it/s, loss=4.56]
Train Epoch 5/10:  19%|█▉        | 60/313 [00:01<00:05, 49.96it/s, loss=4.55]
Train Epoch 5/10:  19%|█▉        | 60/313 [00:01<00:05, 49.96it/s, loss=4.58]
Train Epoch 5/10:  19%|█▉        | 60/313 [00:01<00:05, 49.96it/s, loss=4.55]
Train Epoch 5/10:  19%|█▉        | 60/313 [00:01<00:05, 49.96it/s, loss=4.55]
Train Epoch 5/10:  21%|██        | 66/313 [00:01<00:04, 50.12it/s, loss=4.55]
Train Epoch 5/10:  21%|██        | 66/313 [00:01<00:04, 50.12it/s, loss=4.56]
Train Epoch 5/10:  21%|██        | 66/313 [00:01<00:04, 50.12it/s, loss=4.56]
Train Epoch 5/10:  21%|██        | 66/313 [00:01<00:04, 50.12it/s, loss=4.55]
Train Epoch 5/10:  21%|██        | 66/313 [00:01<00:04, 50.12it/s, loss=4.58]
Train Epoch 5/10:  21%|██        | 66/313 [00:01<00:04, 50.12it/s, loss=4.55]
Train Epoch 5/10:  21%|██        | 66/313 [00:01<00:04, 50.12it/s, loss=4.56]
Train Epoch 5/10:  23%|██▎       | 72/313 [00:01<00:04, 50.24it/s, loss=4.56]
Train Epoch 5/10:  23%|██▎       | 72/313 [00:01<00:04, 50.24it/s, loss=4.58]
Train Epoch 5/10:  23%|██▎       | 72/313 [00:01<00:04, 50.24it/s, loss=4.56]
Train Epoch 5/10:  23%|██▎       | 72/313 [00:01<00:04, 50.24it/s, loss=4.56]
Train Epoch 5/10:  23%|██▎       | 72/313 [00:01<00:04, 50.24it/s, loss=4.57]
Train Epoch 5/10:  23%|██▎       | 72/313 [00:01<00:04, 50.24it/s, loss=4.57]
Train Epoch 5/10:  23%|██▎       | 72/313 [00:01<00:04, 50.24it/s, loss=4.56]
Train Epoch 5/10:  25%|██▍       | 78/313 [00:01<00:04, 50.27it/s, loss=4.56]
Train Epoch 5/10:  25%|██▍       | 78/313 [00:01<00:04, 50.27it/s, loss=4.53]
Train Epoch 5/10:  25%|██▍       | 78/313 [00:01<00:04, 50.27it/s, loss=4.56]
Train Epoch 5/10:  25%|██▍       | 78/313 [00:01<00:04, 50.27it/s, loss=4.55]
Train Epoch 5/10:  25%|██▍       | 78/313 [00:01<00:04, 50.27it/s, loss=4.56]
Train Epoch 5/10:  25%|██▍       | 78/313 [00:01<00:04, 50.27it/s, loss=4.56]
Train Epoch 5/10:  25%|██▍       | 78/313 [00:01<00:04, 50.27it/s, loss=4.58]
Train Epoch 5/10:  27%|██▋       | 84/313 [00:01<00:04, 50.40it/s, loss=4.58]
Train Epoch 5/10:  27%|██▋       | 84/313 [00:01<00:04, 50.40it/s, loss=4.54]
Train Epoch 5/10:  27%|██▋       | 84/313 [00:01<00:04, 50.40it/s, loss=4.56]
Train Epoch 5/10:  27%|██▋       | 84/313 [00:01<00:04, 50.40it/s, loss=4.55]
Train Epoch 5/10:  27%|██▋       | 84/313 [00:01<00:04, 50.40it/s, loss=4.56]
Train Epoch 5/10:  27%|██▋       | 84/313 [00:01<00:04, 50.40it/s, loss=4.57]
Train Epoch 5/10:  27%|██▋       | 84/313 [00:01<00:04, 50.40it/s, loss=4.57]
Train Epoch 5/10:  29%|██▉       | 90/313 [00:01<00:04, 50.50it/s, loss=4.57]
Train Epoch 5/10:  29%|██▉       | 90/313 [00:01<00:04, 50.50it/s, loss=4.56]
Train Epoch 5/10:  29%|██▉       | 90/313 [00:01<00:04, 50.50it/s, loss=4.55]
Train Epoch 5/10:  29%|██▉       | 90/313 [00:01<00:04, 50.50it/s, loss=4.57]
Train Epoch 5/10:  29%|██▉       | 90/313 [00:01<00:04, 50.50it/s, loss=4.6]
Train Epoch 5/10:  29%|██▉       | 90/313 [00:01<00:04, 50.50it/s, loss=4.55]
Train Epoch 5/10:  29%|██▉       | 90/313 [00:01<00:04, 50.50it/s, loss=4.55]
Train Epoch 5/10:  31%|███       | 96/313 [00:01<00:04, 50.56it/s, loss=4.55]
Train Epoch 5/10:  31%|███       | 96/313 [00:02<00:04, 50.56it/s, loss=4.57]
Train Epoch 5/10:  31%|███       | 96/313 [00:02<00:04, 50.56it/s, loss=4.54]
Train Epoch 5/10:  31%|███       | 96/313 [00:02<00:04, 50.56it/s, loss=4.52]
Train Epoch 5/10:  31%|███       | 96/313 [00:02<00:04, 50.56it/s, loss=4.55]
Train Epoch 5/10:  31%|███       | 96/313 [00:02<00:04, 50.56it/s, loss=4.53]
Train Epoch 5/10:  31%|███       | 96/313 [00:02<00:04, 50.56it/s, loss=4.54]
Train Epoch 5/10:  33%|███▎      | 102/313 [00:02<00:04, 50.59it/s, loss=4.54]
Train Epoch 5/10:  33%|███▎      | 102/313 [00:02<00:04, 50.59it/s, loss=4.54]
Train Epoch 5/10:  33%|███▎      | 102/313 [00:02<00:04, 50.59it/s, loss=4.54]
Train Epoch 5/10:  33%|███▎      | 102/313 [00:02<00:04, 50.59it/s, loss=4.56]
Train Epoch 5/10:  33%|███▎      | 102/313 [00:02<00:04, 50.59it/s, loss=4.56]
Train Epoch 5/10:  33%|███▎      | 102/313 [00:02<00:04, 50.59it/s, loss=4.55]
Train Epoch 5/10:  33%|███▎      | 102/313 [00:02<00:04, 50.59it/s, loss=4.57]
Train Epoch 5/10:  35%|███▍      | 108/313 [00:02<00:04, 50.63it/s, loss=4.57]
Train Epoch 5/10:  35%|███▍      | 108/313 [00:02<00:04, 50.63it/s, loss=4.57]
Train Epoch 5/10:  35%|███▍      | 108/313 [00:02<00:04, 50.63it/s, loss=4.55]
Train Epoch 5/10:  35%|███▍      | 108/313 [00:02<00:04, 50.63it/s, loss=4.52]
Train Epoch 5/10:  35%|███▍      | 108/313 [00:02<00:04, 50.63it/s, loss=4.52]
Train Epoch 5/10:  35%|███▍      | 108/313 [00:02<00:04, 50.63it/s, loss=4.55]
Train Epoch 5/10:  35%|███▍      | 108/313 [00:02<00:04, 50.63it/s, loss=4.53]
Train Epoch 5/10:  36%|███▋      | 114/313 [00:02<00:03, 50.62it/s, loss=4.53]
Train Epoch 5/10:  36%|███▋      | 114/313 [00:02<00:03, 50.62it/s, loss=4.56]
Train Epoch 5/10:  36%|███▋      | 114/313 [00:02<00:03, 50.62it/s, loss=4.58]
Train Epoch 5/10:  36%|███▋      | 114/313 [00:02<00:03, 50.62it/s, loss=4.55]
Train Epoch 5/10:  36%|███▋      | 114/313 [00:02<00:03, 50.62it/s, loss=4.57]
Train Epoch 5/10:  36%|███▋      | 114/313 [00:02<00:03, 50.62it/s, loss=4.55]
Train Epoch 5/10:  36%|███▋      | 114/313 [00:02<00:03, 50.62it/s, loss=4.52]
Train Epoch 5/10:  38%|███▊      | 120/313 [00:02<00:03, 50.66it/s, loss=4.52]
Train Epoch 5/10:  38%|███▊      | 120/313 [00:02<00:03, 50.66it/s, loss=4.55]
Train Epoch 5/10:  38%|███▊      | 120/313 [00:02<00:03, 50.66it/s, loss=4.58]
Train Epoch 5/10:  38%|███▊      | 120/313 [00:02<00:03, 50.66it/s, loss=4.6]
Train Epoch 5/10:  38%|███▊      | 120/313 [00:02<00:03, 50.66it/s, loss=4.52]
Train Epoch 5/10:  38%|███▊      | 120/313 [00:02<00:03, 50.66it/s, loss=4.56]
Train Epoch 5/10:  38%|███▊      | 120/313 [00:02<00:03, 50.66it/s, loss=4.54]
Train Epoch 5/10:  40%|████      | 126/313 [00:02<00:04, 43.29it/s, loss=4.54]
Train Epoch 5/10:  40%|████      | 126/313 [00:02<00:04, 43.29it/s, loss=4.54]
Train Epoch 5/10:  40%|████      | 126/313 [00:02<00:04, 43.29it/s, loss=4.56]
Train Epoch 5/10:  40%|████      | 126/313 [00:02<00:04, 43.29it/s, loss=4.57]
Train Epoch 5/10:  40%|████      | 126/313 [00:02<00:04, 43.29it/s, loss=4.56]
Train Epoch 5/10:  40%|████      | 126/313 [00:02<00:04, 43.29it/s, loss=4.56]
Train Epoch 5/10:  42%|████▏     | 131/313 [00:02<00:04, 37.11it/s, loss=4.56]
Train Epoch 5/10:  42%|████▏     | 131/313 [00:02<00:04, 37.11it/s, loss=4.57]
Train Epoch 5/10:  42%|████▏     | 131/313 [00:02<00:04, 37.11it/s, loss=4.54]
Train Epoch 5/10:  42%|████▏     | 131/313 [00:02<00:04, 37.11it/s, loss=4.54]
Train Epoch 5/10:  42%|████▏     | 131/313 [00:02<00:04, 37.11it/s, loss=4.54]
Train Epoch 5/10:  43%|████▎     | 135/313 [00:02<00:04, 36.29it/s, loss=4.54]
Train Epoch 5/10:  43%|████▎     | 135/313 [00:02<00:04, 36.29it/s, loss=4.53]
Train Epoch 5/10:  43%|████▎     | 135/313 [00:03<00:04, 36.29it/s, loss=4.55]
Train Epoch 5/10:  43%|████▎     | 135/313 [00:03<00:04, 36.29it/s, loss=4.55]
Train Epoch 5/10:  43%|████▎     | 135/313 [00:03<00:04, 36.29it/s, loss=4.55]
Train Epoch 5/10:  44%|████▍     | 139/313 [00:03<00:04, 35.23it/s, loss=4.55]
Train Epoch 5/10:  44%|████▍     | 139/313 [00:03<00:04, 35.23it/s, loss=4.56]
Train Epoch 5/10:  44%|████▍     | 139/313 [00:03<00:04, 35.23it/s, loss=4.54]
Train Epoch 5/10:  44%|████▍     | 139/313 [00:03<00:04, 35.23it/s, loss=4.54]
Train Epoch 5/10:  44%|████▍     | 139/313 [00:03<00:04, 35.23it/s, loss=4.59]
Train Epoch 5/10:  46%|████▌     | 143/313 [00:03<00:04, 34.12it/s, loss=4.59]
Train Epoch 5/10:  46%|████▌     | 143/313 [00:03<00:04, 34.12it/s, loss=4.57]
Train Epoch 5/10:  46%|████▌     | 143/313 [00:03<00:04, 34.12it/s, loss=4.52]
Train Epoch 5/10:  46%|████▌     | 143/313 [00:03<00:04, 34.12it/s, loss=4.53]
Train Epoch 5/10:  46%|████▌     | 143/313 [00:03<00:04, 34.12it/s, loss=4.53]
Train Epoch 5/10:  46%|████▌     | 143/313 [00:03<00:04, 34.12it/s, loss=4.55]
Train Epoch 5/10:  47%|████▋     | 148/313 [00:03<00:04, 37.04it/s, loss=4.55]
Train Epoch 5/10:  47%|████▋     | 148/313 [00:03<00:04, 37.04it/s, loss=4.53]
Train Epoch 5/10:  47%|████▋     | 148/313 [00:03<00:04, 37.04it/s, loss=4.55]
Train Epoch 5/10:  47%|████▋     | 148/313 [00:03<00:04, 37.04it/s, loss=4.53]
Train Epoch 5/10:  47%|████▋     | 148/313 [00:03<00:04, 37.04it/s, loss=4.56]
Train Epoch 5/10:  47%|████▋     | 148/313 [00:03<00:04, 37.04it/s, loss=4.52]
Train Epoch 5/10:  49%|████▉     | 153/313 [00:03<00:04, 39.35it/s, loss=4.52]
Train Epoch 5/10:  49%|████▉     | 153/313 [00:03<00:04, 39.35it/s, loss=4.56]
Train Epoch 5/10:  49%|████▉     | 153/313 [00:03<00:04, 39.35it/s, loss=4.58]
Train Epoch 5/10:  49%|████▉     | 153/313 [00:03<00:04, 39.35it/s, loss=4.53]
Train Epoch 5/10:  49%|████▉     | 153/313 [00:03<00:04, 39.35it/s, loss=4.52]
Train Epoch 5/10:  49%|████▉     | 153/313 [00:03<00:04, 39.35it/s, loss=4.55]
Train Epoch 5/10:  50%|█████     | 158/313 [00:03<00:03, 41.73it/s, loss=4.55]
Train Epoch 5/10:  50%|█████     | 158/313 [00:03<00:03, 41.73it/s, loss=4.55]
Train Epoch 5/10:  50%|█████     | 158/313 [00:03<00:03, 41.73it/s, loss=4.52]
Train Epoch 5/10:  50%|█████     | 158/313 [00:03<00:03, 41.73it/s, loss=4.55]
Train Epoch 5/10:  50%|█████     | 158/313 [00:03<00:03, 41.73it/s, loss=4.54]
Train Epoch 5/10:  50%|█████     | 158/313 [00:03<00:03, 41.73it/s, loss=4.53]
Train Epoch 5/10:  52%|█████▏    | 163/313 [00:03<00:03, 41.59it/s, loss=4.53]
Train Epoch 5/10:  52%|█████▏    | 163/313 [00:03<00:03, 41.59it/s, loss=4.59]
Train Epoch 5/10:  52%|█████▏    | 163/313 [00:03<00:03, 41.59it/s, loss=4.57]
Train Epoch 5/10:  52%|█████▏    | 163/313 [00:03<00:03, 41.59it/s, loss=4.56]
Train Epoch 5/10:  52%|█████▏    | 163/313 [00:03<00:03, 41.59it/s, loss=4.55]
Train Epoch 5/10:  52%|█████▏    | 163/313 [00:03<00:03, 41.59it/s, loss=4.59]
Train Epoch 5/10:  54%|█████▎    | 168/313 [00:03<00:03, 42.59it/s, loss=4.59]
Train Epoch 5/10:  54%|█████▎    | 168/313 [00:03<00:03, 42.59it/s, loss=4.55]
Train Epoch 5/10:  54%|█████▎    | 168/313 [00:03<00:03, 42.59it/s, loss=4.61]
Train Epoch 5/10:  54%|█████▎    | 168/313 [00:03<00:03, 42.59it/s, loss=4.56]
Train Epoch 5/10:  54%|█████▎    | 168/313 [00:03<00:03, 42.59it/s, loss=4.5]
Train Epoch 5/10:  54%|█████▎    | 168/313 [00:03<00:03, 42.59it/s, loss=4.57]
Train Epoch 5/10:  55%|█████▌    | 173/313 [00:03<00:03, 43.34it/s, loss=4.57]
Train Epoch 5/10:  55%|█████▌    | 173/313 [00:03<00:03, 43.34it/s, loss=4.53]
Train Epoch 5/10:  55%|█████▌    | 173/313 [00:03<00:03, 43.34it/s, loss=4.55]
Train Epoch 5/10:  55%|█████▌    | 173/313 [00:03<00:03, 43.34it/s, loss=4.51]
Train Epoch 5/10:  55%|█████▌    | 173/313 [00:03<00:03, 43.34it/s, loss=4.56]
Train Epoch 5/10:  55%|█████▌    | 173/313 [00:03<00:03, 43.34it/s, loss=4.54]
Train Epoch 5/10:  57%|█████▋    | 178/313 [00:03<00:03, 43.90it/s, loss=4.54]
Train Epoch 5/10:  57%|█████▋    | 178/313 [00:04<00:03, 43.90it/s, loss=4.55]
Train Epoch 5/10:  57%|█████▋    | 178/313 [00:04<00:03, 43.90it/s, loss=4.53]
Train Epoch 5/10:  57%|█████▋    | 178/313 [00:04<00:03, 43.90it/s, loss=4.55]
Train Epoch 5/10:  57%|█████▋    | 178/313 [00:04<00:03, 43.90it/s, loss=4.53]
Train Epoch 5/10:  57%|█████▋    | 178/313 [00:04<00:03, 43.90it/s, loss=4.51]
Train Epoch 5/10:  58%|█████▊    | 183/313 [00:04<00:02, 44.28it/s, loss=4.51]
Train Epoch 5/10:  58%|█████▊    | 183/313 [00:04<00:02, 44.28it/s, loss=4.56]
Train Epoch 5/10:  58%|█████▊    | 183/313 [00:04<00:02, 44.28it/s, loss=4.55]
Train Epoch 5/10:  58%|█████▊    | 183/313 [00:04<00:02, 44.28it/s, loss=4.51]
Train Epoch 5/10:  58%|█████▊    | 183/313 [00:04<00:02, 44.28it/s, loss=4.51]
Train Epoch 5/10:  58%|█████▊    | 183/313 [00:04<00:02, 44.28it/s, loss=4.56]
Train Epoch 5/10:  60%|██████    | 188/313 [00:04<00:02, 45.22it/s, loss=4.56]
Train Epoch 5/10:  60%|██████    | 188/313 [00:04<00:02, 45.22it/s, loss=4.52]
Train Epoch 5/10:  60%|██████    | 188/313 [00:04<00:02, 45.22it/s, loss=4.56]
Train Epoch 5/10:  60%|██████    | 188/313 [00:04<00:02, 45.22it/s, loss=4.53]
Train Epoch 5/10:  60%|██████    | 188/313 [00:04<00:02, 45.22it/s, loss=4.54]
Train Epoch 5/10:  60%|██████    | 188/313 [00:04<00:02, 45.22it/s, loss=4.51]
Train Epoch 5/10:  62%|██████▏   | 193/313 [00:04<00:02, 46.34it/s, loss=4.51]
Train Epoch 5/10:  62%|██████▏   | 193/313 [00:04<00:02, 46.34it/s, loss=4.52]
Train Epoch 5/10:  62%|██████▏   | 193/313 [00:04<00:02, 46.34it/s, loss=4.53]
Train Epoch 5/10:  62%|██████▏   | 193/313 [00:04<00:02, 46.34it/s, loss=4.53]
Train Epoch 5/10:  62%|██████▏   | 193/313 [00:04<00:02, 46.34it/s, loss=4.53]
Train Epoch 5/10:  62%|██████▏   | 193/313 [00:04<00:02, 46.34it/s, loss=4.51]
Train Epoch 5/10:  63%|██████▎   | 198/313 [00:04<00:02, 47.10it/s, loss=4.51]
Train Epoch 5/10:  63%|██████▎   | 198/313 [00:04<00:02, 47.10it/s, loss=4.5]
Train Epoch 5/10:  63%|██████▎   | 198/313 [00:04<00:02, 47.10it/s, loss=4.56]
Train Epoch 5/10:  63%|██████▎   | 198/313 [00:04<00:02, 47.10it/s, loss=4.54]
Train Epoch 5/10:  63%|██████▎   | 198/313 [00:04<00:02, 47.10it/s, loss=4.57]
Train Epoch 5/10:  63%|██████▎   | 198/313 [00:04<00:02, 47.10it/s, loss=4.51]
Train Epoch 5/10:  65%|██████▍   | 203/313 [00:04<00:02, 47.68it/s, loss=4.51]
Train Epoch 5/10:  65%|██████▍   | 203/313 [00:04<00:02, 47.68it/s, loss=4.54]
Train Epoch 5/10:  65%|██████▍   | 203/313 [00:04<00:02, 47.68it/s, loss=4.49]
Train Epoch 5/10:  65%|██████▍   | 203/313 [00:04<00:02, 47.68it/s, loss=4.59]
Train Epoch 5/10:  65%|██████▍   | 203/313 [00:04<00:02, 47.68it/s, loss=4.59]
Train Epoch 5/10:  65%|██████▍   | 203/313 [00:04<00:02, 47.68it/s, loss=4.56]
Train Epoch 5/10:  66%|██████▋   | 208/313 [00:04<00:02, 46.26it/s, loss=4.56]
Train Epoch 5/10:  66%|██████▋   | 208/313 [00:04<00:02, 46.26it/s, loss=4.5]
Train Epoch 5/10:  66%|██████▋   | 208/313 [00:04<00:02, 46.26it/s, loss=4.52]
Train Epoch 5/10:  66%|██████▋   | 208/313 [00:04<00:02, 46.26it/s, loss=4.56]
Train Epoch 5/10:  66%|██████▋   | 208/313 [00:04<00:02, 46.26it/s, loss=4.53]
Train Epoch 5/10:  66%|██████▋   | 208/313 [00:04<00:02, 46.26it/s, loss=4.56]
Train Epoch 5/10:  68%|██████▊   | 213/313 [00:04<00:02, 39.50it/s, loss=4.56]
Train Epoch 5/10:  68%|██████▊   | 213/313 [00:04<00:02, 39.50it/s, loss=4.55]
Train Epoch 5/10:  68%|██████▊   | 213/313 [00:04<00:02, 39.50it/s, loss=4.58]
Train Epoch 5/10:  68%|██████▊   | 213/313 [00:04<00:02, 39.50it/s, loss=4.54]
Train Epoch 5/10:  68%|██████▊   | 213/313 [00:04<00:02, 39.50it/s, loss=4.53]
Train Epoch 5/10:  68%|██████▊   | 213/313 [00:04<00:02, 39.50it/s, loss=4.57]
Train Epoch 5/10:  70%|██████▉   | 218/313 [00:04<00:02, 37.84it/s, loss=4.57]
Train Epoch 5/10:  70%|██████▉   | 218/313 [00:04<00:02, 37.84it/s, loss=4.54]
Train Epoch 5/10:  70%|██████▉   | 218/313 [00:04<00:02, 37.84it/s, loss=4.55]
Train Epoch 5/10:  70%|██████▉   | 218/313 [00:05<00:02, 37.84it/s, loss=4.57]
Train Epoch 5/10:  70%|██████▉   | 218/313 [00:05<00:02, 37.84it/s, loss=4.55]
Train Epoch 5/10:  71%|███████   | 222/313 [00:05<00:02, 37.96it/s, loss=4.55]
Train Epoch 5/10:  71%|███████   | 222/313 [00:05<00:02, 37.96it/s, loss=4.55]
Train Epoch 5/10:  71%|███████   | 222/313 [00:05<00:02, 37.96it/s, loss=4.54]
Train Epoch 5/10:  71%|███████   | 222/313 [00:05<00:02, 37.96it/s, loss=4.54]
Train Epoch 5/10:  71%|███████   | 222/313 [00:05<00:02, 37.96it/s, loss=4.52]
Train Epoch 5/10:  72%|███████▏  | 226/313 [00:05<00:02, 38.25it/s, loss=4.52]
Train Epoch 5/10:  72%|███████▏  | 226/313 [00:05<00:02, 38.25it/s, loss=4.53]
Train Epoch 5/10:  72%|███████▏  | 226/313 [00:05<00:02, 38.25it/s, loss=4.53]
Train Epoch 5/10:  72%|███████▏  | 226/313 [00:05<00:02, 38.25it/s, loss=4.55]
Train Epoch 5/10:  72%|███████▏  | 226/313 [00:05<00:02, 38.25it/s, loss=4.56]
Train Epoch 5/10:  72%|███████▏  | 226/313 [00:05<00:02, 38.25it/s, loss=4.5]
Train Epoch 5/10:  74%|███████▍  | 231/313 [00:05<00:02, 39.80it/s, loss=4.5]
Train Epoch 5/10:  74%|███████▍  | 231/313 [00:05<00:02, 39.80it/s, loss=4.52]
Train Epoch 5/10:  74%|███████▍  | 231/313 [00:05<00:02, 39.80it/s, loss=4.52]
Train Epoch 5/10:  74%|███████▍  | 231/313 [00:05<00:02, 39.80it/s, loss=4.55]
Train Epoch 5/10:  74%|███████▍  | 231/313 [00:05<00:02, 39.80it/s, loss=4.54]
Train Epoch 5/10:  74%|███████▍  | 231/313 [00:05<00:02, 39.80it/s, loss=4.53]
Train Epoch 5/10:  75%|███████▌  | 236/313 [00:05<00:01, 41.09it/s, loss=4.53]
Train Epoch 5/10:  75%|███████▌  | 236/313 [00:05<00:01, 41.09it/s, loss=4.47]
Train Epoch 5/10:  75%|███████▌  | 236/313 [00:05<00:01, 41.09it/s, loss=4.5]
Train Epoch 5/10:  75%|███████▌  | 236/313 [00:05<00:01, 41.09it/s, loss=4.51]
Train Epoch 5/10:  75%|███████▌  | 236/313 [00:05<00:01, 41.09it/s, loss=4.52]
Train Epoch 5/10:  75%|███████▌  | 236/313 [00:05<00:01, 41.09it/s, loss=4.53]
Train Epoch 5/10:  77%|███████▋  | 241/313 [00:05<00:01, 42.93it/s, loss=4.53]
Train Epoch 5/10:  77%|███████▋  | 241/313 [00:05<00:01, 42.93it/s, loss=4.51]
Train Epoch 5/10:  77%|███████▋  | 241/313 [00:05<00:01, 42.93it/s, loss=4.48]
Train Epoch 5/10:  77%|███████▋  | 241/313 [00:05<00:01, 42.93it/s, loss=4.56]
Train Epoch 5/10:  77%|███████▋  | 241/313 [00:05<00:01, 42.93it/s, loss=4.54]
Train Epoch 5/10:  77%|███████▋  | 241/313 [00:05<00:01, 42.93it/s, loss=4.55]
Train Epoch 5/10:  79%|███████▊  | 246/313 [00:05<00:01, 44.60it/s, loss=4.55]
Train Epoch 5/10:  79%|███████▊  | 246/313 [00:05<00:01, 44.60it/s, loss=4.51]
Train Epoch 5/10:  79%|███████▊  | 246/313 [00:05<00:01, 44.60it/s, loss=4.48]
Train Epoch 5/10:  79%|███████▊  | 246/313 [00:05<00:01, 44.60it/s, loss=4.51]
Train Epoch 5/10:  79%|███████▊  | 246/313 [00:05<00:01, 44.60it/s, loss=4.52]
Train Epoch 5/10:  79%|███████▊  | 246/313 [00:05<00:01, 44.60it/s, loss=4.49]
Train Epoch 5/10:  80%|████████  | 251/313 [00:05<00:01, 45.86it/s, loss=4.49]
Train Epoch 5/10:  80%|████████  | 251/313 [00:05<00:01, 45.86it/s, loss=4.52]
Train Epoch 5/10:  80%|████████  | 251/313 [00:05<00:01, 45.86it/s, loss=4.49]
Train Epoch 5/10:  80%|████████  | 251/313 [00:05<00:01, 45.86it/s, loss=4.53]
Train Epoch 5/10:  80%|████████  | 251/313 [00:05<00:01, 45.86it/s, loss=4.53]
Train Epoch 5/10:  80%|████████  | 251/313 [00:05<00:01, 45.86it/s, loss=4.57]
Train Epoch 5/10:  82%|████████▏ | 256/313 [00:05<00:01, 46.81it/s, loss=4.57]
Train Epoch 5/10:  82%|████████▏ | 256/313 [00:05<00:01, 46.81it/s, loss=4.54]
Train Epoch 5/10:  82%|████████▏ | 256/313 [00:05<00:01, 46.81it/s, loss=4.59]
Train Epoch 5/10:  82%|████████▏ | 256/313 [00:05<00:01, 46.81it/s, loss=4.53]
Train Epoch 5/10:  82%|████████▏ | 256/313 [00:05<00:01, 46.81it/s, loss=4.57]
Train Epoch 5/10:  82%|████████▏ | 256/313 [00:05<00:01, 46.81it/s, loss=4.54]
Train Epoch 5/10:  83%|████████▎ | 261/313 [00:05<00:01, 47.47it/s, loss=4.54]
Train Epoch 5/10:  83%|████████▎ | 261/313 [00:05<00:01, 47.47it/s, loss=4.53]
Train Epoch 5/10:  83%|████████▎ | 261/313 [00:05<00:01, 47.47it/s, loss=4.49]
Train Epoch 5/10:  83%|████████▎ | 261/313 [00:05<00:01, 47.47it/s, loss=4.54]
Train Epoch 5/10:  83%|████████▎ | 261/313 [00:05<00:01, 47.47it/s, loss=4.52]
Train Epoch 5/10:  83%|████████▎ | 261/313 [00:05<00:01, 47.47it/s, loss=4.55]
Train Epoch 5/10:  85%|████████▍ | 266/313 [00:05<00:00, 47.96it/s, loss=4.55]
Train Epoch 5/10:  85%|████████▍ | 266/313 [00:06<00:00, 47.96it/s, loss=4.47]
Train Epoch 5/10:  85%|████████▍ | 266/313 [00:06<00:00, 47.96it/s, loss=4.52]
Train Epoch 5/10:  85%|████████▍ | 266/313 [00:06<00:00, 47.96it/s, loss=4.53]
Train Epoch 5/10:  85%|████████▍ | 266/313 [00:06<00:00, 47.96it/s, loss=4.55]
Train Epoch 5/10:  85%|████████▍ | 266/313 [00:06<00:00, 47.96it/s, loss=4.56]
Train Epoch 5/10:  87%|████████▋ | 271/313 [00:06<00:00, 48.33it/s, loss=4.56]
Train Epoch 5/10:  87%|████████▋ | 271/313 [00:06<00:00, 48.33it/s, loss=4.56]
Train Epoch 5/10:  87%|████████▋ | 271/313 [00:06<00:00, 48.33it/s, loss=4.53]
Train Epoch 5/10:  87%|████████▋ | 271/313 [00:06<00:00, 48.33it/s, loss=4.58]
Train Epoch 5/10:  87%|████████▋ | 271/313 [00:06<00:00, 48.33it/s, loss=4.53]
Train Epoch 5/10:  87%|████████▋ | 271/313 [00:06<00:00, 48.33it/s, loss=4.53]
Train Epoch 5/10:  88%|████████▊ | 276/313 [00:06<00:00, 48.56it/s, loss=4.53]
Train Epoch 5/10:  88%|████████▊ | 276/313 [00:06<00:00, 48.56it/s, loss=4.53]
Train Epoch 5/10:  88%|████████▊ | 276/313 [00:06<00:00, 48.56it/s, loss=4.52]
Train Epoch 5/10:  88%|████████▊ | 276/313 [00:06<00:00, 48.56it/s, loss=4.53]
Train Epoch 5/10:  88%|████████▊ | 276/313 [00:06<00:00, 48.56it/s, loss=4.56]
Train Epoch 5/10:  88%|████████▊ | 276/313 [00:06<00:00, 48.56it/s, loss=4.55]
Train Epoch 5/10:  90%|████████▉ | 281/313 [00:06<00:00, 48.72it/s, loss=4.55]
Train Epoch 5/10:  90%|████████▉ | 281/313 [00:06<00:00, 48.72it/s, loss=4.57]
Train Epoch 5/10:  90%|████████▉ | 281/313 [00:06<00:00, 48.72it/s, loss=4.57]
Train Epoch 5/10:  90%|████████▉ | 281/313 [00:06<00:00, 48.72it/s, loss=4.55]
Train Epoch 5/10:  90%|████████▉ | 281/313 [00:06<00:00, 48.72it/s, loss=4.56]
Train Epoch 5/10:  90%|████████▉ | 281/313 [00:06<00:00, 48.72it/s, loss=4.54]
Train Epoch 5/10:  91%|█████████▏| 286/313 [00:06<00:00, 48.81it/s, loss=4.54]
Train Epoch 5/10:  91%|█████████▏| 286/313 [00:06<00:00, 48.81it/s, loss=4.52]
Train Epoch 5/10:  91%|█████████▏| 286/313 [00:06<00:00, 48.81it/s, loss=4.56]
Train Epoch 5/10:  91%|█████████▏| 286/313 [00:06<00:00, 48.81it/s, loss=4.57]
Train Epoch 5/10:  91%|█████████▏| 286/313 [00:06<00:00, 48.81it/s, loss=4.55]
Train Epoch 5/10:  91%|█████████▏| 286/313 [00:06<00:00, 48.81it/s, loss=4.57]
Train Epoch 5/10:  93%|█████████▎| 291/313 [00:06<00:00, 48.67it/s, loss=4.57]
Train Epoch 5/10:  93%|█████████▎| 291/313 [00:06<00:00, 48.67it/s, loss=4.58]
Train Epoch 5/10:  93%|█████████▎| 291/313 [00:06<00:00, 48.67it/s, loss=4.56]
Train Epoch 5/10:  93%|█████████▎| 291/313 [00:06<00:00, 48.67it/s, loss=4.55]
Train Epoch 5/10:  93%|█████████▎| 291/313 [00:06<00:00, 48.67it/s, loss=4.58]
Train Epoch 5/10:  93%|█████████▎| 291/313 [00:06<00:00, 48.67it/s, loss=4.54]
Train Epoch 5/10:  95%|█████████▍| 296/313 [00:06<00:00, 47.84it/s, loss=4.54]
Train Epoch 5/10:  95%|█████████▍| 296/313 [00:06<00:00, 47.84it/s, loss=4.56]
Train Epoch 5/10:  95%|█████████▍| 296/313 [00:06<00:00, 47.84it/s, loss=4.58]
Train Epoch 5/10:  95%|█████████▍| 296/313 [00:06<00:00, 47.84it/s, loss=4.53]
Train Epoch 5/10:  95%|█████████▍| 296/313 [00:06<00:00, 47.84it/s, loss=4.59]
Train Epoch 5/10:  95%|█████████▍| 296/313 [00:06<00:00, 47.84it/s, loss=4.57]
Train Epoch 5/10:  96%|█████████▌| 301/313 [00:06<00:00, 47.79it/s, loss=4.57]
Train Epoch 5/10:  96%|█████████▌| 301/313 [00:06<00:00, 47.79it/s, loss=4.55]
Train Epoch 5/10:  96%|█████████▌| 301/313 [00:06<00:00, 47.79it/s, loss=4.56]
Train Epoch 5/10:  96%|█████████▌| 301/313 [00:06<00:00, 47.79it/s, loss=4.54]
Train Epoch 5/10:  96%|█████████▌| 301/313 [00:06<00:00, 47.79it/s, loss=4.58]
Train Epoch 5/10:  96%|█████████▌| 301/313 [00:06<00:00, 47.79it/s, loss=4.56]
Train Epoch 5/10:  98%|█████████▊| 306/313 [00:06<00:00, 43.55it/s, loss=4.56]
Train Epoch 5/10:  98%|█████████▊| 306/313 [00:06<00:00, 43.55it/s, loss=4.58]
Train Epoch 5/10:  98%|█████████▊| 306/313 [00:06<00:00, 43.55it/s, loss=4.55]
Train Epoch 5/10:  98%|█████████▊| 306/313 [00:06<00:00, 43.55it/s, loss=4.54]
Train Epoch 5/10:  98%|█████████▊| 306/313 [00:06<00:00, 43.55it/s, loss=4.59]
Train Epoch 5/10:  98%|█████████▊| 306/313 [00:06<00:00, 43.55it/s, loss=4.59]
Train Epoch 5/10:  99%|█████████▉| 311/313 [00:06<00:00, 41.28it/s, loss=4.59]
Train Epoch 5/10:  99%|█████████▉| 311/313 [00:07<00:00, 41.28it/s, loss=4.58]
Train Epoch 5/10:  99%|█████████▉| 311/313 [00:07<00:00, 41.28it/s, loss=4.52]
Train Epoch 5/10: 100%|██████████| 313/313 [00:07<00:00, 44.49it/s, loss=4.52]

Valid Epoch 5/10:   0%|          | 0/32 [00:00<?, ?it/s, acc=-, loss=-]
Valid Epoch 5/10:  25%|██▌       | 8/32 [00:00<00:00, 76.64it/s, acc=-, loss=-]
Valid Epoch 5/10:  56%|█████▋    | 18/32 [00:00<00:00, 89.41it/s, acc=-, loss=-]
Valid Epoch 5/10:  84%|████████▍ | 27/32 [00:00<00:00, 60.69it/s, acc=-, loss=-]
Valid Epoch 5/10: 100%|██████████| 32/32 [00:00<00:00, 60.69it/s, valid/loss=4.58, valid/accuracy=0.011]
Valid Epoch 5/10: 100%|██████████| 32/32 [00:00<00:00, 64.05it/s, valid/loss=4.58, valid/accuracy=0.011]

Train Epoch 6/10:   0%|          | 0/313 [00:00<?, ?it/s]
Train Epoch 6/10:   0%|          | 0/313 [00:00<?, ?it/s, loss=4.56]
Train Epoch 6/10:   0%|          | 0/313 [00:00<?, ?it/s, loss=4.56]
Train Epoch 6/10:   1%|          | 2/313 [00:00<00:17, 18.29it/s, loss=4.56]
Train Epoch 6/10:   1%|          | 2/313 [00:00<00:17, 18.29it/s, loss=4.56]
Train Epoch 6/10:   1%|          | 2/313 [00:00<00:17, 18.29it/s, loss=4.57]
Train Epoch 6/10:   1%|▏         | 4/313 [00:00<00:16, 18.24it/s, loss=4.57]
Train Epoch 6/10:   1%|▏         | 4/313 [00:00<00:16, 18.24it/s, loss=4.59]
Train Epoch 6/10:   1%|▏         | 4/313 [00:00<00:16, 18.24it/s, loss=4.57]
Train Epoch 6/10:   1%|▏         | 4/313 [00:00<00:16, 18.24it/s, loss=4.55]
Train Epoch 6/10:   2%|▏         | 7/313 [00:00<00:15, 20.17it/s, loss=4.55]
Train Epoch 6/10:   2%|▏         | 7/313 [00:00<00:15, 20.17it/s, loss=4.57]
Train Epoch 6/10:   2%|▏         | 7/313 [00:00<00:15, 20.17it/s, loss=4.59]
Train Epoch 6/10:   2%|▏         | 7/313 [00:00<00:15, 20.17it/s, loss=4.54]
Train Epoch 6/10:   3%|▎         | 10/313 [00:00<00:14, 21.09it/s, loss=4.54]
Train Epoch 6/10:   3%|▎         | 10/313 [00:00<00:14, 21.09it/s, loss=4.57]
Train Epoch 6/10:   3%|▎         | 10/313 [00:00<00:14, 21.09it/s, loss=4.57]
Train Epoch 6/10:   3%|▎         | 10/313 [00:00<00:14, 21.09it/s, loss=4.58]
Train Epoch 6/10:   4%|▍         | 13/313 [00:00<00:13, 21.83it/s, loss=4.58]
Train Epoch 6/10:   4%|▍         | 13/313 [00:00<00:13, 21.83it/s, loss=4.56]
Train Epoch 6/10:   4%|▍         | 13/313 [00:00<00:13, 21.83it/s, loss=4.56]
Train Epoch 6/10:   4%|▍         | 13/313 [00:00<00:13, 21.83it/s, loss=4.56]
Train Epoch 6/10:   4%|▍         | 13/313 [00:00<00:13, 21.83it/s, loss=4.57]
Train Epoch 6/10:   5%|▌         | 17/313 [00:00<00:11, 26.00it/s, loss=4.57]
Train Epoch 6/10:   5%|▌         | 17/313 [00:00<00:11, 26.00it/s, loss=4.55]
Train Epoch 6/10:   5%|▌         | 17/313 [00:00<00:11, 26.00it/s, loss=4.57]
Train Epoch 6/10:   5%|▌         | 17/313 [00:00<00:11, 26.00it/s, loss=4.57]
Train Epoch 6/10:   5%|▌         | 17/313 [00:00<00:11, 26.00it/s, loss=4.58]
Train Epoch 6/10:   5%|▌         | 17/313 [00:00<00:11, 26.00it/s, loss=4.56]
Train Epoch 6/10:   7%|▋         | 22/313 [00:00<00:09, 31.00it/s, loss=4.56]
Train Epoch 6/10:   7%|▋         | 22/313 [00:00<00:09, 31.00it/s, loss=4.58]
Train Epoch 6/10:   7%|▋         | 22/313 [00:00<00:09, 31.00it/s, loss=4.55]
Train Epoch 6/10:   7%|▋         | 22/313 [00:00<00:09, 31.00it/s, loss=4.58]
Train Epoch 6/10:   7%|▋         | 22/313 [00:00<00:09, 31.00it/s, loss=4.56]
Train Epoch 6/10:   8%|▊         | 26/313 [00:00<00:08, 33.30it/s, loss=4.56]
Train Epoch 6/10:   8%|▊         | 26/313 [00:00<00:08, 33.30it/s, loss=4.57]
Train Epoch 6/10:   8%|▊         | 26/313 [00:01<00:08, 33.30it/s, loss=4.55]
Train Epoch 6/10:   8%|▊         | 26/313 [00:01<00:08, 33.30it/s, loss=4.54]
Train Epoch 6/10:   8%|▊         | 26/313 [00:01<00:08, 33.30it/s, loss=4.55]
Train Epoch 6/10:  10%|▉         | 30/313 [00:01<00:08, 33.61it/s, loss=4.55]
Train Epoch 6/10:  10%|▉         | 30/313 [00:01<00:08, 33.61it/s, loss=4.55]
Train Epoch 6/10:  10%|▉         | 30/313 [00:01<00:08, 33.61it/s, loss=4.57]
Train Epoch 6/10:  10%|▉         | 30/313 [00:01<00:08, 33.61it/s, loss=4.58]
Train Epoch 6/10:  10%|▉         | 30/313 [00:01<00:08, 33.61it/s, loss=4.57]
Train Epoch 6/10:  11%|█         | 34/313 [00:01<00:08, 31.74it/s, loss=4.57]
Train Epoch 6/10:  11%|█         | 34/313 [00:01<00:08, 31.74it/s, loss=4.55]
Train Epoch 6/10:  11%|█         | 34/313 [00:01<00:08, 31.74it/s, loss=4.57]
Train Epoch 6/10:  11%|█         | 34/313 [00:01<00:08, 31.74it/s, loss=4.57]
Train Epoch 6/10:  11%|█         | 34/313 [00:01<00:08, 31.74it/s, loss=4.55]
Train Epoch 6/10:  12%|█▏        | 38/313 [00:01<00:10, 25.79it/s, loss=4.55]
Train Epoch 6/10:  12%|█▏        | 38/313 [00:01<00:10, 25.79it/s, loss=4.57]
Train Epoch 6/10:  12%|█▏        | 38/313 [00:01<00:10, 25.79it/s, loss=4.57]
Train Epoch 6/10:  12%|█▏        | 38/313 [00:01<00:10, 25.79it/s, loss=4.57]
Train Epoch 6/10:  13%|█▎        | 41/313 [00:01<00:11, 24.68it/s, loss=4.57]
Train Epoch 6/10:  13%|█▎        | 41/313 [00:01<00:11, 24.68it/s, loss=4.54]
Train Epoch 6/10:  13%|█▎        | 41/313 [00:01<00:11, 24.68it/s, loss=4.55]
Train Epoch 6/10:  13%|█▎        | 41/313 [00:01<00:11, 24.68it/s, loss=4.56]
Train Epoch 6/10:  14%|█▍        | 44/313 [00:01<00:11, 24.14it/s, loss=4.56]
Train Epoch 6/10:  14%|█▍        | 44/313 [00:01<00:11, 24.14it/s, loss=4.55]
Train Epoch 6/10:  14%|█▍        | 44/313 [00:01<00:11, 24.14it/s, loss=4.56]
Train Epoch 6/10:  14%|█▍        | 44/313 [00:01<00:11, 24.14it/s, loss=4.54]
Train Epoch 6/10:  15%|█▌        | 47/313 [00:01<00:11, 23.51it/s, loss=4.54]
Train Epoch 6/10:  15%|█▌        | 47/313 [00:01<00:11, 23.51it/s, loss=4.56]
Train Epoch 6/10:  15%|█▌        | 47/313 [00:01<00:11, 23.51it/s, loss=4.58]
Train Epoch 6/10:  15%|█▌        | 47/313 [00:02<00:11, 23.51it/s, loss=4.57]
Train Epoch 6/10:  16%|█▌        | 50/313 [00:02<00:12, 21.35it/s, loss=4.57]
Train Epoch 6/10:  16%|█▌        | 50/313 [00:02<00:12, 21.35it/s, loss=4.55]
Train Epoch 6/10:  16%|█▌        | 50/313 [00:02<00:12, 21.35it/s, loss=4.54]
Train Epoch 6/10:  16%|█▌        | 50/313 [00:02<00:12, 21.35it/s, loss=4.57]
Train Epoch 6/10:  17%|█▋        | 53/313 [00:02<00:12, 20.79it/s, loss=4.57]
Train Epoch 6/10:  17%|█▋        | 53/313 [00:02<00:12, 20.79it/s, loss=4.55]
Train Epoch 6/10:  17%|█▋        | 53/313 [00:02<00:12, 20.79it/s, loss=4.55]
Train Epoch 6/10:  17%|█▋        | 53/313 [00:02<00:12, 20.79it/s, loss=4.54]
Train Epoch 6/10:  18%|█▊        | 56/313 [00:02<00:12, 21.07it/s, loss=4.54]
Train Epoch 6/10:  18%|█▊        | 56/313 [00:02<00:12, 21.07it/s, loss=4.58]
Train Epoch 6/10:  18%|█▊        | 56/313 [00:02<00:12, 21.07it/s, loss=4.58]
Train Epoch 6/10:  18%|█▊        | 56/313 [00:02<00:12, 21.07it/s, loss=4.56]
Train Epoch 6/10:  19%|█▉        | 59/313 [00:02<00:11, 21.48it/s, loss=4.56]
Train Epoch 6/10:  19%|█▉        | 59/313 [00:02<00:11, 21.48it/s, loss=4.56]
Train Epoch 6/10:  19%|█▉        | 59/313 [00:02<00:11, 21.48it/s, loss=4.56]
Train Epoch 6/10:  19%|█▉        | 59/313 [00:02<00:11, 21.48it/s, loss=4.55]
Train Epoch 6/10:  20%|█▉        | 62/313 [00:02<00:11, 21.58it/s, loss=4.55]
Train Epoch 6/10:  20%|█▉        | 62/313 [00:02<00:11, 21.58it/s, loss=4.55]
Train Epoch 6/10:  20%|█▉        | 62/313 [00:02<00:11, 21.58it/s, loss=4.57]
Train Epoch 6/10:  20%|█▉        | 62/313 [00:02<00:11, 21.58it/s, loss=4.54]
Train Epoch 6/10:  21%|██        | 65/313 [00:02<00:11, 21.48it/s, loss=4.54]
Train Epoch 6/10:  21%|██        | 65/313 [00:02<00:11, 21.48it/s, loss=4.54]
Train Epoch 6/10:  21%|██        | 65/313 [00:02<00:11, 21.48it/s, loss=4.54]
Train Epoch 6/10:  21%|██        | 65/313 [00:02<00:11, 21.48it/s, loss=4.56]
Train Epoch 6/10:  22%|██▏       | 68/313 [00:02<00:11, 22.17it/s, loss=4.56]
Train Epoch 6/10:  22%|██▏       | 68/313 [00:02<00:11, 22.17it/s, loss=4.53]
Train Epoch 6/10:  22%|██▏       | 68/313 [00:02<00:11, 22.17it/s, loss=4.57]
Train Epoch 6/10:  22%|██▏       | 68/313 [00:02<00:11, 22.17it/s, loss=4.53]
Train Epoch 6/10:  22%|██▏       | 68/313 [00:02<00:11, 22.17it/s, loss=4.54]
Train Epoch 6/10:  23%|██▎       | 72/313 [00:02<00:09, 24.94it/s, loss=4.54]
Train Epoch 6/10:  23%|██▎       | 72/313 [00:02<00:09, 24.94it/s, loss=4.57]
Train Epoch 6/10:  23%|██▎       | 72/313 [00:03<00:09, 24.94it/s, loss=4.54]
Train Epoch 6/10:  23%|██▎       | 72/313 [00:03<00:09, 24.94it/s, loss=4.55]
Train Epoch 6/10:  24%|██▍       | 75/313 [00:03<00:09, 25.44it/s, loss=4.55]
Train Epoch 6/10:  24%|██▍       | 75/313 [00:03<00:09, 25.44it/s, loss=4.53]
Train Epoch 6/10:  24%|██▍       | 75/313 [00:03<00:09, 25.44it/s, loss=4.56]
Train Epoch 6/10:  24%|██▍       | 75/313 [00:03<00:09, 25.44it/s, loss=4.55]
Train Epoch 6/10:  25%|██▍       | 78/313 [00:03<00:09, 25.32it/s, loss=4.55]
Train Epoch 6/10:  25%|██▍       | 78/313 [00:03<00:09, 25.32it/s, loss=4.52]
Train Epoch 6/10:  25%|██▍       | 78/313 [00:03<00:09, 25.32it/s, loss=4.57]
Train Epoch 6/10:  25%|██▍       | 78/313 [00:03<00:09, 25.32it/s, loss=4.54]
Train Epoch 6/10:  26%|██▌       | 81/313 [00:03<00:09, 25.23it/s, loss=4.54]
Train Epoch 6/10:  26%|██▌       | 81/313 [00:03<00:09, 25.23it/s, loss=4.54]
Train Epoch 6/10:  26%|██▌       | 81/313 [00:03<00:09, 25.23it/s, loss=4.5]
Train Epoch 6/10:  26%|██▌       | 81/313 [00:03<00:09, 25.23it/s, loss=4.55]
Train Epoch 6/10:  27%|██▋       | 84/313 [00:03<00:08, 25.78it/s, loss=4.55]
Train Epoch 6/10:  27%|██▋       | 84/313 [00:03<00:08, 25.78it/s, loss=4.51]
Train Epoch 6/10:  27%|██▋       | 84/313 [00:03<00:08, 25.78it/s, loss=4.55]
Train Epoch 6/10:  27%|██▋       | 84/313 [00:03<00:08, 25.78it/s, loss=4.58]
Train Epoch 6/10:  27%|██▋       | 84/313 [00:03<00:08, 25.78it/s, loss=4.56]
Train Epoch 6/10:  28%|██▊       | 88/313 [00:03<00:08, 27.75it/s, loss=4.56]
Train Epoch 6/10:  28%|██▊       | 88/313 [00:03<00:08, 27.75it/s, loss=4.56]
Train Epoch 6/10:  28%|██▊       | 88/313 [00:03<00:08, 27.75it/s, loss=4.54]
Train Epoch 6/10:  28%|██▊       | 88/313 [00:03<00:08, 27.75it/s, loss=4.53]
Train Epoch 6/10:  29%|██▉       | 91/313 [00:03<00:08, 27.28it/s, loss=4.53]
Train Epoch 6/10:  29%|██▉       | 91/313 [00:03<00:08, 27.28it/s, loss=4.53]
Train Epoch 6/10:  29%|██▉       | 91/313 [00:03<00:08, 27.28it/s, loss=4.58]
Train Epoch 6/10:  29%|██▉       | 91/313 [00:03<00:08, 27.28it/s, loss=4.58]
Train Epoch 6/10:  29%|██▉       | 91/313 [00:03<00:08, 27.28it/s, loss=4.52]
Train Epoch 6/10:  30%|███       | 95/313 [00:03<00:07, 28.78it/s, loss=4.52]
Train Epoch 6/10:  30%|███       | 95/313 [00:03<00:07, 28.78it/s, loss=4.55]
Train Epoch 6/10:  30%|███       | 95/313 [00:03<00:07, 28.78it/s, loss=4.54]
Train Epoch 6/10:  30%|███       | 95/313 [00:03<00:07, 28.78it/s, loss=4.52]
Train Epoch 6/10:  30%|███       | 95/313 [00:03<00:07, 28.78it/s, loss=4.5]
Train Epoch 6/10:  32%|███▏      | 99/313 [00:03<00:06, 31.08it/s, loss=4.5]
Train Epoch 6/10:  32%|███▏      | 99/313 [00:03<00:06, 31.08it/s, loss=4.52]
Train Epoch 6/10:  32%|███▏      | 99/313 [00:03<00:06, 31.08it/s, loss=4.51]
Train Epoch 6/10:  32%|███▏      | 99/313 [00:03<00:06, 31.08it/s, loss=4.52]
Train Epoch 6/10:  32%|███▏      | 99/313 [00:04<00:06, 31.08it/s, loss=4.51]
Train Epoch 6/10:  33%|███▎      | 103/313 [00:04<00:06, 30.10it/s, loss=4.51]
Train Epoch 6/10:  33%|███▎      | 103/313 [00:04<00:06, 30.10it/s, loss=4.52]
Train Epoch 6/10:  33%|███▎      | 103/313 [00:04<00:06, 30.10it/s, loss=4.54]
Train Epoch 6/10:  33%|███▎      | 103/313 [00:04<00:06, 30.10it/s, loss=4.55]
Train Epoch 6/10:  33%|███▎      | 103/313 [00:04<00:06, 30.10it/s, loss=4.53]
Train Epoch 6/10:  34%|███▍      | 107/313 [00:04<00:07, 27.13it/s, loss=4.53]
Train Epoch 6/10:  34%|███▍      | 107/313 [00:04<00:07, 27.13it/s, loss=4.52]
Train Epoch 6/10:  34%|███▍      | 107/313 [00:04<00:07, 27.13it/s, loss=4.56]
Train Epoch 6/10:  34%|███▍      | 107/313 [00:04<00:07, 27.13it/s, loss=4.54]
Train Epoch 6/10:  35%|███▌      | 110/313 [00:04<00:07, 26.87it/s, loss=4.54]
Train Epoch 6/10:  35%|███▌      | 110/313 [00:04<00:07, 26.87it/s, loss=4.52]
Train Epoch 6/10:  35%|███▌      | 110/313 [00:04<00:07, 26.87it/s, loss=4.51]
Train Epoch 6/10:  35%|███▌      | 110/313 [00:04<00:07, 26.87it/s, loss=4.54]
Train Epoch 6/10:  35%|███▌      | 110/313 [00:04<00:07, 26.87it/s, loss=4.53]
Train Epoch 6/10:  36%|███▋      | 114/313 [00:04<00:06, 28.71it/s, loss=4.53]
Train Epoch 6/10:  36%|███▋      | 114/313 [00:04<00:06, 28.71it/s, loss=4.53]
Train Epoch 6/10:  36%|███▋      | 114/313 [00:04<00:06, 28.71it/s, loss=4.55]
Train Epoch 6/10:  36%|███▋      | 114/313 [00:04<00:06, 28.71it/s, loss=4.56]
Train Epoch 6/10:  36%|███▋      | 114/313 [00:04<00:06, 28.71it/s, loss=4.55]
Train Epoch 6/10:  38%|███▊      | 118/313 [00:04<00:06, 31.27it/s, loss=4.55]
Train Epoch 6/10:  38%|███▊      | 118/313 [00:04<00:06, 31.27it/s, loss=4.51]
Train Epoch 6/10:  38%|███▊      | 118/313 [00:04<00:06, 31.27it/s, loss=4.49]
Train Epoch 6/10:  38%|███▊      | 118/313 [00:04<00:06, 31.27it/s, loss=4.51]
Train Epoch 6/10:  38%|███▊      | 118/313 [00:04<00:06, 31.27it/s, loss=4.55]
Train Epoch 6/10:  38%|███▊      | 118/313 [00:04<00:06, 31.27it/s, loss=4.6]
Train Epoch 6/10:  39%|███▉      | 123/313 [00:04<00:05, 34.43it/s, loss=4.6]
Train Epoch 6/10:  39%|███▉      | 123/313 [00:04<00:05, 34.43it/s, loss=4.49]
Train Epoch 6/10:  39%|███▉      | 123/313 [00:04<00:05, 34.43it/s, loss=4.52]
Train Epoch 6/10:  39%|███▉      | 123/313 [00:04<00:05, 34.43it/s, loss=4.49]
Train Epoch 6/10:  39%|███▉      | 123/313 [00:04<00:05, 34.43it/s, loss=4.48]
Train Epoch 6/10:  39%|███▉      | 123/313 [00:04<00:05, 34.43it/s, loss=4.56]
Train Epoch 6/10:  41%|████      | 128/313 [00:04<00:05, 36.78it/s, loss=4.56]
Train Epoch 6/10:  41%|████      | 128/313 [00:04<00:05, 36.78it/s, loss=4.52]
Train Epoch 6/10:  41%|████      | 128/313 [00:04<00:05, 36.78it/s, loss=4.55]
Train Epoch 6/10:  41%|████      | 128/313 [00:04<00:05, 36.78it/s, loss=4.52]
Train Epoch 6/10:  41%|████      | 128/313 [00:04<00:05, 36.78it/s, loss=4.53]
Train Epoch 6/10:  41%|████      | 128/313 [00:04<00:05, 36.78it/s, loss=4.52]
Train Epoch 6/10:  42%|████▏     | 133/313 [00:04<00:04, 37.10it/s, loss=4.52]
Train Epoch 6/10:  42%|████▏     | 133/313 [00:04<00:04, 37.10it/s, loss=4.52]
Train Epoch 6/10:  42%|████▏     | 133/313 [00:04<00:04, 37.10it/s, loss=4.51]
Train Epoch 6/10:  42%|████▏     | 133/313 [00:05<00:04, 37.10it/s, loss=4.49]
Train Epoch 6/10:  42%|████▏     | 133/313 [00:05<00:04, 37.10it/s, loss=4.51]
Train Epoch 6/10:  44%|████▍     | 137/313 [00:05<00:05, 34.93it/s, loss=4.51]
Train Epoch 6/10:  44%|████▍     | 137/313 [00:05<00:05, 34.93it/s, loss=4.53]
Train Epoch 6/10:  44%|████▍     | 137/313 [00:05<00:05, 34.93it/s, loss=4.54]
Train Epoch 6/10:  44%|████▍     | 137/313 [00:05<00:05, 34.93it/s, loss=4.55]
Train Epoch 6/10:  44%|████▍     | 137/313 [00:05<00:05, 34.93it/s, loss=4.5]
Train Epoch 6/10:  45%|████▌     | 141/313 [00:05<00:05, 33.81it/s, loss=4.5]
Train Epoch 6/10:  45%|████▌     | 141/313 [00:05<00:05, 33.81it/s, loss=4.52]
Train Epoch 6/10:  45%|████▌     | 141/313 [00:05<00:05, 33.81it/s, loss=4.57]
Train Epoch 6/10:  45%|████▌     | 141/313 [00:05<00:05, 33.81it/s, loss=4.54]
Train Epoch 6/10:  45%|████▌     | 141/313 [00:05<00:05, 33.81it/s, loss=4.5]
Train Epoch 6/10:  46%|████▋     | 145/313 [00:05<00:05, 33.46it/s, loss=4.5]
Train Epoch 6/10:  46%|████▋     | 145/313 [00:05<00:05, 33.46it/s, loss=4.5]
Train Epoch 6/10:  46%|████▋     | 145/313 [00:05<00:05, 33.46it/s, loss=4.48]
Train Epoch 6/10:  46%|████▋     | 145/313 [00:05<00:05, 33.46it/s, loss=4.52]
Train Epoch 6/10:  46%|████▋     | 145/313 [00:05<00:05, 33.46it/s, loss=4.5]
Train Epoch 6/10:  48%|████▊     | 149/313 [00:05<00:04, 34.01it/s, loss=4.5]
Train Epoch 6/10:  48%|████▊     | 149/313 [00:05<00:04, 34.01it/s, loss=4.51]
Train Epoch 6/10:  48%|████▊     | 149/313 [00:05<00:04, 34.01it/s, loss=4.46]
Train Epoch 6/10:  48%|████▊     | 149/313 [00:05<00:04, 34.01it/s, loss=4.55]
Train Epoch 6/10:  48%|████▊     | 149/313 [00:05<00:04, 34.01it/s, loss=4.47]
Train Epoch 6/10:  49%|████▉     | 153/313 [00:05<00:04, 35.11it/s, loss=4.47]
Train Epoch 6/10:  49%|████▉     | 153/313 [00:05<00:04, 35.11it/s, loss=4.53]
Train Epoch 6/10:  49%|████▉     | 153/313 [00:05<00:04, 35.11it/s, loss=4.56]
Train Epoch 6/10:  49%|████▉     | 153/313 [00:05<00:04, 35.11it/s, loss=4.47]
Train Epoch 6/10:  49%|████▉     | 153/313 [00:05<00:04, 35.11it/s, loss=4.48]
Train Epoch 6/10:  49%|████▉     | 153/313 [00:05<00:04, 35.11it/s, loss=4.51]
Train Epoch 6/10:  50%|█████     | 158/313 [00:05<00:04, 36.99it/s, loss=4.51]
Train Epoch 6/10:  50%|█████     | 158/313 [00:05<00:04, 36.99it/s, loss=4.55]
Train Epoch 6/10:  50%|█████     | 158/313 [00:05<00:04, 36.99it/s, loss=4.49]
Train Epoch 6/10:  50%|█████     | 158/313 [00:05<00:04, 36.99it/s, loss=4.52]
Train Epoch 6/10:  50%|█████     | 158/313 [00:05<00:04, 36.99it/s, loss=4.49]
Train Epoch 6/10:  50%|█████     | 158/313 [00:05<00:04, 36.99it/s, loss=4.48]
Train Epoch 6/10:  52%|█████▏    | 163/313 [00:05<00:03, 38.69it/s, loss=4.48]
Train Epoch 6/10:  52%|█████▏    | 163/313 [00:05<00:03, 38.69it/s, loss=4.52]
Train Epoch 6/10:  52%|█████▏    | 163/313 [00:05<00:03, 38.69it/s, loss=4.56]
Train Epoch 6/10:  52%|█████▏    | 163/313 [00:05<00:03, 38.69it/s, loss=4.51]
Train Epoch 6/10:  52%|█████▏    | 163/313 [00:05<00:03, 38.69it/s, loss=4.54]
Train Epoch 6/10:  52%|█████▏    | 163/313 [00:05<00:03, 38.69it/s, loss=4.56]
Train Epoch 6/10:  54%|█████▎    | 168/313 [00:05<00:03, 40.21it/s, loss=4.56]
Train Epoch 6/10:  54%|█████▎    | 168/313 [00:05<00:03, 40.21it/s, loss=4.49]
Train Epoch 6/10:  54%|█████▎    | 168/313 [00:05<00:03, 40.21it/s, loss=4.62]
Train Epoch 6/10:  54%|█████▎    | 168/313 [00:05<00:03, 40.21it/s, loss=4.56]
Train Epoch 6/10:  54%|█████▎    | 168/313 [00:05<00:03, 40.21it/s, loss=4.48]
Train Epoch 6/10:  54%|█████▎    | 168/313 [00:05<00:03, 40.21it/s, loss=4.53]
Train Epoch 6/10:  55%|█████▌    | 173/313 [00:05<00:03, 41.96it/s, loss=4.53]
Train Epoch 6/10:  55%|█████▌    | 173/313 [00:06<00:03, 41.96it/s, loss=4.47]
Train Epoch 6/10:  55%|█████▌    | 173/313 [00:06<00:03, 41.96it/s, loss=4.55]
Train Epoch 6/10:  55%|█████▌    | 173/313 [00:06<00:03, 41.96it/s, loss=4.47]
Train Epoch 6/10:  55%|█████▌    | 173/313 [00:06<00:03, 41.96it/s, loss=4.51]
Train Epoch 6/10:  55%|█████▌    | 173/313 [00:06<00:03, 41.96it/s, loss=4.5]
Train Epoch 6/10:  57%|█████▋    | 178/313 [00:06<00:03, 43.27it/s, loss=4.5]
Train Epoch 6/10:  57%|█████▋    | 178/313 [00:06<00:03, 43.27it/s, loss=4.55]
Train Epoch 6/10:  57%|█████▋    | 178/313 [00:06<00:03, 43.27it/s, loss=4.49]
Train Epoch 6/10:  57%|█████▋    | 178/313 [00:06<00:03, 43.27it/s, loss=4.51]
Train Epoch 6/10:  57%|█████▋    | 178/313 [00:06<00:03, 43.27it/s, loss=4.49]
Train Epoch 6/10:  57%|█████▋    | 178/313 [00:06<00:03, 43.27it/s, loss=4.44]
Train Epoch 6/10:  58%|█████▊    | 183/313 [00:06<00:02, 44.44it/s, loss=4.44]
Train Epoch 6/10:  58%|█████▊    | 183/313 [00:06<00:02, 44.44it/s, loss=4.54]
Train Epoch 6/10:  58%|█████▊    | 183/313 [00:06<00:02, 44.44it/s, loss=4.51]
Train Epoch 6/10:  58%|█████▊    | 183/313 [00:06<00:02, 44.44it/s, loss=4.44]
Train Epoch 6/10:  58%|█████▊    | 183/313 [00:06<00:02, 44.44it/s, loss=4.47]
Train Epoch 6/10:  58%|█████▊    | 183/313 [00:06<00:02, 44.44it/s, loss=4.5]
Train Epoch 6/10:  60%|██████    | 188/313 [00:06<00:02, 45.47it/s, loss=4.5]
Train Epoch 6/10:  60%|██████    | 188/313 [00:06<00:02, 45.47it/s, loss=4.46]
Train Epoch 6/10:  60%|██████    | 188/313 [00:06<00:02, 45.47it/s, loss=4.45]
Train Epoch 6/10:  60%|██████    | 188/313 [00:06<00:02, 45.47it/s, loss=4.49]
Train Epoch 6/10:  60%|██████    | 188/313 [00:06<00:02, 45.47it/s, loss=4.47]
Train Epoch 6/10:  60%|██████    | 188/313 [00:06<00:02, 45.47it/s, loss=4.47]
Train Epoch 6/10:  62%|██████▏   | 193/313 [00:06<00:02, 46.24it/s, loss=4.47]
Train Epoch 6/10:  62%|██████▏   | 193/313 [00:06<00:02, 46.24it/s, loss=4.46]
Train Epoch 6/10:  62%|██████▏   | 193/313 [00:06<00:02, 46.24it/s, loss=4.47]
Train Epoch 6/10:  62%|██████▏   | 193/313 [00:06<00:02, 46.24it/s, loss=4.48]
Train Epoch 6/10:  62%|██████▏   | 193/313 [00:06<00:02, 46.24it/s, loss=4.48]
Train Epoch 6/10:  62%|██████▏   | 193/313 [00:06<00:02, 46.24it/s, loss=4.47]
Train Epoch 6/10:  63%|██████▎   | 198/313 [00:06<00:02, 46.76it/s, loss=4.47]
Train Epoch 6/10:  63%|██████▎   | 198/313 [00:06<00:02, 46.76it/s, loss=4.44]
Train Epoch 6/10:  63%|██████▎   | 198/313 [00:06<00:02, 46.76it/s, loss=4.51]
Train Epoch 6/10:  63%|██████▎   | 198/313 [00:06<00:02, 46.76it/s, loss=4.44]
Train Epoch 6/10:  63%|██████▎   | 198/313 [00:06<00:02, 46.76it/s, loss=4.51]
Train Epoch 6/10:  63%|██████▎   | 198/313 [00:06<00:02, 46.76it/s, loss=4.47]
Train Epoch 6/10:  65%|██████▍   | 203/313 [00:06<00:02, 47.15it/s, loss=4.47]
Train Epoch 6/10:  65%|██████▍   | 203/313 [00:06<00:02, 47.15it/s, loss=4.53]
Train Epoch 6/10:  65%|██████▍   | 203/313 [00:06<00:02, 47.15it/s, loss=4.45]
Train Epoch 6/10:  65%|██████▍   | 203/313 [00:06<00:02, 47.15it/s, loss=4.55]
Train Epoch 6/10:  65%|██████▍   | 203/313 [00:06<00:02, 47.15it/s, loss=4.49]
Train Epoch 6/10:  65%|██████▍   | 203/313 [00:06<00:02, 47.15it/s, loss=4.48]
Train Epoch 6/10:  66%|██████▋   | 208/313 [00:06<00:02, 47.41it/s, loss=4.48]
Train Epoch 6/10:  66%|██████▋   | 208/313 [00:06<00:02, 47.41it/s, loss=4.42]
Train Epoch 6/10:  66%|██████▋   | 208/313 [00:06<00:02, 47.41it/s, loss=4.44]
Train Epoch 6/10:  66%|██████▋   | 208/313 [00:06<00:02, 47.41it/s, loss=4.46]
Train Epoch 6/10:  66%|██████▋   | 208/313 [00:06<00:02, 47.41it/s, loss=4.47]
Train Epoch 6/10:  66%|██████▋   | 208/313 [00:06<00:02, 47.41it/s, loss=4.46]
Train Epoch 6/10:  68%|██████▊   | 213/313 [00:06<00:02, 47.60it/s, loss=4.46]
Train Epoch 6/10:  68%|██████▊   | 213/313 [00:06<00:02, 47.60it/s, loss=4.51]
Train Epoch 6/10:  68%|██████▊   | 213/313 [00:06<00:02, 47.60it/s, loss=4.49]
Train Epoch 6/10:  68%|██████▊   | 213/313 [00:06<00:02, 47.60it/s, loss=4.43]
Train Epoch 6/10:  68%|██████▊   | 213/313 [00:06<00:02, 47.60it/s, loss=4.45]
Train Epoch 6/10:  68%|██████▊   | 213/313 [00:06<00:02, 47.60it/s, loss=4.53]
Train Epoch 6/10:  70%|██████▉   | 218/313 [00:06<00:01, 47.70it/s, loss=4.53]
Train Epoch 6/10:  70%|██████▉   | 218/313 [00:06<00:01, 47.70it/s, loss=4.46]
Train Epoch 6/10:  70%|██████▉   | 218/313 [00:06<00:01, 47.70it/s, loss=4.48]
Train Epoch 6/10:  70%|██████▉   | 218/313 [00:06<00:01, 47.70it/s, loss=4.48]
Train Epoch 6/10:  70%|██████▉   | 218/313 [00:07<00:01, 47.70it/s, loss=4.52]
Train Epoch 6/10:  70%|██████▉   | 218/313 [00:07<00:01, 47.70it/s, loss=4.49]
Train Epoch 6/10:  71%|███████   | 223/313 [00:07<00:01, 47.80it/s, loss=4.49]
Train Epoch 6/10:  71%|███████   | 223/313 [00:07<00:01, 47.80it/s, loss=4.49]
Train Epoch 6/10:  71%|███████   | 223/313 [00:07<00:01, 47.80it/s, loss=4.51]
Train Epoch 6/10:  71%|███████   | 223/313 [00:07<00:01, 47.80it/s, loss=4.49]
Train Epoch 6/10:  71%|███████   | 223/313 [00:07<00:01, 47.80it/s, loss=4.48]
Train Epoch 6/10:  71%|███████   | 223/313 [00:07<00:01, 47.80it/s, loss=4.46]
Train Epoch 6/10:  73%|███████▎  | 228/313 [00:07<00:01, 47.89it/s, loss=4.46]
Train Epoch 6/10:  73%|███████▎  | 228/313 [00:07<00:01, 47.89it/s, loss=4.51]
Train Epoch 6/10:  73%|███████▎  | 228/313 [00:07<00:01, 47.89it/s, loss=4.5]
Train Epoch 6/10:  73%|███████▎  | 228/313 [00:07<00:01, 47.89it/s, loss=4.46]
Train Epoch 6/10:  73%|███████▎  | 228/313 [00:07<00:01, 47.89it/s, loss=4.46]
Train Epoch 6/10:  73%|███████▎  | 228/313 [00:07<00:01, 47.89it/s, loss=4.46]
Train Epoch 6/10:  74%|███████▍  | 233/313 [00:07<00:01, 48.39it/s, loss=4.46]
Train Epoch 6/10:  74%|███████▍  | 233/313 [00:07<00:01, 48.39it/s, loss=4.48]
Train Epoch 6/10:  74%|███████▍  | 233/313 [00:07<00:01, 48.39it/s, loss=4.48]
Train Epoch 6/10:  74%|███████▍  | 233/313 [00:07<00:01, 48.39it/s, loss=4.5]
Train Epoch 6/10:  74%|███████▍  | 233/313 [00:07<00:01, 48.39it/s, loss=4.41]
Train Epoch 6/10:  74%|███████▍  | 233/313 [00:07<00:01, 48.39it/s, loss=4.46]
Train Epoch 6/10:  76%|███████▌  | 238/313 [00:07<00:01, 48.73it/s, loss=4.46]
Train Epoch 6/10:  76%|███████▌  | 238/313 [00:07<00:01, 48.73it/s, loss=4.47]
Train Epoch 6/10:  76%|███████▌  | 238/313 [00:07<00:01, 48.73it/s, loss=4.46]
Train Epoch 6/10:  76%|███████▌  | 238/313 [00:07<00:01, 48.73it/s, loss=4.5]
Train Epoch 6/10:  76%|███████▌  | 238/313 [00:07<00:01, 48.73it/s, loss=4.45]
Train Epoch 6/10:  76%|███████▌  | 238/313 [00:07<00:01, 48.73it/s, loss=4.43]
Train Epoch 6/10:  78%|███████▊  | 243/313 [00:07<00:01, 48.94it/s, loss=4.43]
Train Epoch 6/10:  78%|███████▊  | 243/313 [00:07<00:01, 48.94it/s, loss=4.47]
Train Epoch 6/10:  78%|███████▊  | 243/313 [00:07<00:01, 48.94it/s, loss=4.41]
Train Epoch 6/10:  78%|███████▊  | 243/313 [00:07<00:01, 48.94it/s, loss=4.47]
Train Epoch 6/10:  78%|███████▊  | 243/313 [00:07<00:01, 48.94it/s, loss=4.44]
Train Epoch 6/10:  78%|███████▊  | 243/313 [00:07<00:01, 48.94it/s, loss=4.43]
Train Epoch 6/10:  79%|███████▉  | 248/313 [00:07<00:01, 49.12it/s, loss=4.43]
Train Epoch 6/10:  79%|███████▉  | 248/313 [00:07<00:01, 49.12it/s, loss=4.42]
Train Epoch 6/10:  79%|███████▉  | 248/313 [00:07<00:01, 49.12it/s, loss=4.46]
Train Epoch 6/10:  79%|███████▉  | 248/313 [00:07<00:01, 49.12it/s, loss=4.44]
Train Epoch 6/10:  79%|███████▉  | 248/313 [00:07<00:01, 49.12it/s, loss=4.48]
Train Epoch 6/10:  79%|███████▉  | 248/313 [00:07<00:01, 49.12it/s, loss=4.4]
Train Epoch 6/10:  81%|████████  | 253/313 [00:07<00:01, 49.23it/s, loss=4.4]
Train Epoch 6/10:  81%|████████  | 253/313 [00:07<00:01, 49.23it/s, loss=4.5]
Train Epoch 6/10:  81%|████████  | 253/313 [00:07<00:01, 49.23it/s, loss=4.41]
Train Epoch 6/10:  81%|████████  | 253/313 [00:07<00:01, 49.23it/s, loss=4.45]
Train Epoch 6/10:  81%|████████  | 253/313 [00:07<00:01, 49.23it/s, loss=4.45]
Train Epoch 6/10:  81%|████████  | 253/313 [00:07<00:01, 49.23it/s, loss=4.51]
Train Epoch 6/10:  82%|████████▏ | 258/313 [00:07<00:01, 49.30it/s, loss=4.51]
Train Epoch 6/10:  82%|████████▏ | 258/313 [00:07<00:01, 49.30it/s, loss=4.47]
Train Epoch 6/10:  82%|████████▏ | 258/313 [00:07<00:01, 49.30it/s, loss=4.49]
Train Epoch 6/10:  82%|████████▏ | 258/313 [00:07<00:01, 49.30it/s, loss=4.45]
Train Epoch 6/10:  82%|████████▏ | 258/313 [00:07<00:01, 49.30it/s, loss=4.48]
Train Epoch 6/10:  82%|████████▏ | 258/313 [00:07<00:01, 49.30it/s, loss=4.42]
Train Epoch 6/10:  84%|████████▍ | 263/313 [00:07<00:01, 49.35it/s, loss=4.42]
Train Epoch 6/10:  84%|████████▍ | 263/313 [00:07<00:01, 49.35it/s, loss=4.52]
Train Epoch 6/10:  84%|████████▍ | 263/313 [00:07<00:01, 49.35it/s, loss=4.49]
Train Epoch 6/10:  84%|████████▍ | 263/313 [00:07<00:01, 49.35it/s, loss=4.47]
Train Epoch 6/10:  84%|████████▍ | 263/313 [00:07<00:01, 49.35it/s, loss=4.41]
Train Epoch 6/10:  84%|████████▍ | 263/313 [00:07<00:01, 49.35it/s, loss=4.49]
Train Epoch 6/10:  86%|████████▌ | 268/313 [00:07<00:00, 49.37it/s, loss=4.49]
Train Epoch 6/10:  86%|████████▌ | 268/313 [00:07<00:00, 49.37it/s, loss=4.47]
Train Epoch 6/10:  86%|████████▌ | 268/313 [00:07<00:00, 49.37it/s, loss=4.49]
Train Epoch 6/10:  86%|████████▌ | 268/313 [00:08<00:00, 49.37it/s, loss=4.49]
Train Epoch 6/10:  86%|████████▌ | 268/313 [00:08<00:00, 49.37it/s, loss=4.47]
Train Epoch 6/10:  86%|████████▌ | 268/313 [00:08<00:00, 49.37it/s, loss=4.5]
Train Epoch 6/10:  87%|████████▋ | 273/313 [00:08<00:00, 49.39it/s, loss=4.5]
Train Epoch 6/10:  87%|████████▋ | 273/313 [00:08<00:00, 49.39it/s, loss=4.48]
Train Epoch 6/10:  87%|████████▋ | 273/313 [00:08<00:00, 49.39it/s, loss=4.47]
Train Epoch 6/10:  87%|████████▋ | 273/313 [00:08<00:00, 49.39it/s, loss=4.49]
Train Epoch 6/10:  87%|████████▋ | 273/313 [00:08<00:00, 49.39it/s, loss=4.44]
Train Epoch 6/10:  87%|████████▋ | 273/313 [00:08<00:00, 49.39it/s, loss=4.44]
Train Epoch 6/10:  89%|████████▉ | 278/313 [00:08<00:00, 44.86it/s, loss=4.44]
Train Epoch 6/10:  89%|████████▉ | 278/313 [00:08<00:00, 44.86it/s, loss=4.49]
Train Epoch 6/10:  89%|████████▉ | 278/313 [00:08<00:00, 44.86it/s, loss=4.5]
Train Epoch 6/10:  89%|████████▉ | 278/313 [00:08<00:00, 44.86it/s, loss=4.46]
Train Epoch 6/10:  89%|████████▉ | 278/313 [00:08<00:00, 44.86it/s, loss=4.53]
Train Epoch 6/10:  89%|████████▉ | 278/313 [00:08<00:00, 44.86it/s, loss=4.5]
Train Epoch 6/10:  90%|█████████ | 283/313 [00:08<00:00, 40.44it/s, loss=4.5]
Train Epoch 6/10:  90%|█████████ | 283/313 [00:08<00:00, 40.44it/s, loss=4.54]
Train Epoch 6/10:  90%|█████████ | 283/313 [00:08<00:00, 40.44it/s, loss=4.52]
Train Epoch 6/10:  90%|█████████ | 283/313 [00:08<00:00, 40.44it/s, loss=4.5]
Train Epoch 6/10:  90%|█████████ | 283/313 [00:08<00:00, 40.44it/s, loss=4.47]
Train Epoch 6/10:  90%|█████████ | 283/313 [00:08<00:00, 40.44it/s, loss=4.49]
Train Epoch 6/10:  92%|█████████▏| 288/313 [00:08<00:00, 39.78it/s, loss=4.49]
Train Epoch 6/10:  92%|█████████▏| 288/313 [00:08<00:00, 39.78it/s, loss=4.53]
Train Epoch 6/10:  92%|█████████▏| 288/313 [00:08<00:00, 39.78it/s, loss=4.52]
Train Epoch 6/10:  92%|█████████▏| 288/313 [00:08<00:00, 39.78it/s, loss=4.52]
Train Epoch 6/10:  92%|█████████▏| 288/313 [00:08<00:00, 39.78it/s, loss=4.55]
Train Epoch 6/10:  92%|█████████▏| 288/313 [00:08<00:00, 39.78it/s, loss=4.55]
Train Epoch 6/10:  94%|█████████▎| 293/313 [00:08<00:00, 39.85it/s, loss=4.55]
Train Epoch 6/10:  94%|█████████▎| 293/313 [00:08<00:00, 39.85it/s, loss=4.53]
Train Epoch 6/10:  94%|█████████▎| 293/313 [00:08<00:00, 39.85it/s, loss=4.56]
Train Epoch 6/10:  94%|█████████▎| 293/313 [00:08<00:00, 39.85it/s, loss=4.51]
Train Epoch 6/10:  94%|█████████▎| 293/313 [00:08<00:00, 39.85it/s, loss=4.54]
Train Epoch 6/10:  94%|█████████▎| 293/313 [00:08<00:00, 39.85it/s, loss=4.54]
Train Epoch 6/10:  95%|█████████▌| 298/313 [00:08<00:00, 40.71it/s, loss=4.54]
Train Epoch 6/10:  95%|█████████▌| 298/313 [00:08<00:00, 40.71it/s, loss=4.5]
Train Epoch 6/10:  95%|█████████▌| 298/313 [00:08<00:00, 40.71it/s, loss=4.56]
Train Epoch 6/10:  95%|█████████▌| 298/313 [00:08<00:00, 40.71it/s, loss=4.55]
Train Epoch 6/10:  95%|█████████▌| 298/313 [00:08<00:00, 40.71it/s, loss=4.52]
Train Epoch 6/10:  95%|█████████▌| 298/313 [00:08<00:00, 40.71it/s, loss=4.55]
Train Epoch 6/10:  97%|█████████▋| 303/313 [00:08<00:00, 41.31it/s, loss=4.55]
Train Epoch 6/10:  97%|█████████▋| 303/313 [00:08<00:00, 41.31it/s, loss=4.52]
Train Epoch 6/10:  97%|█████████▋| 303/313 [00:08<00:00, 41.31it/s, loss=4.55]
Train Epoch 6/10:  97%|█████████▋| 303/313 [00:08<00:00, 41.31it/s, loss=4.55]
Train Epoch 6/10:  97%|█████████▋| 303/313 [00:08<00:00, 41.31it/s, loss=4.57]
Train Epoch 6/10:  97%|█████████▋| 303/313 [00:08<00:00, 41.31it/s, loss=4.51]
Train Epoch 6/10:  98%|█████████▊| 308/313 [00:08<00:00, 42.39it/s, loss=4.51]
Train Epoch 6/10:  98%|█████████▊| 308/313 [00:08<00:00, 42.39it/s, loss=4.52]
Train Epoch 6/10:  98%|█████████▊| 308/313 [00:08<00:00, 42.39it/s, loss=4.56]
Train Epoch 6/10:  98%|█████████▊| 308/313 [00:09<00:00, 42.39it/s, loss=4.56]
Train Epoch 6/10:  98%|█████████▊| 308/313 [00:09<00:00, 42.39it/s, loss=4.59]
Train Epoch 6/10:  98%|█████████▊| 308/313 [00:09<00:00, 42.39it/s, loss=4.48]
Train Epoch 6/10: 100%|██████████| 313/313 [00:09<00:00, 43.39it/s, loss=4.48]
Train Epoch 6/10: 100%|██████████| 313/313 [00:09<00:00, 34.61it/s, loss=4.48]

Valid Epoch 6/10:   0%|          | 0/32 [00:00<?, ?it/s, acc=-, loss=-]
Valid Epoch 6/10:  38%|███▊      | 12/32 [00:00<00:00, 112.14it/s, acc=-, loss=-]
Valid Epoch 6/10:  75%|███████▌  | 24/32 [00:00<00:00, 114.51it/s, acc=-, loss=-]
Valid Epoch 6/10: 100%|██████████| 32/32 [00:00<00:00, 114.51it/s, valid/loss=4.6, valid/accuracy=0.0075]
Valid Epoch 6/10: 100%|██████████| 32/32 [00:00<00:00, 114.85it/s, valid/loss=4.6, valid/accuracy=0.0075]

Train Epoch 7/10:   0%|          | 0/313 [00:00<?, ?it/s]
Train Epoch 7/10:   0%|          | 0/313 [00:00<?, ?it/s, loss=4.56]
Train Epoch 7/10:   0%|          | 0/313 [00:00<?, ?it/s, loss=4.59]
Train Epoch 7/10:   0%|          | 0/313 [00:00<?, ?it/s, loss=4.56]
Train Epoch 7/10:   0%|          | 0/313 [00:00<?, ?it/s, loss=4.55]
Train Epoch 7/10:   0%|          | 0/313 [00:00<?, ?it/s, loss=4.58]
Train Epoch 7/10:   2%|▏         | 5/313 [00:00<00:06, 49.07it/s, loss=4.58]
Train Epoch 7/10:   2%|▏         | 5/313 [00:00<00:06, 49.07it/s, loss=4.55]
Train Epoch 7/10:   2%|▏         | 5/313 [00:00<00:06, 49.07it/s, loss=4.55]
Train Epoch 7/10:   2%|▏         | 5/313 [00:00<00:06, 49.07it/s, loss=4.57]
Train Epoch 7/10:   2%|▏         | 5/313 [00:00<00:06, 49.07it/s, loss=4.58]
Train Epoch 7/10:   2%|▏         | 5/313 [00:00<00:06, 49.07it/s, loss=4.53]
Train Epoch 7/10:   3%|▎         | 10/313 [00:00<00:06, 49.30it/s, loss=4.53]
Train Epoch 7/10:   3%|▎         | 10/313 [00:00<00:06, 49.30it/s, loss=4.56]
Train Epoch 7/10:   3%|▎         | 10/313 [00:00<00:06, 49.30it/s, loss=4.55]
Train Epoch 7/10:   3%|▎         | 10/313 [00:00<00:06, 49.30it/s, loss=4.56]
Train Epoch 7/10:   3%|▎         | 10/313 [00:00<00:06, 49.30it/s, loss=4.56]
Train Epoch 7/10:   3%|▎         | 10/313 [00:00<00:06, 49.30it/s, loss=4.53]
Train Epoch 7/10:   5%|▍         | 15/313 [00:00<00:06, 49.40it/s, loss=4.53]
Train Epoch 7/10:   5%|▍         | 15/313 [00:00<00:06, 49.40it/s, loss=4.55]
Train Epoch 7/10:   5%|▍         | 15/313 [00:00<00:06, 49.40it/s, loss=4.55]
Train Epoch 7/10:   5%|▍         | 15/313 [00:00<00:06, 49.40it/s, loss=4.56]
Train Epoch 7/10:   5%|▍         | 15/313 [00:00<00:06, 49.40it/s, loss=4.56]
Train Epoch 7/10:   5%|▍         | 15/313 [00:00<00:06, 49.40it/s, loss=4.56]
Train Epoch 7/10:   6%|▋         | 20/313 [00:00<00:06, 48.42it/s, loss=4.56]
Train Epoch 7/10:   6%|▋         | 20/313 [00:00<00:06, 48.42it/s, loss=4.58]
Train Epoch 7/10:   6%|▋         | 20/313 [00:00<00:06, 48.42it/s, loss=4.55]
Train Epoch 7/10:   6%|▋         | 20/313 [00:00<00:06, 48.42it/s, loss=4.58]
Train Epoch 7/10:   6%|▋         | 20/313 [00:00<00:06, 48.42it/s, loss=4.54]
Train Epoch 7/10:   6%|▋         | 20/313 [00:00<00:06, 48.42it/s, loss=4.58]
Train Epoch 7/10:   8%|▊         | 25/313 [00:00<00:07, 40.99it/s, loss=4.58]
Train Epoch 7/10:   8%|▊         | 25/313 [00:00<00:07, 40.99it/s, loss=4.57]
Train Epoch 7/10:   8%|▊         | 25/313 [00:00<00:07, 40.99it/s, loss=4.55]
Train Epoch 7/10:   8%|▊         | 25/313 [00:00<00:07, 40.99it/s, loss=4.54]
Train Epoch 7/10:   8%|▊         | 25/313 [00:00<00:07, 40.99it/s, loss=4.54]
Train Epoch 7/10:   8%|▊         | 25/313 [00:00<00:07, 40.99it/s, loss=4.53]
Train Epoch 7/10:  10%|▉         | 30/313 [00:00<00:07, 38.45it/s, loss=4.53]
Train Epoch 7/10:  10%|▉         | 30/313 [00:00<00:07, 38.45it/s, loss=4.53]
Train Epoch 7/10:  10%|▉         | 30/313 [00:00<00:07, 38.45it/s, loss=4.55]
Train Epoch 7/10:  10%|▉         | 30/313 [00:00<00:07, 38.45it/s, loss=4.57]
Train Epoch 7/10:  10%|▉         | 30/313 [00:00<00:07, 38.45it/s, loss=4.56]
Train Epoch 7/10:  11%|█         | 34/313 [00:00<00:07, 38.71it/s, loss=4.56]
Train Epoch 7/10:  11%|█         | 34/313 [00:00<00:07, 38.71it/s, loss=4.54]
Train Epoch 7/10:  11%|█         | 34/313 [00:00<00:07, 38.71it/s, loss=4.56]
Train Epoch 7/10:  11%|█         | 34/313 [00:00<00:07, 38.71it/s, loss=4.57]
Train Epoch 7/10:  11%|█         | 34/313 [00:00<00:07, 38.71it/s, loss=4.55]
Train Epoch 7/10:  11%|█         | 34/313 [00:00<00:07, 38.71it/s, loss=4.56]
Train Epoch 7/10:  12%|█▏        | 39/313 [00:00<00:06, 40.11it/s, loss=4.56]
Train Epoch 7/10:  12%|█▏        | 39/313 [00:00<00:06, 40.11it/s, loss=4.56]
Train Epoch 7/10:  12%|█▏        | 39/313 [00:00<00:06, 40.11it/s, loss=4.56]
Train Epoch 7/10:  12%|█▏        | 39/313 [00:00<00:06, 40.11it/s, loss=4.53]
Train Epoch 7/10:  12%|█▏        | 39/313 [00:01<00:06, 40.11it/s, loss=4.54]
Train Epoch 7/10:  12%|█▏        | 39/313 [00:01<00:06, 40.11it/s, loss=4.56]
Train Epoch 7/10:  14%|█▍        | 44/313 [00:01<00:06, 41.58it/s, loss=4.56]
Train Epoch 7/10:  14%|█▍        | 44/313 [00:01<00:06, 41.58it/s, loss=4.55]
Train Epoch 7/10:  14%|█▍        | 44/313 [00:01<00:06, 41.58it/s, loss=4.54]
Train Epoch 7/10:  14%|█▍        | 44/313 [00:01<00:06, 41.58it/s, loss=4.53]
Train Epoch 7/10:  14%|█▍        | 44/313 [00:01<00:06, 41.58it/s, loss=4.55]
Train Epoch 7/10:  14%|█▍        | 44/313 [00:01<00:06, 41.58it/s, loss=4.56]
Train Epoch 7/10:  16%|█▌        | 49/313 [00:01<00:06, 42.93it/s, loss=4.56]
Train Epoch 7/10:  16%|█▌        | 49/313 [00:01<00:06, 42.93it/s, loss=4.57]
Train Epoch 7/10:  16%|█▌        | 49/313 [00:01<00:06, 42.93it/s, loss=4.55]
Train Epoch 7/10:  16%|█▌        | 49/313 [00:01<00:06, 42.93it/s, loss=4.55]
Train Epoch 7/10:  16%|█▌        | 49/313 [00:01<00:06, 42.93it/s, loss=4.56]
Train Epoch 7/10:  16%|█▌        | 49/313 [00:01<00:06, 42.93it/s, loss=4.54]
Train Epoch 7/10:  17%|█▋        | 54/313 [00:01<00:05, 43.91it/s, loss=4.54]
Train Epoch 7/10:  17%|█▋        | 54/313 [00:01<00:05, 43.91it/s, loss=4.54]
Train Epoch 7/10:  17%|█▋        | 54/313 [00:01<00:05, 43.91it/s, loss=4.55]
Train Epoch 7/10:  17%|█▋        | 54/313 [00:01<00:05, 43.91it/s, loss=4.56]
Train Epoch 7/10:  17%|█▋        | 54/313 [00:01<00:05, 43.91it/s, loss=4.57]
Train Epoch 7/10:  17%|█▋        | 54/313 [00:01<00:05, 43.91it/s, loss=4.55]
Train Epoch 7/10:  19%|█▉        | 59/313 [00:01<00:05, 45.03it/s, loss=4.55]
Train Epoch 7/10:  19%|█▉        | 59/313 [00:01<00:05, 45.03it/s, loss=4.55]
Train Epoch 7/10:  19%|█▉        | 59/313 [00:01<00:05, 45.03it/s, loss=4.54]
Train Epoch 7/10:  19%|█▉        | 59/313 [00:01<00:05, 45.03it/s, loss=4.54]
Train Epoch 7/10:  19%|█▉        | 59/313 [00:01<00:05, 45.03it/s, loss=4.57]
Train Epoch 7/10:  19%|█▉        | 59/313 [00:01<00:05, 45.03it/s, loss=4.56]
Train Epoch 7/10:  20%|██        | 64/313 [00:01<00:05, 45.85it/s, loss=4.56]
Train Epoch 7/10:  20%|██        | 64/313 [00:01<00:05, 45.85it/s, loss=4.51]
Train Epoch 7/10:  20%|██        | 64/313 [00:01<00:05, 45.85it/s, loss=4.53]
Train Epoch 7/10:  20%|██        | 64/313 [00:01<00:05, 45.85it/s, loss=4.52]
Train Epoch 7/10:  20%|██        | 64/313 [00:01<00:05, 45.85it/s, loss=4.56]
Train Epoch 7/10:  20%|██        | 64/313 [00:01<00:05, 45.85it/s, loss=4.52]
Train Epoch 7/10:  22%|██▏       | 69/313 [00:01<00:05, 46.43it/s, loss=4.52]
Train Epoch 7/10:  22%|██▏       | 69/313 [00:01<00:05, 46.43it/s, loss=4.56]
Train Epoch 7/10:  22%|██▏       | 69/313 [00:01<00:05, 46.43it/s, loss=4.5]
Train Epoch 7/10:  22%|██▏       | 69/313 [00:01<00:05, 46.43it/s, loss=4.54]
Train Epoch 7/10:  22%|██▏       | 69/313 [00:01<00:05, 46.43it/s, loss=4.56]
Train Epoch 7/10:  22%|██▏       | 69/313 [00:01<00:05, 46.43it/s, loss=4.51]
Train Epoch 7/10:  24%|██▎       | 74/313 [00:01<00:05, 46.99it/s, loss=4.51]
Train Epoch 7/10:  24%|██▎       | 74/313 [00:01<00:05, 46.99it/s, loss=4.54]
Train Epoch 7/10:  24%|██▎       | 74/313 [00:01<00:05, 46.99it/s, loss=4.52]
Train Epoch 7/10:  24%|██▎       | 74/313 [00:01<00:05, 46.99it/s, loss=4.54]
Train Epoch 7/10:  24%|██▎       | 74/313 [00:01<00:05, 46.99it/s, loss=4.51]
Train Epoch 7/10:  24%|██▎       | 74/313 [00:01<00:05, 46.99it/s, loss=4.51]
Train Epoch 7/10:  25%|██▌       | 79/313 [00:01<00:04, 47.66it/s, loss=4.51]
Train Epoch 7/10:  25%|██▌       | 79/313 [00:01<00:04, 47.66it/s, loss=4.52]
Train Epoch 7/10:  25%|██▌       | 79/313 [00:01<00:04, 47.66it/s, loss=4.53]
Train Epoch 7/10:  25%|██▌       | 79/313 [00:01<00:04, 47.66it/s, loss=4.53]
Train Epoch 7/10:  25%|██▌       | 79/313 [00:01<00:04, 47.66it/s, loss=4.45]
Train Epoch 7/10:  25%|██▌       | 79/313 [00:01<00:04, 47.66it/s, loss=4.52]
Train Epoch 7/10:  27%|██▋       | 84/313 [00:01<00:04, 48.24it/s, loss=4.52]
Train Epoch 7/10:  27%|██▋       | 84/313 [00:01<00:04, 48.24it/s, loss=4.51]
Train Epoch 7/10:  27%|██▋       | 84/313 [00:01<00:04, 48.24it/s, loss=4.5]
Train Epoch 7/10:  27%|██▋       | 84/313 [00:01<00:04, 48.24it/s, loss=4.53]
Train Epoch 7/10:  27%|██▋       | 84/313 [00:02<00:04, 48.24it/s, loss=4.54]
Train Epoch 7/10:  27%|██▋       | 84/313 [00:02<00:04, 48.24it/s, loss=4.55]
Train Epoch 7/10:  28%|██▊       | 89/313 [00:02<00:05, 40.53it/s, loss=4.55]
Train Epoch 7/10:  28%|██▊       | 89/313 [00:02<00:05, 40.53it/s, loss=4.49]
Train Epoch 7/10:  28%|██▊       | 89/313 [00:02<00:05, 40.53it/s, loss=4.52]
Train Epoch 7/10:  28%|██▊       | 89/313 [00:02<00:05, 40.53it/s, loss=4.53]
Train Epoch 7/10:  28%|██▊       | 89/313 [00:02<00:05, 40.53it/s, loss=4.59]
Train Epoch 7/10:  28%|██▊       | 89/313 [00:02<00:05, 40.53it/s, loss=4.6]
Train Epoch 7/10:  30%|███       | 94/313 [00:02<00:05, 39.13it/s, loss=4.6]
Train Epoch 7/10:  30%|███       | 94/313 [00:02<00:05, 39.13it/s, loss=4.48]
Train Epoch 7/10:  30%|███       | 94/313 [00:02<00:05, 39.13it/s, loss=4.52]
Train Epoch 7/10:  30%|███       | 94/313 [00:02<00:05, 39.13it/s, loss=4.55]
Train Epoch 7/10:  30%|███       | 94/313 [00:02<00:05, 39.13it/s, loss=4.47]
Train Epoch 7/10:  30%|███       | 94/313 [00:02<00:05, 39.13it/s, loss=4.49]
Train Epoch 7/10:  32%|███▏      | 99/313 [00:02<00:05, 39.35it/s, loss=4.49]
Train Epoch 7/10:  32%|███▏      | 99/313 [00:02<00:05, 39.35it/s, loss=4.49]
Train Epoch 7/10:  32%|███▏      | 99/313 [00:02<00:05, 39.35it/s, loss=4.47]
Train Epoch 7/10:  32%|███▏      | 99/313 [00:02<00:05, 39.35it/s, loss=4.47]
Train Epoch 7/10:  32%|███▏      | 99/313 [00:02<00:05, 39.35it/s, loss=4.48]
Train Epoch 7/10:  32%|███▏      | 99/313 [00:02<00:05, 39.35it/s, loss=4.5]
Train Epoch 7/10:  33%|███▎      | 104/313 [00:02<00:05, 40.27it/s, loss=4.5]
Train Epoch 7/10:  33%|███▎      | 104/313 [00:02<00:05, 40.27it/s, loss=4.48]
Train Epoch 7/10:  33%|███▎      | 104/313 [00:02<00:05, 40.27it/s, loss=4.49]
Train Epoch 7/10:  33%|███▎      | 104/313 [00:02<00:05, 40.27it/s, loss=4.49]
Train Epoch 7/10:  33%|███▎      | 104/313 [00:02<00:05, 40.27it/s, loss=4.48]
Train Epoch 7/10:  33%|███▎      | 104/313 [00:02<00:05, 40.27it/s, loss=4.53]
Train Epoch 7/10:  35%|███▍      | 109/313 [00:02<00:04, 41.19it/s, loss=4.53]
Train Epoch 7/10:  35%|███▍      | 109/313 [00:02<00:04, 41.19it/s, loss=4.52]
Train Epoch 7/10:  35%|███▍      | 109/313 [00:02<00:04, 41.19it/s, loss=4.49]
Train Epoch 7/10:  35%|███▍      | 109/313 [00:02<00:04, 41.19it/s, loss=4.47]
Train Epoch 7/10:  35%|███▍      | 109/313 [00:02<00:04, 41.19it/s, loss=4.53]
Train Epoch 7/10:  35%|███▍      | 109/313 [00:02<00:04, 41.19it/s, loss=4.48]
Train Epoch 7/10:  36%|███▋      | 114/313 [00:02<00:04, 41.88it/s, loss=4.48]
Train Epoch 7/10:  36%|███▋      | 114/313 [00:02<00:04, 41.88it/s, loss=4.54]
Train Epoch 7/10:  36%|███▋      | 114/313 [00:02<00:04, 41.88it/s, loss=4.5]
Train Epoch 7/10:  36%|███▋      | 114/313 [00:02<00:04, 41.88it/s, loss=4.51]
Train Epoch 7/10:  36%|███▋      | 114/313 [00:02<00:04, 41.88it/s, loss=4.48]
Train Epoch 7/10:  36%|███▋      | 114/313 [00:02<00:04, 41.88it/s, loss=4.5]
Train Epoch 7/10:  38%|███▊      | 119/313 [00:02<00:04, 43.17it/s, loss=4.5]
Train Epoch 7/10:  38%|███▊      | 119/313 [00:02<00:04, 43.17it/s, loss=4.48]
Train Epoch 7/10:  38%|███▊      | 119/313 [00:02<00:04, 43.17it/s, loss=4.48]
Train Epoch 7/10:  38%|███▊      | 119/313 [00:02<00:04, 43.17it/s, loss=4.51]
Train Epoch 7/10:  38%|███▊      | 119/313 [00:02<00:04, 43.17it/s, loss=4.62]
Train Epoch 7/10:  38%|███▊      | 119/313 [00:02<00:04, 43.17it/s, loss=4.5]
Train Epoch 7/10:  40%|███▉      | 124/313 [00:02<00:04, 44.12it/s, loss=4.5]
Train Epoch 7/10:  40%|███▉      | 124/313 [00:02<00:04, 44.12it/s, loss=4.47]
Train Epoch 7/10:  40%|███▉      | 124/313 [00:02<00:04, 44.12it/s, loss=4.46]
Train Epoch 7/10:  40%|███▉      | 124/313 [00:02<00:04, 44.12it/s, loss=4.48]
Train Epoch 7/10:  40%|███▉      | 124/313 [00:02<00:04, 44.12it/s, loss=4.54]
Train Epoch 7/10:  40%|███▉      | 124/313 [00:02<00:04, 44.12it/s, loss=4.48]
Train Epoch 7/10:  41%|████      | 129/313 [00:02<00:04, 44.90it/s, loss=4.48]
Train Epoch 7/10:  41%|████      | 129/313 [00:02<00:04, 44.90it/s, loss=4.5]
Train Epoch 7/10:  41%|████      | 129/313 [00:03<00:04, 44.90it/s, loss=4.48]
Train Epoch 7/10:  41%|████      | 129/313 [00:03<00:04, 44.90it/s, loss=4.5]
Train Epoch 7/10:  41%|████      | 129/313 [00:03<00:04, 44.90it/s, loss=4.47]
Train Epoch 7/10:  41%|████      | 129/313 [00:03<00:04, 44.90it/s, loss=4.5]
Train Epoch 7/10:  43%|████▎     | 134/313 [00:03<00:03, 45.82it/s, loss=4.5]
Train Epoch 7/10:  43%|████▎     | 134/313 [00:03<00:03, 45.82it/s, loss=4.44]
Train Epoch 7/10:  43%|████▎     | 134/313 [00:03<00:03, 45.82it/s, loss=4.45]
Train Epoch 7/10:  43%|████▎     | 134/313 [00:03<00:03, 45.82it/s, loss=4.46]
Train Epoch 7/10:  43%|████▎     | 134/313 [00:03<00:03, 45.82it/s, loss=4.49]
Train Epoch 7/10:  43%|████▎     | 134/313 [00:03<00:03, 45.82it/s, loss=4.5]
Train Epoch 7/10:  44%|████▍     | 139/313 [00:03<00:03, 46.50it/s, loss=4.5]
Train Epoch 7/10:  44%|████▍     | 139/313 [00:03<00:03, 46.50it/s, loss=4.51]
Train Epoch 7/10:  44%|████▍     | 139/313 [00:03<00:03, 46.50it/s, loss=4.46]
Train Epoch 7/10:  44%|████▍     | 139/313 [00:03<00:03, 46.50it/s, loss=4.48]
Train Epoch 7/10:  44%|████▍     | 139/313 [00:03<00:03, 46.50it/s, loss=4.54]
Train Epoch 7/10:  44%|████▍     | 139/313 [00:03<00:03, 46.50it/s, loss=4.49]
Train Epoch 7/10:  46%|████▌     | 144/313 [00:03<00:03, 46.99it/s, loss=4.49]
Train Epoch 7/10:  46%|████▌     | 144/313 [00:03<00:03, 46.99it/s, loss=4.42]
Train Epoch 7/10:  46%|████▌     | 144/313 [00:03<00:03, 46.99it/s, loss=4.46]
Train Epoch 7/10:  46%|████▌     | 144/313 [00:03<00:03, 46.99it/s, loss=4.42]
Train Epoch 7/10:  46%|████▌     | 144/313 [00:03<00:03, 46.99it/s, loss=4.52]
Train Epoch 7/10:  46%|████▌     | 144/313 [00:03<00:03, 46.99it/s, loss=4.45]
Train Epoch 7/10:  48%|████▊     | 149/313 [00:03<00:03, 47.34it/s, loss=4.45]
Train Epoch 7/10:  48%|████▊     | 149/313 [00:03<00:03, 47.34it/s, loss=4.47]
Train Epoch 7/10:  48%|████▊     | 149/313 [00:03<00:03, 47.34it/s, loss=4.43]
Train Epoch 7/10:  48%|████▊     | 149/313 [00:03<00:03, 47.34it/s, loss=4.47]
Train Epoch 7/10:  48%|████▊     | 149/313 [00:03<00:03, 47.34it/s, loss=4.45]
Train Epoch 7/10:  48%|████▊     | 149/313 [00:03<00:03, 47.34it/s, loss=4.52]
Train Epoch 7/10:  49%|████▉     | 154/313 [00:03<00:03, 47.57it/s, loss=4.52]
Train Epoch 7/10:  49%|████▉     | 154/313 [00:03<00:03, 47.57it/s, loss=4.49]
Train Epoch 7/10:  49%|████▉     | 154/313 [00:03<00:03, 47.57it/s, loss=4.43]
Train Epoch 7/10:  49%|████▉     | 154/313 [00:03<00:03, 47.57it/s, loss=4.43]
Train Epoch 7/10:  49%|████▉     | 154/313 [00:03<00:03, 47.57it/s, loss=4.45]
Train Epoch 7/10:  49%|████▉     | 154/313 [00:03<00:03, 47.57it/s, loss=4.5]
Train Epoch 7/10:  51%|█████     | 159/313 [00:03<00:03, 47.74it/s, loss=4.5]
Train Epoch 7/10:  51%|█████     | 159/313 [00:03<00:03, 47.74it/s, loss=4.41]
Train Epoch 7/10:  51%|█████     | 159/313 [00:03<00:03, 47.74it/s, loss=4.45]
Train Epoch 7/10:  51%|█████     | 159/313 [00:03<00:03, 47.74it/s, loss=4.4]
Train Epoch 7/10:  51%|█████     | 159/313 [00:03<00:03, 47.74it/s, loss=4.43]
Train Epoch 7/10:  51%|█████     | 159/313 [00:03<00:03, 47.74it/s, loss=4.44]
Train Epoch 7/10:  52%|█████▏    | 164/313 [00:03<00:03, 47.85it/s, loss=4.44]
Train Epoch 7/10:  52%|█████▏    | 164/313 [00:03<00:03, 47.85it/s, loss=4.45]
Train Epoch 7/10:  52%|█████▏    | 164/313 [00:03<00:03, 47.85it/s, loss=4.4]
Train Epoch 7/10:  52%|█████▏    | 164/313 [00:03<00:03, 47.85it/s, loss=4.51]
Train Epoch 7/10:  52%|█████▏    | 164/313 [00:03<00:03, 47.85it/s, loss=4.54]
Train Epoch 7/10:  52%|█████▏    | 164/313 [00:03<00:03, 47.85it/s, loss=4.41]
Train Epoch 7/10:  54%|█████▍    | 169/313 [00:03<00:03, 47.95it/s, loss=4.41]
Train Epoch 7/10:  54%|█████▍    | 169/313 [00:03<00:03, 47.95it/s, loss=4.57]
Train Epoch 7/10:  54%|█████▍    | 169/313 [00:03<00:03, 47.95it/s, loss=4.48]
Train Epoch 7/10:  54%|█████▍    | 169/313 [00:03<00:03, 47.95it/s, loss=4.46]
Train Epoch 7/10:  54%|█████▍    | 169/313 [00:03<00:03, 47.95it/s, loss=4.45]
Train Epoch 7/10:  54%|█████▍    | 169/313 [00:03<00:03, 47.95it/s, loss=4.39]
Train Epoch 7/10:  56%|█████▌    | 174/313 [00:03<00:02, 48.02it/s, loss=4.39]
Train Epoch 7/10:  56%|█████▌    | 174/313 [00:03<00:02, 48.02it/s, loss=4.49]
Train Epoch 7/10:  56%|█████▌    | 174/313 [00:03<00:02, 48.02it/s, loss=4.37]
Train Epoch 7/10:  56%|█████▌    | 174/313 [00:03<00:02, 48.02it/s, loss=4.5]
Train Epoch 7/10:  56%|█████▌    | 174/313 [00:03<00:02, 48.02it/s, loss=4.49]
Train Epoch 7/10:  56%|█████▌    | 174/313 [00:04<00:02, 48.02it/s, loss=4.51]
Train Epoch 7/10:  57%|█████▋    | 179/313 [00:04<00:02, 48.05it/s, loss=4.51]
Train Epoch 7/10:  57%|█████▋    | 179/313 [00:04<00:02, 48.05it/s, loss=4.49]
Train Epoch 7/10:  57%|█████▋    | 179/313 [00:04<00:02, 48.05it/s, loss=4.47]
Train Epoch 7/10:  57%|█████▋    | 179/313 [00:04<00:02, 48.05it/s, loss=4.43]
Train Epoch 7/10:  57%|█████▋    | 179/313 [00:04<00:02, 48.05it/s, loss=4.35]
Train Epoch 7/10:  57%|█████▋    | 179/313 [00:04<00:02, 48.05it/s, loss=4.47]
Train Epoch 7/10:  59%|█████▉    | 184/313 [00:04<00:02, 48.50it/s, loss=4.47]
Train Epoch 7/10:  59%|█████▉    | 184/313 [00:04<00:02, 48.50it/s, loss=4.48]
Train Epoch 7/10:  59%|█████▉    | 184/313 [00:04<00:02, 48.50it/s, loss=4.36]
Train Epoch 7/10:  59%|█████▉    | 184/313 [00:04<00:02, 48.50it/s, loss=4.4]
Train Epoch 7/10:  59%|█████▉    | 184/313 [00:04<00:02, 48.50it/s, loss=4.43]
Train Epoch 7/10:  59%|█████▉    | 184/313 [00:04<00:02, 48.50it/s, loss=4.4]
Train Epoch 7/10:  60%|██████    | 189/313 [00:04<00:02, 48.80it/s, loss=4.4]
Train Epoch 7/10:  60%|██████    | 189/313 [00:04<00:02, 48.80it/s, loss=4.37]
Train Epoch 7/10:  60%|██████    | 189/313 [00:04<00:02, 48.80it/s, loss=4.44]
Train Epoch 7/10:  60%|██████    | 189/313 [00:04<00:02, 48.80it/s, loss=4.41]
Train Epoch 7/10:  60%|██████    | 189/313 [00:04<00:02, 48.80it/s, loss=4.43]
Train Epoch 7/10:  60%|██████    | 189/313 [00:04<00:02, 48.80it/s, loss=4.39]
Train Epoch 7/10:  62%|██████▏   | 194/313 [00:04<00:02, 49.07it/s, loss=4.39]
Train Epoch 7/10:  62%|██████▏   | 194/313 [00:04<00:02, 49.07it/s, loss=4.38]
Train Epoch 7/10:  62%|██████▏   | 194/313 [00:04<00:02, 49.07it/s, loss=4.43]
Train Epoch 7/10:  62%|██████▏   | 194/313 [00:04<00:02, 49.07it/s, loss=4.42]
Train Epoch 7/10:  62%|██████▏   | 194/313 [00:04<00:02, 49.07it/s, loss=4.41]
Train Epoch 7/10:  62%|██████▏   | 194/313 [00:04<00:02, 49.07it/s, loss=4.38]
Train Epoch 7/10:  64%|██████▎   | 199/313 [00:04<00:02, 49.22it/s, loss=4.38]
Train Epoch 7/10:  64%|██████▎   | 199/313 [00:04<00:02, 49.22it/s, loss=4.45]
Train Epoch 7/10:  64%|██████▎   | 199/313 [00:04<00:02, 49.22it/s, loss=4.36]
Train Epoch 7/10:  64%|██████▎   | 199/313 [00:04<00:02, 49.22it/s, loss=4.44]
Train Epoch 7/10:  64%|██████▎   | 199/313 [00:04<00:02, 49.22it/s, loss=4.39]
Train Epoch 7/10:  64%|██████▎   | 199/313 [00:04<00:02, 49.22it/s, loss=4.43]
Train Epoch 7/10:  65%|██████▌   | 204/313 [00:04<00:02, 49.33it/s, loss=4.43]
Train Epoch 7/10:  65%|██████▌   | 204/313 [00:04<00:02, 49.33it/s, loss=4.43]
Train Epoch 7/10:  65%|██████▌   | 204/313 [00:04<00:02, 49.33it/s, loss=4.46]
Train Epoch 7/10:  65%|██████▌   | 204/313 [00:04<00:02, 49.33it/s, loss=4.44]
Train Epoch 7/10:  65%|██████▌   | 204/313 [00:04<00:02, 49.33it/s, loss=4.42]
Train Epoch 7/10:  65%|██████▌   | 204/313 [00:04<00:02, 49.33it/s, loss=4.32]
Train Epoch 7/10:  67%|██████▋   | 209/313 [00:04<00:02, 49.38it/s, loss=4.32]
Train Epoch 7/10:  67%|██████▋   | 209/313 [00:04<00:02, 49.38it/s, loss=4.35]
Train Epoch 7/10:  67%|██████▋   | 209/313 [00:04<00:02, 49.38it/s, loss=4.37]
Train Epoch 7/10:  67%|██████▋   | 209/313 [00:04<00:02, 49.38it/s, loss=4.38]
Train Epoch 7/10:  67%|██████▋   | 209/313 [00:04<00:02, 49.38it/s, loss=4.37]
Train Epoch 7/10:  67%|██████▋   | 209/313 [00:04<00:02, 49.38it/s, loss=4.43]
Train Epoch 7/10:  68%|██████▊   | 214/313 [00:04<00:02, 49.37it/s, loss=4.43]
Train Epoch 7/10:  68%|██████▊   | 214/313 [00:04<00:02, 49.37it/s, loss=4.42]
Train Epoch 7/10:  68%|██████▊   | 214/313 [00:04<00:02, 49.37it/s, loss=4.35]
Train Epoch 7/10:  68%|██████▊   | 214/313 [00:04<00:02, 49.37it/s, loss=4.34]
Train Epoch 7/10:  68%|██████▊   | 214/313 [00:04<00:02, 49.37it/s, loss=4.41]
Train Epoch 7/10:  68%|██████▊   | 214/313 [00:04<00:02, 49.37it/s, loss=4.27]
Train Epoch 7/10:  70%|██████▉   | 219/313 [00:04<00:02, 46.34it/s, loss=4.27]
Train Epoch 7/10:  70%|██████▉   | 219/313 [00:04<00:02, 46.34it/s, loss=4.38]
Train Epoch 7/10:  70%|██████▉   | 219/313 [00:04<00:02, 46.34it/s, loss=4.36]
Train Epoch 7/10:  70%|██████▉   | 219/313 [00:04<00:02, 46.34it/s, loss=4.46]
Train Epoch 7/10:  70%|██████▉   | 219/313 [00:04<00:02, 46.34it/s, loss=4.43]
Train Epoch 7/10:  70%|██████▉   | 219/313 [00:05<00:02, 46.34it/s, loss=4.38]
Train Epoch 7/10:  72%|███████▏  | 224/313 [00:05<00:02, 38.27it/s, loss=4.38]
Train Epoch 7/10:  72%|███████▏  | 224/313 [00:05<00:02, 38.27it/s, loss=4.39]
Train Epoch 7/10:  72%|███████▏  | 224/313 [00:05<00:02, 38.27it/s, loss=4.4]
Train Epoch 7/10:  72%|███████▏  | 224/313 [00:05<00:02, 38.27it/s, loss=4.35]
Train Epoch 7/10:  72%|███████▏  | 224/313 [00:05<00:02, 38.27it/s, loss=4.35]
Train Epoch 7/10:  72%|███████▏  | 224/313 [00:05<00:02, 38.27it/s, loss=4.45]
Train Epoch 7/10:  73%|███████▎  | 229/313 [00:05<00:02, 33.08it/s, loss=4.45]
Train Epoch 7/10:  73%|███████▎  | 229/313 [00:05<00:02, 33.08it/s, loss=4.38]
Train Epoch 7/10:  73%|███████▎  | 229/313 [00:05<00:02, 33.08it/s, loss=4.34]
Train Epoch 7/10:  73%|███████▎  | 229/313 [00:05<00:02, 33.08it/s, loss=4.37]
Train Epoch 7/10:  73%|███████▎  | 229/313 [00:05<00:02, 33.08it/s, loss=4.36]
Train Epoch 7/10:  74%|███████▍  | 233/313 [00:05<00:02, 33.18it/s, loss=4.36]
Train Epoch 7/10:  74%|███████▍  | 233/313 [00:05<00:02, 33.18it/s, loss=4.41]
Train Epoch 7/10:  74%|███████▍  | 233/313 [00:05<00:02, 33.18it/s, loss=4.39]
Train Epoch 7/10:  74%|███████▍  | 233/313 [00:05<00:02, 33.18it/s, loss=4.35]
Train Epoch 7/10:  74%|███████▍  | 233/313 [00:05<00:02, 33.18it/s, loss=4.33]
Train Epoch 7/10:  76%|███████▌  | 237/313 [00:05<00:02, 34.41it/s, loss=4.33]
Train Epoch 7/10:  76%|███████▌  | 237/313 [00:05<00:02, 34.41it/s, loss=4.36]
Train Epoch 7/10:  76%|███████▌  | 237/313 [00:05<00:02, 34.41it/s, loss=4.37]
Train Epoch 7/10:  76%|███████▌  | 237/313 [00:05<00:02, 34.41it/s, loss=4.35]
Train Epoch 7/10:  76%|███████▌  | 237/313 [00:05<00:02, 34.41it/s, loss=4.4]
Train Epoch 7/10:  76%|███████▌  | 237/313 [00:05<00:02, 34.41it/s, loss=4.37]
Train Epoch 7/10:  77%|███████▋  | 242/313 [00:05<00:01, 36.46it/s, loss=4.37]
Train Epoch 7/10:  77%|███████▋  | 242/313 [00:05<00:01, 36.46it/s, loss=4.34]
Train Epoch 7/10:  77%|███████▋  | 242/313 [00:05<00:01, 36.46it/s, loss=4.27]
Train Epoch 7/10:  77%|███████▋  | 242/313 [00:05<00:01, 36.46it/s, loss=4.31]
Train Epoch 7/10:  77%|███████▋  | 242/313 [00:05<00:01, 36.46it/s, loss=4.41]
Train Epoch 7/10:  77%|███████▋  | 242/313 [00:05<00:01, 36.46it/s, loss=4.22]
Train Epoch 7/10:  79%|███████▉  | 247/313 [00:05<00:01, 38.33it/s, loss=4.22]
Train Epoch 7/10:  79%|███████▉  | 247/313 [00:05<00:01, 38.33it/s, loss=4.34]
Train Epoch 7/10:  79%|███████▉  | 247/313 [00:05<00:01, 38.33it/s, loss=4.31]
Train Epoch 7/10:  79%|███████▉  | 247/313 [00:05<00:01, 38.33it/s, loss=4.27]
Train Epoch 7/10:  79%|███████▉  | 247/313 [00:05<00:01, 38.33it/s, loss=4.31]
Train Epoch 7/10:  79%|███████▉  | 247/313 [00:05<00:01, 38.33it/s, loss=4.42]
Train Epoch 7/10:  81%|████████  | 252/313 [00:05<00:01, 40.52it/s, loss=4.42]
Train Epoch 7/10:  81%|████████  | 252/313 [00:05<00:01, 40.52it/s, loss=4.33]
Train Epoch 7/10:  81%|████████  | 252/313 [00:05<00:01, 40.52it/s, loss=4.43]
Train Epoch 7/10:  81%|████████  | 252/313 [00:05<00:01, 40.52it/s, loss=4.36]
Train Epoch 7/10:  81%|████████  | 252/313 [00:05<00:01, 40.52it/s, loss=4.38]
Train Epoch 7/10:  81%|████████  | 252/313 [00:05<00:01, 40.52it/s, loss=4.34]
Train Epoch 7/10:  82%|████████▏ | 257/313 [00:05<00:01, 42.17it/s, loss=4.34]
Train Epoch 7/10:  82%|████████▏ | 257/313 [00:05<00:01, 42.17it/s, loss=4.42]
Train Epoch 7/10:  82%|████████▏ | 257/313 [00:05<00:01, 42.17it/s, loss=4.31]
Train Epoch 7/10:  82%|████████▏ | 257/313 [00:05<00:01, 42.17it/s, loss=4.29]
Train Epoch 7/10:  82%|████████▏ | 257/313 [00:05<00:01, 42.17it/s, loss=4.36]
Train Epoch 7/10:  82%|████████▏ | 257/313 [00:06<00:01, 42.17it/s, loss=4.36]
Train Epoch 7/10:  84%|████████▎ | 262/313 [00:06<00:01, 43.84it/s, loss=4.36]
Train Epoch 7/10:  84%|████████▎ | 262/313 [00:06<00:01, 43.84it/s, loss=4.29]
Train Epoch 7/10:  84%|████████▎ | 262/313 [00:06<00:01, 43.84it/s, loss=4.4]
Train Epoch 7/10:  84%|████████▎ | 262/313 [00:06<00:01, 43.84it/s, loss=4.35]
Train Epoch 7/10:  84%|████████▎ | 262/313 [00:06<00:01, 43.84it/s, loss=4.33]
Train Epoch 7/10:  84%|████████▎ | 262/313 [00:06<00:01, 43.84it/s, loss=4.29]
Train Epoch 7/10:  85%|████████▌ | 267/313 [00:06<00:01, 45.21it/s, loss=4.29]
Train Epoch 7/10:  85%|████████▌ | 267/313 [00:06<00:01, 45.21it/s, loss=4.33]
Train Epoch 7/10:  85%|████████▌ | 267/313 [00:06<00:01, 45.21it/s, loss=4.36]
Train Epoch 7/10:  85%|████████▌ | 267/313 [00:06<00:01, 45.21it/s, loss=4.35]
Train Epoch 7/10:  85%|████████▌ | 267/313 [00:06<00:01, 45.21it/s, loss=4.41]
Train Epoch 7/10:  85%|████████▌ | 267/313 [00:06<00:01, 45.21it/s, loss=4.36]
Train Epoch 7/10:  87%|████████▋ | 272/313 [00:06<00:00, 46.18it/s, loss=4.36]
Train Epoch 7/10:  87%|████████▋ | 272/313 [00:06<00:00, 46.18it/s, loss=4.43]
Train Epoch 7/10:  87%|████████▋ | 272/313 [00:06<00:00, 46.18it/s, loss=4.4]
Train Epoch 7/10:  87%|████████▋ | 272/313 [00:06<00:00, 46.18it/s, loss=4.39]
Train Epoch 7/10:  87%|████████▋ | 272/313 [00:06<00:00, 46.18it/s, loss=4.4]
Train Epoch 7/10:  87%|████████▋ | 272/313 [00:06<00:00, 46.18it/s, loss=4.34]
Train Epoch 7/10:  88%|████████▊ | 277/313 [00:06<00:00, 38.33it/s, loss=4.34]
Train Epoch 7/10:  88%|████████▊ | 277/313 [00:06<00:00, 38.33it/s, loss=4.33]
Train Epoch 7/10:  88%|████████▊ | 277/313 [00:06<00:00, 38.33it/s, loss=4.45]
Train Epoch 7/10:  88%|████████▊ | 277/313 [00:06<00:00, 38.33it/s, loss=4.39]
Train Epoch 7/10:  88%|████████▊ | 277/313 [00:06<00:00, 38.33it/s, loss=4.38]
Train Epoch 7/10:  88%|████████▊ | 277/313 [00:06<00:00, 38.33it/s, loss=4.48]
Train Epoch 7/10:  90%|█████████ | 282/313 [00:06<00:00, 33.23it/s, loss=4.48]
Train Epoch 7/10:  90%|█████████ | 282/313 [00:06<00:00, 33.23it/s, loss=4.38]
Train Epoch 7/10:  90%|█████████ | 282/313 [00:06<00:00, 33.23it/s, loss=4.45]
Train Epoch 7/10:  90%|█████████ | 282/313 [00:06<00:00, 33.23it/s, loss=4.45]
Train Epoch 7/10:  90%|█████████ | 282/313 [00:06<00:00, 33.23it/s, loss=4.41]
Train Epoch 7/10:  90%|█████████ | 282/313 [00:06<00:00, 33.23it/s, loss=4.4]
Train Epoch 7/10:  92%|█████████▏| 287/313 [00:06<00:00, 36.62it/s, loss=4.4]
Train Epoch 7/10:  92%|█████████▏| 287/313 [00:06<00:00, 36.62it/s, loss=4.45]
Train Epoch 7/10:  92%|█████████▏| 287/313 [00:06<00:00, 36.62it/s, loss=4.42]
Train Epoch 7/10:  92%|█████████▏| 287/313 [00:06<00:00, 36.62it/s, loss=4.44]
Train Epoch 7/10:  92%|█████████▏| 287/313 [00:06<00:00, 36.62it/s, loss=4.4]
Train Epoch 7/10:  92%|█████████▏| 287/313 [00:06<00:00, 36.62it/s, loss=4.47]
Train Epoch 7/10:  93%|█████████▎| 292/313 [00:06<00:00, 39.44it/s, loss=4.47]
Train Epoch 7/10:  93%|█████████▎| 292/313 [00:06<00:00, 39.44it/s, loss=4.48]
Train Epoch 7/10:  93%|█████████▎| 292/313 [00:06<00:00, 39.44it/s, loss=4.42]
Train Epoch 7/10:  93%|█████████▎| 292/313 [00:06<00:00, 39.44it/s, loss=4.5]
Train Epoch 7/10:  93%|█████████▎| 292/313 [00:06<00:00, 39.44it/s, loss=4.39]
Train Epoch 7/10:  93%|█████████▎| 292/313 [00:06<00:00, 39.44it/s, loss=4.47]
Train Epoch 7/10:  95%|█████████▍| 297/313 [00:06<00:00, 41.70it/s, loss=4.47]
Train Epoch 7/10:  95%|█████████▍| 297/313 [00:06<00:00, 41.70it/s, loss=4.48]
Train Epoch 7/10:  95%|█████████▍| 297/313 [00:06<00:00, 41.70it/s, loss=4.45]
Train Epoch 7/10:  95%|█████████▍| 297/313 [00:06<00:00, 41.70it/s, loss=4.5]
Train Epoch 7/10:  95%|█████████▍| 297/313 [00:06<00:00, 41.70it/s, loss=4.53]
Train Epoch 7/10:  95%|█████████▍| 297/313 [00:07<00:00, 41.70it/s, loss=4.47]
Train Epoch 7/10:  96%|█████████▋| 302/313 [00:07<00:00, 43.42it/s, loss=4.47]
Train Epoch 7/10:  96%|█████████▋| 302/313 [00:07<00:00, 43.42it/s, loss=4.48]
Train Epoch 7/10:  96%|█████████▋| 302/313 [00:07<00:00, 43.42it/s, loss=4.48]
Train Epoch 7/10:  96%|█████████▋| 302/313 [00:07<00:00, 43.42it/s, loss=4.52]
Train Epoch 7/10:  96%|█████████▋| 302/313 [00:07<00:00, 43.42it/s, loss=4.51]
Train Epoch 7/10:  96%|█████████▋| 302/313 [00:07<00:00, 43.42it/s, loss=4.52]
Train Epoch 7/10:  98%|█████████▊| 307/313 [00:07<00:00, 44.76it/s, loss=4.52]
Train Epoch 7/10:  98%|█████████▊| 307/313 [00:07<00:00, 44.76it/s, loss=4.46]
Train Epoch 7/10:  98%|█████████▊| 307/313 [00:07<00:00, 44.76it/s, loss=4.49]
Train Epoch 7/10:  98%|█████████▊| 307/313 [00:07<00:00, 44.76it/s, loss=4.51]
Train Epoch 7/10:  98%|█████████▊| 307/313 [00:07<00:00, 44.76it/s, loss=4.52]
Train Epoch 7/10:  98%|█████████▊| 307/313 [00:07<00:00, 44.76it/s, loss=4.55]
Train Epoch 7/10: 100%|█████████▉| 312/313 [00:07<00:00, 43.02it/s, loss=4.55]
Train Epoch 7/10: 100%|█████████▉| 312/313 [00:07<00:00, 43.02it/s, loss=4.41]
Train Epoch 7/10: 100%|██████████| 313/313 [00:07<00:00, 43.12it/s, loss=4.41]

Valid Epoch 7/10:   0%|          | 0/32 [00:00<?, ?it/s, acc=-, loss=-]
Valid Epoch 7/10:  31%|███▏      | 10/32 [00:00<00:00, 98.75it/s, acc=-, loss=-]
Valid Epoch 7/10:  69%|██████▉   | 22/32 [00:00<00:00, 107.93it/s, acc=-, loss=-]
Valid Epoch 7/10: 100%|██████████| 32/32 [00:00<00:00, 107.93it/s, valid/loss=4.65, valid/accuracy=0.00725]
Valid Epoch 7/10: 100%|██████████| 32/32 [00:00<00:00, 110.07it/s, valid/loss=4.65, valid/accuracy=0.00725]

Train Epoch 8/10:   0%|          | 0/313 [00:00<?, ?it/s]
Train Epoch 8/10:   0%|          | 0/313 [00:00<?, ?it/s, loss=4.53]
Train Epoch 8/10:   0%|          | 0/313 [00:00<?, ?it/s, loss=4.63]
Train Epoch 8/10:   0%|          | 0/313 [00:00<?, ?it/s, loss=4.59]
Train Epoch 8/10:   1%|          | 3/313 [00:00<00:11, 27.77it/s, loss=4.59]
Train Epoch 8/10:   1%|          | 3/313 [00:00<00:11, 27.77it/s, loss=4.55]
Train Epoch 8/10:   1%|          | 3/313 [00:00<00:11, 27.77it/s, loss=4.53]
Train Epoch 8/10:   1%|          | 3/313 [00:00<00:11, 27.77it/s, loss=4.56]
Train Epoch 8/10:   1%|          | 3/313 [00:00<00:11, 27.77it/s, loss=4.54]
Train Epoch 8/10:   1%|          | 3/313 [00:00<00:11, 27.77it/s, loss=4.59]
Train Epoch 8/10:   3%|▎         | 8/313 [00:00<00:07, 38.61it/s, loss=4.59]
Train Epoch 8/10:   3%|▎         | 8/313 [00:00<00:07, 38.61it/s, loss=4.59]
Train Epoch 8/10:   3%|▎         | 8/313 [00:00<00:07, 38.61it/s, loss=4.57]
Train Epoch 8/10:   3%|▎         | 8/313 [00:00<00:07, 38.61it/s, loss=4.56]
Train Epoch 8/10:   3%|▎         | 8/313 [00:00<00:07, 38.61it/s, loss=4.56]
Train Epoch 8/10:   3%|▎         | 8/313 [00:00<00:07, 38.61it/s, loss=4.55]
Train Epoch 8/10:   3%|▎         | 8/313 [00:00<00:07, 38.61it/s, loss=4.53]
Train Epoch 8/10:   4%|▍         | 14/313 [00:00<00:06, 45.77it/s, loss=4.53]
Train Epoch 8/10:   4%|▍         | 14/313 [00:00<00:06, 45.77it/s, loss=4.49]
Train Epoch 8/10:   4%|▍         | 14/313 [00:00<00:06, 45.77it/s, loss=4.51]
Train Epoch 8/10:   4%|▍         | 14/313 [00:00<00:06, 45.77it/s, loss=4.56]
Train Epoch 8/10:   4%|▍         | 14/313 [00:00<00:06, 45.77it/s, loss=4.57]
Train Epoch 8/10:   4%|▍         | 14/313 [00:00<00:06, 45.77it/s, loss=4.55]
Train Epoch 8/10:   4%|▍         | 14/313 [00:00<00:06, 45.77it/s, loss=4.55]
Train Epoch 8/10:   6%|▋         | 20/313 [00:00<00:05, 49.10it/s, loss=4.55]
Train Epoch 8/10:   6%|▋         | 20/313 [00:00<00:05, 49.10it/s, loss=4.54]
Train Epoch 8/10:   6%|▋         | 20/313 [00:00<00:05, 49.10it/s, loss=4.53]
Train Epoch 8/10:   6%|▋         | 20/313 [00:00<00:05, 49.10it/s, loss=4.56]
Train Epoch 8/10:   6%|▋         | 20/313 [00:00<00:05, 49.10it/s, loss=4.54]
Train Epoch 8/10:   6%|▋         | 20/313 [00:00<00:05, 49.10it/s, loss=4.62]
Train Epoch 8/10:   6%|▋         | 20/313 [00:00<00:05, 49.10it/s, loss=4.56]
Train Epoch 8/10:   8%|▊         | 26/313 [00:00<00:05, 50.91it/s, loss=4.56]
Train Epoch 8/10:   8%|▊         | 26/313 [00:00<00:05, 50.91it/s, loss=4.54]
Train Epoch 8/10:   8%|▊         | 26/313 [00:00<00:05, 50.91it/s, loss=4.55]
Train Epoch 8/10:   8%|▊         | 26/313 [00:00<00:05, 50.91it/s, loss=4.51]
Train Epoch 8/10:   8%|▊         | 26/313 [00:00<00:05, 50.91it/s, loss=4.5]
Train Epoch 8/10:   8%|▊         | 26/313 [00:00<00:05, 50.91it/s, loss=4.51]
Train Epoch 8/10:   8%|▊         | 26/313 [00:00<00:05, 50.91it/s, loss=4.52]
Train Epoch 8/10:  10%|█         | 32/313 [00:00<00:05, 51.99it/s, loss=4.52]
Train Epoch 8/10:  10%|█         | 32/313 [00:00<00:05, 51.99it/s, loss=4.57]
Train Epoch 8/10:  10%|█         | 32/313 [00:00<00:05, 51.99it/s, loss=4.54]
Train Epoch 8/10:  10%|█         | 32/313 [00:00<00:05, 51.99it/s, loss=4.52]
Train Epoch 8/10:  10%|█         | 32/313 [00:00<00:05, 51.99it/s, loss=4.54]
Train Epoch 8/10:  10%|█         | 32/313 [00:00<00:05, 51.99it/s, loss=4.58]
Train Epoch 8/10:  10%|█         | 32/313 [00:00<00:05, 51.99it/s, loss=4.53]
Train Epoch 8/10:  12%|█▏        | 38/313 [00:00<00:05, 52.67it/s, loss=4.53]
Train Epoch 8/10:  12%|█▏        | 38/313 [00:00<00:05, 52.67it/s, loss=4.55]
Train Epoch 8/10:  12%|█▏        | 38/313 [00:00<00:05, 52.67it/s, loss=4.52]
Train Epoch 8/10:  12%|█▏        | 38/313 [00:00<00:05, 52.67it/s, loss=4.56]
Train Epoch 8/10:  12%|█▏        | 38/313 [00:00<00:05, 52.67it/s, loss=4.51]
Train Epoch 8/10:  12%|█▏        | 38/313 [00:00<00:05, 52.67it/s, loss=4.52]
Train Epoch 8/10:  12%|█▏        | 38/313 [00:00<00:05, 52.67it/s, loss=4.54]
Train Epoch 8/10:  14%|█▍        | 44/313 [00:00<00:05, 52.98it/s, loss=4.54]
Train Epoch 8/10:  14%|█▍        | 44/313 [00:00<00:05, 52.98it/s, loss=4.55]
Train Epoch 8/10:  14%|█▍        | 44/313 [00:00<00:05, 52.98it/s, loss=4.52]
Train Epoch 8/10:  14%|█▍        | 44/313 [00:00<00:05, 52.98it/s, loss=4.53]
Train Epoch 8/10:  14%|█▍        | 44/313 [00:00<00:05, 52.98it/s, loss=4.53]
Train Epoch 8/10:  14%|█▍        | 44/313 [00:00<00:05, 52.98it/s, loss=4.56]
Train Epoch 8/10:  14%|█▍        | 44/313 [00:00<00:05, 52.98it/s, loss=4.58]
Train Epoch 8/10:  16%|█▌        | 50/313 [00:00<00:04, 53.32it/s, loss=4.58]
Train Epoch 8/10:  16%|█▌        | 50/313 [00:01<00:04, 53.32it/s, loss=4.54]
Train Epoch 8/10:  16%|█▌        | 50/313 [00:01<00:04, 53.32it/s, loss=4.5]
Train Epoch 8/10:  16%|█▌        | 50/313 [00:01<00:04, 53.32it/s, loss=4.54]
Train Epoch 8/10:  16%|█▌        | 50/313 [00:01<00:04, 53.32it/s, loss=4.53]
Train Epoch 8/10:  16%|█▌        | 50/313 [00:01<00:04, 53.32it/s, loss=4.51]
Train Epoch 8/10:  16%|█▌        | 50/313 [00:01<00:04, 53.32it/s, loss=4.56]
Train Epoch 8/10:  18%|█▊        | 56/313 [00:01<00:04, 52.84it/s, loss=4.56]
Train Epoch 8/10:  18%|█▊        | 56/313 [00:01<00:04, 52.84it/s, loss=4.54]
Train Epoch 8/10:  18%|█▊        | 56/313 [00:01<00:04, 52.84it/s, loss=4.56]
Train Epoch 8/10:  18%|█▊        | 56/313 [00:01<00:04, 52.84it/s, loss=4.54]
Train Epoch 8/10:  18%|█▊        | 56/313 [00:01<00:04, 52.84it/s, loss=4.54]
Train Epoch 8/10:  18%|█▊        | 56/313 [00:01<00:04, 52.84it/s, loss=4.56]
Train Epoch 8/10:  18%|█▊        | 56/313 [00:01<00:04, 52.84it/s, loss=4.51]
Train Epoch 8/10:  20%|█▉        | 62/313 [00:01<00:04, 53.20it/s, loss=4.51]
Train Epoch 8/10:  20%|█▉        | 62/313 [00:01<00:04, 53.20it/s, loss=4.56]
Train Epoch 8/10:  20%|█▉        | 62/313 [00:01<00:04, 53.20it/s, loss=4.56]
Train Epoch 8/10:  20%|█▉        | 62/313 [00:01<00:04, 53.20it/s, loss=4.49]
Train Epoch 8/10:  20%|█▉        | 62/313 [00:01<00:04, 53.20it/s, loss=4.51]
Train Epoch 8/10:  20%|█▉        | 62/313 [00:01<00:04, 53.20it/s, loss=4.51]
Train Epoch 8/10:  20%|█▉        | 62/313 [00:01<00:04, 53.20it/s, loss=4.54]
Train Epoch 8/10:  22%|██▏       | 68/313 [00:01<00:04, 51.08it/s, loss=4.54]
Train Epoch 8/10:  22%|██▏       | 68/313 [00:01<00:04, 51.08it/s, loss=4.51]
Train Epoch 8/10:  22%|██▏       | 68/313 [00:01<00:04, 51.08it/s, loss=4.54]
Train Epoch 8/10:  22%|██▏       | 68/313 [00:01<00:04, 51.08it/s, loss=4.49]
Train Epoch 8/10:  22%|██▏       | 68/313 [00:01<00:04, 51.08it/s, loss=4.54]
Train Epoch 8/10:  22%|██▏       | 68/313 [00:01<00:04, 51.08it/s, loss=4.52]
Train Epoch 8/10:  22%|██▏       | 68/313 [00:01<00:04, 51.08it/s, loss=4.49]
Train Epoch 8/10:  24%|██▎       | 74/313 [00:01<00:05, 40.10it/s, loss=4.49]
Train Epoch 8/10:  24%|██▎       | 74/313 [00:01<00:05, 40.10it/s, loss=4.54]
Train Epoch 8/10:  24%|██▎       | 74/313 [00:01<00:05, 40.10it/s, loss=4.48]
Train Epoch 8/10:  24%|██▎       | 74/313 [00:01<00:05, 40.10it/s, loss=4.52]
Train Epoch 8/10:  24%|██▎       | 74/313 [00:01<00:05, 40.10it/s, loss=4.5]
Train Epoch 8/10:  24%|██▎       | 74/313 [00:01<00:05, 40.10it/s, loss=4.52]
Train Epoch 8/10:  25%|██▌       | 79/313 [00:01<00:06, 38.13it/s, loss=4.52]
Train Epoch 8/10:  25%|██▌       | 79/313 [00:01<00:06, 38.13it/s, loss=4.52]
Train Epoch 8/10:  25%|██▌       | 79/313 [00:01<00:06, 38.13it/s, loss=4.52]
Train Epoch 8/10:  25%|██▌       | 79/313 [00:01<00:06, 38.13it/s, loss=4.52]
Train Epoch 8/10:  25%|██▌       | 79/313 [00:01<00:06, 38.13it/s, loss=4.43]
Train Epoch 8/10:  25%|██▌       | 79/313 [00:01<00:06, 38.13it/s, loss=4.53]
Train Epoch 8/10:  27%|██▋       | 84/313 [00:01<00:06, 38.03it/s, loss=4.53]
Train Epoch 8/10:  27%|██▋       | 84/313 [00:01<00:06, 38.03it/s, loss=4.48]
Train Epoch 8/10:  27%|██▋       | 84/313 [00:01<00:06, 38.03it/s, loss=4.47]
Train Epoch 8/10:  27%|██▋       | 84/313 [00:01<00:06, 38.03it/s, loss=4.52]
Train Epoch 8/10:  27%|██▋       | 84/313 [00:01<00:06, 38.03it/s, loss=4.52]
Train Epoch 8/10:  27%|██▋       | 84/313 [00:01<00:06, 38.03it/s, loss=4.56]
Train Epoch 8/10:  28%|██▊       | 89/313 [00:01<00:05, 39.11it/s, loss=4.56]
Train Epoch 8/10:  28%|██▊       | 89/313 [00:01<00:05, 39.11it/s, loss=4.51]
Train Epoch 8/10:  28%|██▊       | 89/313 [00:02<00:05, 39.11it/s, loss=4.49]
Train Epoch 8/10:  28%|██▊       | 89/313 [00:02<00:05, 39.11it/s, loss=4.5]
Train Epoch 8/10:  28%|██▊       | 89/313 [00:02<00:05, 39.11it/s, loss=4.51]
Train Epoch 8/10:  28%|██▊       | 89/313 [00:02<00:05, 39.11it/s, loss=4.54]
Train Epoch 8/10:  30%|███       | 94/313 [00:02<00:05, 37.22it/s, loss=4.54]
Train Epoch 8/10:  30%|███       | 94/313 [00:02<00:05, 37.22it/s, loss=4.48]
Train Epoch 8/10:  30%|███       | 94/313 [00:02<00:05, 37.22it/s, loss=4.53]
Train Epoch 8/10:  30%|███       | 94/313 [00:02<00:05, 37.22it/s, loss=4.53]
Train Epoch 8/10:  30%|███       | 94/313 [00:02<00:05, 37.22it/s, loss=4.47]
Train Epoch 8/10:  31%|███▏      | 98/313 [00:02<00:06, 33.63it/s, loss=4.47]
Train Epoch 8/10:  31%|███▏      | 98/313 [00:02<00:06, 33.63it/s, loss=4.47]
Train Epoch 8/10:  31%|███▏      | 98/313 [00:02<00:06, 33.63it/s, loss=4.46]
Train Epoch 8/10:  31%|███▏      | 98/313 [00:02<00:06, 33.63it/s, loss=4.44]
Train Epoch 8/10:  31%|███▏      | 98/313 [00:02<00:06, 33.63it/s, loss=4.46]
Train Epoch 8/10:  33%|███▎      | 102/313 [00:02<00:06, 33.03it/s, loss=4.46]
Train Epoch 8/10:  33%|███▎      | 102/313 [00:02<00:06, 33.03it/s, loss=4.47]
Train Epoch 8/10:  33%|███▎      | 102/313 [00:02<00:06, 33.03it/s, loss=4.5]
Train Epoch 8/10:  33%|███▎      | 102/313 [00:02<00:06, 33.03it/s, loss=4.47]
Train Epoch 8/10:  33%|███▎      | 102/313 [00:02<00:06, 33.03it/s, loss=4.45]
Train Epoch 8/10:  34%|███▍      | 106/313 [00:02<00:06, 33.59it/s, loss=4.45]
Train Epoch 8/10:  34%|███▍      | 106/313 [00:02<00:06, 33.59it/s, loss=4.45]
Train Epoch 8/10:  34%|███▍      | 106/313 [00:02<00:06, 33.59it/s, loss=4.44]
Train Epoch 8/10:  34%|███▍      | 106/313 [00:02<00:06, 33.59it/s, loss=4.51]
Train Epoch 8/10:  34%|███▍      | 106/313 [00:02<00:06, 33.59it/s, loss=4.48]
Train Epoch 8/10:  35%|███▌      | 110/313 [00:02<00:05, 34.63it/s, loss=4.48]
Train Epoch 8/10:  35%|███▌      | 110/313 [00:02<00:05, 34.63it/s, loss=4.46]
Train Epoch 8/10:  35%|███▌      | 110/313 [00:02<00:05, 34.63it/s, loss=4.45]
Train Epoch 8/10:  35%|███▌      | 110/313 [00:02<00:05, 34.63it/s, loss=4.49]
Train Epoch 8/10:  35%|███▌      | 110/313 [00:02<00:05, 34.63it/s, loss=4.48]
Train Epoch 8/10:  35%|███▌      | 110/313 [00:02<00:05, 34.63it/s, loss=4.49]
Train Epoch 8/10:  37%|███▋      | 115/313 [00:02<00:05, 36.29it/s, loss=4.49]
Train Epoch 8/10:  37%|███▋      | 115/313 [00:02<00:05, 36.29it/s, loss=4.47]
Train Epoch 8/10:  37%|███▋      | 115/313 [00:02<00:05, 36.29it/s, loss=4.46]
Train Epoch 8/10:  37%|███▋      | 115/313 [00:02<00:05, 36.29it/s, loss=4.45]
Train Epoch 8/10:  37%|███▋      | 115/313 [00:02<00:05, 36.29it/s, loss=4.49]
Train Epoch 8/10:  38%|███▊      | 119/313 [00:02<00:05, 37.19it/s, loss=4.49]
Train Epoch 8/10:  38%|███▊      | 119/313 [00:02<00:05, 37.19it/s, loss=4.45]
Train Epoch 8/10:  38%|███▊      | 119/313 [00:02<00:05, 37.19it/s, loss=4.47]
Train Epoch 8/10:  38%|███▊      | 119/313 [00:02<00:05, 37.19it/s, loss=4.49]
Train Epoch 8/10:  38%|███▊      | 119/313 [00:02<00:05, 37.19it/s, loss=4.61]
Train Epoch 8/10:  39%|███▉      | 123/313 [00:02<00:05, 33.77it/s, loss=4.61]
Train Epoch 8/10:  39%|███▉      | 123/313 [00:03<00:05, 33.77it/s, loss=4.47]
Train Epoch 8/10:  39%|███▉      | 123/313 [00:03<00:05, 33.77it/s, loss=4.42]
Train Epoch 8/10:  39%|███▉      | 123/313 [00:03<00:05, 33.77it/s, loss=4.41]
Train Epoch 8/10:  39%|███▉      | 123/313 [00:03<00:05, 33.77it/s, loss=4.47]
Train Epoch 8/10:  41%|████      | 127/313 [00:03<00:06, 29.38it/s, loss=4.47]
Train Epoch 8/10:  41%|████      | 127/313 [00:03<00:06, 29.38it/s, loss=4.48]
Train Epoch 8/10:  41%|████      | 127/313 [00:03<00:06, 29.38it/s, loss=4.45]
Train Epoch 8/10:  41%|████      | 127/313 [00:03<00:06, 29.38it/s, loss=4.47]
Train Epoch 8/10:  41%|████      | 127/313 [00:03<00:06, 29.38it/s, loss=4.45]
Train Epoch 8/10:  42%|████▏     | 131/313 [00:03<00:06, 29.22it/s, loss=4.45]
Train Epoch 8/10:  42%|████▏     | 131/313 [00:03<00:06, 29.22it/s, loss=4.47]
Train Epoch 8/10:  42%|████▏     | 131/313 [00:03<00:06, 29.22it/s, loss=4.43]
Train Epoch 8/10:  42%|████▏     | 131/313 [00:03<00:06, 29.22it/s, loss=4.47]
Train Epoch 8/10:  42%|████▏     | 131/313 [00:03<00:06, 29.22it/s, loss=4.4]
Train Epoch 8/10:  43%|████▎     | 135/313 [00:03<00:06, 27.16it/s, loss=4.4]
Train Epoch 8/10:  43%|████▎     | 135/313 [00:03<00:06, 27.16it/s, loss=4.42]
Train Epoch 8/10:  43%|████▎     | 135/313 [00:03<00:06, 27.16it/s, loss=4.38]
Train Epoch 8/10:  43%|████▎     | 135/313 [00:03<00:06, 27.16it/s, loss=4.45]
Train Epoch 8/10:  44%|████▍     | 138/313 [00:03<00:06, 26.96it/s, loss=4.45]
Train Epoch 8/10:  44%|████▍     | 138/313 [00:03<00:06, 26.96it/s, loss=4.53]
Train Epoch 8/10:  44%|████▍     | 138/313 [00:03<00:06, 26.96it/s, loss=4.48]
Train Epoch 8/10:  44%|████▍     | 138/313 [00:03<00:06, 26.96it/s, loss=4.43]
Train Epoch 8/10:  44%|████▍     | 138/313 [00:03<00:06, 26.96it/s, loss=4.45]
Train Epoch 8/10:  44%|████▍     | 138/313 [00:03<00:06, 26.96it/s, loss=4.49]
Train Epoch 8/10:  46%|████▌     | 143/313 [00:03<00:05, 31.06it/s, loss=4.49]
Train Epoch 8/10:  46%|████▌     | 143/313 [00:03<00:05, 31.06it/s, loss=4.49]
Train Epoch 8/10:  46%|████▌     | 143/313 [00:03<00:05, 31.06it/s, loss=4.41]
Train Epoch 8/10:  46%|████▌     | 143/313 [00:03<00:05, 31.06it/s, loss=4.44]
Train Epoch 8/10:  46%|████▌     | 143/313 [00:03<00:05, 31.06it/s, loss=4.47]
Train Epoch 8/10:  47%|████▋     | 147/313 [00:03<00:05, 30.09it/s, loss=4.47]
Train Epoch 8/10:  47%|████▋     | 147/313 [00:03<00:05, 30.09it/s, loss=4.49]
Train Epoch 8/10:  47%|████▋     | 147/313 [00:03<00:05, 30.09it/s, loss=4.44]
Train Epoch 8/10:  47%|████▋     | 147/313 [00:03<00:05, 30.09it/s, loss=4.43]
Train Epoch 8/10:  47%|████▋     | 147/313 [00:03<00:05, 30.09it/s, loss=4.43]
Train Epoch 8/10:  48%|████▊     | 151/313 [00:03<00:05, 30.39it/s, loss=4.43]
Train Epoch 8/10:  48%|████▊     | 151/313 [00:04<00:05, 30.39it/s, loss=4.42]
Train Epoch 8/10:  48%|████▊     | 151/313 [00:04<00:05, 30.39it/s, loss=4.47]
Train Epoch 8/10:  48%|████▊     | 151/313 [00:04<00:05, 30.39it/s, loss=4.46]
Train Epoch 8/10:  48%|████▊     | 151/313 [00:04<00:05, 30.39it/s, loss=4.48]
Train Epoch 8/10:  50%|████▉     | 155/313 [00:04<00:05, 29.83it/s, loss=4.48]
Train Epoch 8/10:  50%|████▉     | 155/313 [00:04<00:05, 29.83it/s, loss=4.42]
Train Epoch 8/10:  50%|████▉     | 155/313 [00:04<00:05, 29.83it/s, loss=4.39]
Train Epoch 8/10:  50%|████▉     | 155/313 [00:04<00:05, 29.83it/s, loss=4.46]
Train Epoch 8/10:  50%|████▉     | 155/313 [00:04<00:05, 29.83it/s, loss=4.48]
Train Epoch 8/10:  51%|█████     | 159/313 [00:04<00:05, 28.38it/s, loss=4.48]
Train Epoch 8/10:  51%|█████     | 159/313 [00:04<00:05, 28.38it/s, loss=4.39]
Train Epoch 8/10:  51%|█████     | 159/313 [00:04<00:05, 28.38it/s, loss=4.4]
Train Epoch 8/10:  51%|█████     | 159/313 [00:04<00:05, 28.38it/s, loss=4.4]
Train Epoch 8/10:  52%|█████▏    | 162/313 [00:04<00:05, 27.60it/s, loss=4.4]
Train Epoch 8/10:  52%|█████▏    | 162/313 [00:04<00:05, 27.60it/s, loss=4.37]
Train Epoch 8/10:  52%|█████▏    | 162/313 [00:04<00:05, 27.60it/s, loss=4.39]
Train Epoch 8/10:  52%|█████▏    | 162/313 [00:04<00:05, 27.60it/s, loss=4.42]
Train Epoch 8/10:  53%|█████▎    | 165/313 [00:04<00:05, 28.13it/s, loss=4.42]
Train Epoch 8/10:  53%|█████▎    | 165/313 [00:04<00:05, 28.13it/s, loss=4.42]
Train Epoch 8/10:  53%|█████▎    | 165/313 [00:04<00:05, 28.13it/s, loss=4.47]
Train Epoch 8/10:  53%|█████▎    | 165/313 [00:04<00:05, 28.13it/s, loss=4.46]
Train Epoch 8/10:  53%|█████▎    | 165/313 [00:04<00:05, 28.13it/s, loss=4.34]
Train Epoch 8/10:  54%|█████▍    | 169/313 [00:04<00:04, 30.31it/s, loss=4.34]
Train Epoch 8/10:  54%|█████▍    | 169/313 [00:04<00:04, 30.31it/s, loss=4.53]
Train Epoch 8/10:  54%|█████▍    | 169/313 [00:04<00:04, 30.31it/s, loss=4.39]
Train Epoch 8/10:  54%|█████▍    | 169/313 [00:04<00:04, 30.31it/s, loss=4.39]
Train Epoch 8/10:  54%|█████▍    | 169/313 [00:04<00:04, 30.31it/s, loss=4.39]
Train Epoch 8/10:  55%|█████▌    | 173/313 [00:04<00:04, 32.80it/s, loss=4.39]
Train Epoch 8/10:  55%|█████▌    | 173/313 [00:04<00:04, 32.80it/s, loss=4.34]
Train Epoch 8/10:  55%|█████▌    | 173/313 [00:04<00:04, 32.80it/s, loss=4.37]
Train Epoch 8/10:  55%|█████▌    | 173/313 [00:04<00:04, 32.80it/s, loss=4.34]
Train Epoch 8/10:  55%|█████▌    | 173/313 [00:04<00:04, 32.80it/s, loss=4.45]
Train Epoch 8/10:  55%|█████▌    | 173/313 [00:04<00:04, 32.80it/s, loss=4.46]
Train Epoch 8/10:  57%|█████▋    | 178/313 [00:04<00:03, 35.71it/s, loss=4.46]
Train Epoch 8/10:  57%|█████▋    | 178/313 [00:04<00:03, 35.71it/s, loss=4.43]
Train Epoch 8/10:  57%|█████▋    | 178/313 [00:04<00:03, 35.71it/s, loss=4.43]
Train Epoch 8/10:  57%|█████▋    | 178/313 [00:04<00:03, 35.71it/s, loss=4.46]
Train Epoch 8/10:  57%|█████▋    | 178/313 [00:04<00:03, 35.71it/s, loss=4.39]
Train Epoch 8/10:  57%|█████▋    | 178/313 [00:04<00:03, 35.71it/s, loss=4.36]
Train Epoch 8/10:  58%|█████▊    | 183/313 [00:04<00:03, 37.97it/s, loss=4.36]
Train Epoch 8/10:  58%|█████▊    | 183/313 [00:04<00:03, 37.97it/s, loss=4.39]
Train Epoch 8/10:  58%|█████▊    | 183/313 [00:04<00:03, 37.97it/s, loss=4.46]
Train Epoch 8/10:  58%|█████▊    | 183/313 [00:05<00:03, 37.97it/s, loss=4.29]
Train Epoch 8/10:  58%|█████▊    | 183/313 [00:05<00:03, 37.97it/s, loss=4.31]
Train Epoch 8/10:  58%|█████▊    | 183/313 [00:05<00:03, 37.97it/s, loss=4.39]
Train Epoch 8/10:  60%|██████    | 188/313 [00:05<00:03, 39.20it/s, loss=4.39]
Train Epoch 8/10:  60%|██████    | 188/313 [00:05<00:03, 39.20it/s, loss=4.42]
Train Epoch 8/10:  60%|██████    | 188/313 [00:05<00:03, 39.20it/s, loss=4.29]
Train Epoch 8/10:  60%|██████    | 188/313 [00:05<00:03, 39.20it/s, loss=4.39]
Train Epoch 8/10:  60%|██████    | 188/313 [00:05<00:03, 39.20it/s, loss=4.36]
Train Epoch 8/10:  60%|██████    | 188/313 [00:05<00:03, 39.20it/s, loss=4.36]
Train Epoch 8/10:  62%|██████▏   | 193/313 [00:05<00:02, 41.17it/s, loss=4.36]
Train Epoch 8/10:  62%|██████▏   | 193/313 [00:05<00:02, 41.17it/s, loss=4.35]
Train Epoch 8/10:  62%|██████▏   | 193/313 [00:05<00:02, 41.17it/s, loss=4.34]
Train Epoch 8/10:  62%|██████▏   | 193/313 [00:05<00:02, 41.17it/s, loss=4.38]
Train Epoch 8/10:  62%|██████▏   | 193/313 [00:05<00:02, 41.17it/s, loss=4.34]
Train Epoch 8/10:  62%|██████▏   | 193/313 [00:05<00:02, 41.17it/s, loss=4.36]
Train Epoch 8/10:  63%|██████▎   | 198/313 [00:05<00:02, 42.69it/s, loss=4.36]
Train Epoch 8/10:  63%|██████▎   | 198/313 [00:05<00:02, 42.69it/s, loss=4.3]
Train Epoch 8/10:  63%|██████▎   | 198/313 [00:05<00:02, 42.69it/s, loss=4.39]
Train Epoch 8/10:  63%|██████▎   | 198/313 [00:05<00:02, 42.69it/s, loss=4.31]
Train Epoch 8/10:  63%|██████▎   | 198/313 [00:05<00:02, 42.69it/s, loss=4.38]
Train Epoch 8/10:  63%|██████▎   | 198/313 [00:05<00:02, 42.69it/s, loss=4.28]
Train Epoch 8/10:  65%|██████▍   | 203/313 [00:05<00:02, 44.11it/s, loss=4.28]
Train Epoch 8/10:  65%|██████▍   | 203/313 [00:05<00:02, 44.11it/s, loss=4.35]
Train Epoch 8/10:  65%|██████▍   | 203/313 [00:05<00:02, 44.11it/s, loss=4.34]
Train Epoch 8/10:  65%|██████▍   | 203/313 [00:05<00:02, 44.11it/s, loss=4.43]
Train Epoch 8/10:  65%|██████▍   | 203/313 [00:05<00:02, 44.11it/s, loss=4.37]
Train Epoch 8/10:  65%|██████▍   | 203/313 [00:05<00:02, 44.11it/s, loss=4.34]
Train Epoch 8/10:  66%|██████▋   | 208/313 [00:05<00:02, 45.14it/s, loss=4.34]
Train Epoch 8/10:  66%|██████▋   | 208/313 [00:05<00:02, 45.14it/s, loss=4.27]
Train Epoch 8/10:  66%|██████▋   | 208/313 [00:05<00:02, 45.14it/s, loss=4.32]
Train Epoch 8/10:  66%|██████▋   | 208/313 [00:05<00:02, 45.14it/s, loss=4.29]
Train Epoch 8/10:  66%|██████▋   | 208/313 [00:05<00:02, 45.14it/s, loss=4.34]
Train Epoch 8/10:  66%|██████▋   | 208/313 [00:05<00:02, 45.14it/s, loss=4.24]
Train Epoch 8/10:  68%|██████▊   | 213/313 [00:05<00:02, 45.90it/s, loss=4.24]
Train Epoch 8/10:  68%|██████▊   | 213/313 [00:05<00:02, 45.90it/s, loss=4.38]
Train Epoch 8/10:  68%|██████▊   | 213/313 [00:05<00:02, 45.90it/s, loss=4.4]
Train Epoch 8/10:  68%|██████▊   | 213/313 [00:05<00:02, 45.90it/s, loss=4.31]
Train Epoch 8/10:  68%|██████▊   | 213/313 [00:05<00:02, 45.90it/s, loss=4.3]
Train Epoch 8/10:  68%|██████▊   | 213/313 [00:05<00:02, 45.90it/s, loss=4.36]
Train Epoch 8/10:  70%|██████▉   | 218/313 [00:05<00:02, 46.45it/s, loss=4.36]
Train Epoch 8/10:  70%|██████▉   | 218/313 [00:05<00:02, 46.45it/s, loss=4.23]
Train Epoch 8/10:  70%|██████▉   | 218/313 [00:05<00:02, 46.45it/s, loss=4.31]
Train Epoch 8/10:  70%|██████▉   | 218/313 [00:05<00:02, 46.45it/s, loss=4.32]
Train Epoch 8/10:  70%|██████▉   | 218/313 [00:05<00:02, 46.45it/s, loss=4.43]
Train Epoch 8/10:  70%|██████▉   | 218/313 [00:05<00:02, 46.45it/s, loss=4.35]
Train Epoch 8/10:  71%|███████   | 223/313 [00:05<00:01, 47.23it/s, loss=4.35]
Train Epoch 8/10:  71%|███████   | 223/313 [00:05<00:01, 47.23it/s, loss=4.31]
Train Epoch 8/10:  71%|███████   | 223/313 [00:05<00:01, 47.23it/s, loss=4.36]
Train Epoch 8/10:  71%|███████   | 223/313 [00:05<00:01, 47.23it/s, loss=4.29]
Train Epoch 8/10:  71%|███████   | 223/313 [00:05<00:01, 47.23it/s, loss=4.27]
Train Epoch 8/10:  71%|███████   | 223/313 [00:05<00:01, 47.23it/s, loss=4.25]
Train Epoch 8/10:  73%|███████▎  | 228/313 [00:05<00:01, 47.79it/s, loss=4.25]
Train Epoch 8/10:  73%|███████▎  | 228/313 [00:05<00:01, 47.79it/s, loss=4.37]
Train Epoch 8/10:  73%|███████▎  | 228/313 [00:05<00:01, 47.79it/s, loss=4.34]
Train Epoch 8/10:  73%|███████▎  | 228/313 [00:05<00:01, 47.79it/s, loss=4.27]
Train Epoch 8/10:  73%|███████▎  | 228/313 [00:05<00:01, 47.79it/s, loss=4.33]
Train Epoch 8/10:  73%|███████▎  | 228/313 [00:06<00:01, 47.79it/s, loss=4.3]
Train Epoch 8/10:  74%|███████▍  | 233/313 [00:06<00:01, 48.20it/s, loss=4.3]
Train Epoch 8/10:  74%|███████▍  | 233/313 [00:06<00:01, 48.20it/s, loss=4.31]
Train Epoch 8/10:  74%|███████▍  | 233/313 [00:06<00:01, 48.20it/s, loss=4.32]
Train Epoch 8/10:  74%|███████▍  | 233/313 [00:06<00:01, 48.20it/s, loss=4.24]
Train Epoch 8/10:  74%|███████▍  | 233/313 [00:06<00:01, 48.20it/s, loss=4.3]
Train Epoch 8/10:  74%|███████▍  | 233/313 [00:06<00:01, 48.20it/s, loss=4.26]
Train Epoch 8/10:  76%|███████▌  | 238/313 [00:06<00:01, 48.46it/s, loss=4.26]
Train Epoch 8/10:  76%|███████▌  | 238/313 [00:06<00:01, 48.46it/s, loss=4.24]
Train Epoch 8/10:  76%|███████▌  | 238/313 [00:06<00:01, 48.46it/s, loss=4.31]
Train Epoch 8/10:  76%|███████▌  | 238/313 [00:06<00:01, 48.46it/s, loss=4.35]
Train Epoch 8/10:  76%|███████▌  | 238/313 [00:06<00:01, 48.46it/s, loss=4.29]
Train Epoch 8/10:  76%|███████▌  | 238/313 [00:06<00:01, 48.46it/s, loss=4.22]
Train Epoch 8/10:  78%|███████▊  | 243/313 [00:06<00:01, 48.66it/s, loss=4.22]
Train Epoch 8/10:  78%|███████▊  | 243/313 [00:06<00:01, 48.66it/s, loss=4.16]
Train Epoch 8/10:  78%|███████▊  | 243/313 [00:06<00:01, 48.66it/s, loss=4.27]
Train Epoch 8/10:  78%|███████▊  | 243/313 [00:06<00:01, 48.66it/s, loss=4.26]
Train Epoch 8/10:  78%|███████▊  | 243/313 [00:06<00:01, 48.66it/s, loss=4.18]
Train Epoch 8/10:  78%|███████▊  | 243/313 [00:06<00:01, 48.66it/s, loss=4.27]
Train Epoch 8/10:  79%|███████▉  | 248/313 [00:06<00:01, 48.80it/s, loss=4.27]
Train Epoch 8/10:  79%|███████▉  | 248/313 [00:06<00:01, 48.80it/s, loss=4.2]
Train Epoch 8/10:  79%|███████▉  | 248/313 [00:06<00:01, 48.80it/s, loss=4.14]
Train Epoch 8/10:  79%|███████▉  | 248/313 [00:06<00:01, 48.80it/s, loss=4.22]
Train Epoch 8/10:  79%|███████▉  | 248/313 [00:06<00:01, 48.80it/s, loss=4.29]
Train Epoch 8/10:  79%|███████▉  | 248/313 [00:06<00:01, 48.80it/s, loss=4.24]
Train Epoch 8/10:  81%|████████  | 253/313 [00:06<00:01, 48.90it/s, loss=4.24]
Train Epoch 8/10:  81%|████████  | 253/313 [00:06<00:01, 48.90it/s, loss=4.34]
Train Epoch 8/10:  81%|████████  | 253/313 [00:06<00:01, 48.90it/s, loss=4.27]
Train Epoch 8/10:  81%|████████  | 253/313 [00:06<00:01, 48.90it/s, loss=4.27]
Train Epoch 8/10:  81%|████████  | 253/313 [00:06<00:01, 48.90it/s, loss=4.22]
Train Epoch 8/10:  81%|████████  | 253/313 [00:06<00:01, 48.90it/s, loss=4.28]
Train Epoch 8/10:  82%|████████▏ | 258/313 [00:06<00:01, 48.99it/s, loss=4.28]
Train Epoch 8/10:  82%|████████▏ | 258/313 [00:06<00:01, 48.99it/s, loss=4.23]
Train Epoch 8/10:  82%|████████▏ | 258/313 [00:06<00:01, 48.99it/s, loss=4.25]
Train Epoch 8/10:  82%|████████▏ | 258/313 [00:06<00:01, 48.99it/s, loss=4.27]
Train Epoch 8/10:  82%|████████▏ | 258/313 [00:06<00:01, 48.99it/s, loss=4.29]
Train Epoch 8/10:  82%|████████▏ | 258/313 [00:06<00:01, 48.99it/s, loss=4.23]
Train Epoch 8/10:  84%|████████▍ | 263/313 [00:06<00:01, 41.00it/s, loss=4.23]
Train Epoch 8/10:  84%|████████▍ | 263/313 [00:06<00:01, 41.00it/s, loss=4.27]
Train Epoch 8/10:  84%|████████▍ | 263/313 [00:06<00:01, 41.00it/s, loss=4.23]
Train Epoch 8/10:  84%|████████▍ | 263/313 [00:06<00:01, 41.00it/s, loss=4.17]
Train Epoch 8/10:  84%|████████▍ | 263/313 [00:06<00:01, 41.00it/s, loss=4.25]
Train Epoch 8/10:  84%|████████▍ | 263/313 [00:06<00:01, 41.00it/s, loss=4.24]
Train Epoch 8/10:  86%|████████▌ | 268/313 [00:06<00:01, 31.05it/s, loss=4.24]
Train Epoch 8/10:  86%|████████▌ | 268/313 [00:06<00:01, 31.05it/s, loss=4.28]
Train Epoch 8/10:  86%|████████▌ | 268/313 [00:07<00:01, 31.05it/s, loss=4.28]
Train Epoch 8/10:  86%|████████▌ | 268/313 [00:07<00:01, 31.05it/s, loss=4.28]
Train Epoch 8/10:  86%|████████▌ | 268/313 [00:07<00:01, 31.05it/s, loss=4.27]
Train Epoch 8/10:  87%|████████▋ | 272/313 [00:07<00:01, 26.89it/s, loss=4.27]
Train Epoch 8/10:  87%|████████▋ | 272/313 [00:07<00:01, 26.89it/s, loss=4.28]
Train Epoch 8/10:  87%|████████▋ | 272/313 [00:07<00:01, 26.89it/s, loss=4.31]
Train Epoch 8/10:  87%|████████▋ | 272/313 [00:07<00:01, 26.89it/s, loss=4.37]
Train Epoch 8/10:  87%|████████▋ | 272/313 [00:07<00:01, 26.89it/s, loss=4.29]
Train Epoch 8/10:  88%|████████▊ | 276/313 [00:07<00:01, 24.74it/s, loss=4.29]
Train Epoch 8/10:  88%|████████▊ | 276/313 [00:07<00:01, 24.74it/s, loss=4.23]
Train Epoch 8/10:  88%|████████▊ | 276/313 [00:07<00:01, 24.74it/s, loss=4.21]
Train Epoch 8/10:  88%|████████▊ | 276/313 [00:07<00:01, 24.74it/s, loss=4.28]
Train Epoch 8/10:  89%|████████▉ | 279/313 [00:07<00:01, 24.65it/s, loss=4.28]
Train Epoch 8/10:  89%|████████▉ | 279/313 [00:07<00:01, 24.65it/s, loss=4.29]
Train Epoch 8/10:  89%|████████▉ | 279/313 [00:07<00:01, 24.65it/s, loss=4.28]
Train Epoch 8/10:  89%|████████▉ | 279/313 [00:07<00:01, 24.65it/s, loss=4.43]
Train Epoch 8/10:  90%|█████████ | 282/313 [00:07<00:01, 24.23it/s, loss=4.43]
Train Epoch 8/10:  90%|█████████ | 282/313 [00:07<00:01, 24.23it/s, loss=4.28]
Train Epoch 8/10:  90%|█████████ | 282/313 [00:07<00:01, 24.23it/s, loss=4.4]
Train Epoch 8/10:  90%|█████████ | 282/313 [00:07<00:01, 24.23it/s, loss=4.34]
Train Epoch 8/10:  91%|█████████ | 285/313 [00:07<00:01, 24.95it/s, loss=4.34]
Train Epoch 8/10:  91%|█████████ | 285/313 [00:07<00:01, 24.95it/s, loss=4.34]
Train Epoch 8/10:  91%|█████████ | 285/313 [00:07<00:01, 24.95it/s, loss=4.26]
Train Epoch 8/10:  91%|█████████ | 285/313 [00:07<00:01, 24.95it/s, loss=4.38]
Train Epoch 8/10:  91%|█████████ | 285/313 [00:07<00:01, 24.95it/s, loss=4.31]
Train Epoch 8/10:  92%|█████████▏| 289/313 [00:07<00:00, 27.17it/s, loss=4.31]
Train Epoch 8/10:  92%|█████████▏| 289/313 [00:07<00:00, 27.17it/s, loss=4.35]
Train Epoch 8/10:  92%|█████████▏| 289/313 [00:07<00:00, 27.17it/s, loss=4.32]
Train Epoch 8/10:  92%|█████████▏| 289/313 [00:07<00:00, 27.17it/s, loss=4.45]
Train Epoch 8/10:  92%|█████████▏| 289/313 [00:07<00:00, 27.17it/s, loss=4.42]
Train Epoch 8/10:  94%|█████████▎| 293/313 [00:07<00:00, 29.98it/s, loss=4.42]
Train Epoch 8/10:  94%|█████████▎| 293/313 [00:07<00:00, 29.98it/s, loss=4.33]
Train Epoch 8/10:  94%|█████████▎| 293/313 [00:07<00:00, 29.98it/s, loss=4.42]
Train Epoch 8/10:  94%|█████████▎| 293/313 [00:08<00:00, 29.98it/s, loss=4.29]
Train Epoch 8/10:  94%|█████████▎| 293/313 [00:08<00:00, 29.98it/s, loss=4.38]
Train Epoch 8/10:  94%|█████████▎| 293/313 [00:08<00:00, 29.98it/s, loss=4.37]
Train Epoch 8/10:  95%|█████████▌| 298/313 [00:08<00:00, 33.40it/s, loss=4.37]
Train Epoch 8/10:  95%|█████████▌| 298/313 [00:08<00:00, 33.40it/s, loss=4.37]
Train Epoch 8/10:  95%|█████████▌| 298/313 [00:08<00:00, 33.40it/s, loss=4.44]
Train Epoch 8/10:  95%|█████████▌| 298/313 [00:08<00:00, 33.40it/s, loss=4.46]
Train Epoch 8/10:  95%|█████████▌| 298/313 [00:08<00:00, 33.40it/s, loss=4.38]
Train Epoch 8/10:  95%|█████████▌| 298/313 [00:08<00:00, 33.40it/s, loss=4.39]
Train Epoch 8/10:  97%|█████████▋| 303/313 [00:08<00:00, 36.69it/s, loss=4.39]
Train Epoch 8/10:  97%|█████████▋| 303/313 [00:08<00:00, 36.69it/s, loss=4.41]
Train Epoch 8/10:  97%|█████████▋| 303/313 [00:08<00:00, 36.69it/s, loss=4.42]
Train Epoch 8/10:  97%|█████████▋| 303/313 [00:08<00:00, 36.69it/s, loss=4.42]
Train Epoch 8/10:  97%|█████████▋| 303/313 [00:08<00:00, 36.69it/s, loss=4.42]
Train Epoch 8/10:  97%|█████████▋| 303/313 [00:08<00:00, 36.69it/s, loss=4.42]
Train Epoch 8/10:  98%|█████████▊| 308/313 [00:08<00:00, 39.52it/s, loss=4.42]
Train Epoch 8/10:  98%|█████████▊| 308/313 [00:08<00:00, 39.52it/s, loss=4.46]
Train Epoch 8/10:  98%|█████████▊| 308/313 [00:08<00:00, 39.52it/s, loss=4.47]
Train Epoch 8/10:  98%|█████████▊| 308/313 [00:08<00:00, 39.52it/s, loss=4.53]
Train Epoch 8/10:  98%|█████████▊| 308/313 [00:08<00:00, 39.52it/s, loss=4.56]
Train Epoch 8/10:  98%|█████████▊| 308/313 [00:08<00:00, 39.52it/s, loss=4.32]
Train Epoch 8/10: 100%|██████████| 313/313 [00:08<00:00, 41.81it/s, loss=4.32]
Train Epoch 8/10: 100%|██████████| 313/313 [00:08<00:00, 37.38it/s, loss=4.32]

Valid Epoch 8/10:   0%|          | 0/32 [00:00<?, ?it/s, acc=-, loss=-]
Valid Epoch 8/10:  31%|███▏      | 10/32 [00:00<00:00, 96.11it/s, acc=-, loss=-]
Valid Epoch 8/10:  69%|██████▉   | 22/32 [00:00<00:00, 104.92it/s, acc=-, loss=-]
Valid Epoch 8/10: 100%|██████████| 32/32 [00:00<00:00, 104.92it/s, valid/loss=4.73, valid/accuracy=0.009]
Valid Epoch 8/10: 100%|██████████| 32/32 [00:00<00:00, 107.57it/s, valid/loss=4.73, valid/accuracy=0.009]

Train Epoch 9/10:   0%|          | 0/313 [00:00<?, ?it/s]
Train Epoch 9/10:   0%|          | 0/313 [00:00<?, ?it/s, loss=4.5]
Train Epoch 9/10:   0%|          | 0/313 [00:00<?, ?it/s, loss=4.63]
Train Epoch 9/10:   0%|          | 0/313 [00:00<?, ?it/s, loss=4.58]
Train Epoch 9/10:   0%|          | 0/313 [00:00<?, ?it/s, loss=4.54]
Train Epoch 9/10:   0%|          | 0/313 [00:00<?, ?it/s, loss=4.52]
Train Epoch 9/10:   2%|▏         | 5/313 [00:00<00:06, 44.04it/s, loss=4.52]
Train Epoch 9/10:   2%|▏         | 5/313 [00:00<00:06, 44.04it/s, loss=4.57]
Train Epoch 9/10:   2%|▏         | 5/313 [00:00<00:06, 44.04it/s, loss=4.56]
Train Epoch 9/10:   2%|▏         | 5/313 [00:00<00:06, 44.04it/s, loss=4.6]
Train Epoch 9/10:   2%|▏         | 5/313 [00:00<00:06, 44.04it/s, loss=4.65]
Train Epoch 9/10:   2%|▏         | 5/313 [00:00<00:06, 44.04it/s, loss=4.6]
Train Epoch 9/10:   3%|▎         | 10/313 [00:00<00:06, 44.43it/s, loss=4.6]
Train Epoch 9/10:   3%|▎         | 10/313 [00:00<00:06, 44.43it/s, loss=4.52]
Train Epoch 9/10:   3%|▎         | 10/313 [00:00<00:06, 44.43it/s, loss=4.56]
Train Epoch 9/10:   3%|▎         | 10/313 [00:00<00:06, 44.43it/s, loss=4.51]
Train Epoch 9/10:   3%|▎         | 10/313 [00:00<00:06, 44.43it/s, loss=4.57]
Train Epoch 9/10:   3%|▎         | 10/313 [00:00<00:06, 44.43it/s, loss=4.49]
Train Epoch 9/10:   5%|▍         | 15/313 [00:00<00:06, 45.16it/s, loss=4.49]
Train Epoch 9/10:   5%|▍         | 15/313 [00:00<00:06, 45.16it/s, loss=4.53]
Train Epoch 9/10:   5%|▍         | 15/313 [00:00<00:06, 45.16it/s, loss=4.57]
Train Epoch 9/10:   5%|▍         | 15/313 [00:00<00:06, 45.16it/s, loss=4.56]
Train Epoch 9/10:   5%|▍         | 15/313 [00:00<00:06, 45.16it/s, loss=4.54]
Train Epoch 9/10:   5%|▍         | 15/313 [00:00<00:06, 45.16it/s, loss=4.58]
Train Epoch 9/10:   6%|▋         | 20/313 [00:00<00:06, 44.65it/s, loss=4.58]
Train Epoch 9/10:   6%|▋         | 20/313 [00:00<00:06, 44.65it/s, loss=4.55]
Train Epoch 9/10:   6%|▋         | 20/313 [00:00<00:06, 44.65it/s, loss=4.59]
Train Epoch 9/10:   6%|▋         | 20/313 [00:00<00:06, 44.65it/s, loss=4.59]
Train Epoch 9/10:   6%|▋         | 20/313 [00:00<00:06, 44.65it/s, loss=4.52]
Train Epoch 9/10:   6%|▋         | 20/313 [00:00<00:06, 44.65it/s, loss=4.65]
Train Epoch 9/10:   8%|▊         | 25/313 [00:00<00:06, 44.39it/s, loss=4.65]
Train Epoch 9/10:   8%|▊         | 25/313 [00:00<00:06, 44.39it/s, loss=4.61]
Train Epoch 9/10:   8%|▊         | 25/313 [00:00<00:06, 44.39it/s, loss=4.56]
Train Epoch 9/10:   8%|▊         | 25/313 [00:00<00:06, 44.39it/s, loss=4.58]
Train Epoch 9/10:   8%|▊         | 25/313 [00:00<00:06, 44.39it/s, loss=4.49]
Train Epoch 9/10:   8%|▊         | 25/313 [00:00<00:06, 44.39it/s, loss=4.5]
Train Epoch 9/10:  10%|▉         | 30/313 [00:00<00:06, 45.82it/s, loss=4.5]
Train Epoch 9/10:  10%|▉         | 30/313 [00:00<00:06, 45.82it/s, loss=4.49]
Train Epoch 9/10:  10%|▉         | 30/313 [00:00<00:06, 45.82it/s, loss=4.54]
Train Epoch 9/10:  10%|▉         | 30/313 [00:00<00:06, 45.82it/s, loss=4.57]
Train Epoch 9/10:  10%|▉         | 30/313 [00:00<00:06, 45.82it/s, loss=4.59]
Train Epoch 9/10:  10%|▉         | 30/313 [00:00<00:06, 45.82it/s, loss=4.51]
Train Epoch 9/10:  11%|█         | 35/313 [00:00<00:05, 46.71it/s, loss=4.51]
Train Epoch 9/10:  11%|█         | 35/313 [00:00<00:05, 46.71it/s, loss=4.59]
Train Epoch 9/10:  11%|█         | 35/313 [00:00<00:05, 46.71it/s, loss=4.63]
Train Epoch 9/10:  11%|█         | 35/313 [00:00<00:05, 46.71it/s, loss=4.54]
Train Epoch 9/10:  11%|█         | 35/313 [00:00<00:05, 46.71it/s, loss=4.59]
Train Epoch 9/10:  11%|█         | 35/313 [00:00<00:05, 46.71it/s, loss=4.55]
Train Epoch 9/10:  13%|█▎        | 40/313 [00:00<00:05, 46.67it/s, loss=4.55]
Train Epoch 9/10:  13%|█▎        | 40/313 [00:00<00:05, 46.67it/s, loss=4.57]
Train Epoch 9/10:  13%|█▎        | 40/313 [00:00<00:05, 46.67it/s, loss=4.51]
Train Epoch 9/10:  13%|█▎        | 40/313 [00:00<00:05, 46.67it/s, loss=4.53]
Train Epoch 9/10:  13%|█▎        | 40/313 [00:00<00:05, 46.67it/s, loss=4.54]
Train Epoch 9/10:  13%|█▎        | 40/313 [00:00<00:05, 46.67it/s, loss=4.51]
Train Epoch 9/10:  14%|█▍        | 45/313 [00:00<00:05, 46.52it/s, loss=4.51]
Train Epoch 9/10:  14%|█▍        | 45/313 [00:01<00:05, 46.52it/s, loss=4.55]
Train Epoch 9/10:  14%|█▍        | 45/313 [00:01<00:05, 46.52it/s, loss=4.56]
Train Epoch 9/10:  14%|█▍        | 45/313 [00:01<00:05, 46.52it/s, loss=4.56]
Train Epoch 9/10:  14%|█▍        | 45/313 [00:01<00:05, 46.52it/s, loss=4.57]
Train Epoch 9/10:  14%|█▍        | 45/313 [00:01<00:05, 46.52it/s, loss=4.57]
Train Epoch 9/10:  14%|█▍        | 45/313 [00:01<00:05, 46.52it/s, loss=4.57]
Train Epoch 9/10:  16%|█▋        | 51/313 [00:01<00:05, 47.87it/s, loss=4.57]
Train Epoch 9/10:  16%|█▋        | 51/313 [00:01<00:05, 47.87it/s, loss=4.5]
Train Epoch 9/10:  16%|█▋        | 51/313 [00:01<00:05, 47.87it/s, loss=4.51]
Train Epoch 9/10:  16%|█▋        | 51/313 [00:01<00:05, 47.87it/s, loss=4.53]
Train Epoch 9/10:  16%|█▋        | 51/313 [00:01<00:05, 47.87it/s, loss=4.49]
Train Epoch 9/10:  16%|█▋        | 51/313 [00:01<00:05, 47.87it/s, loss=4.54]
Train Epoch 9/10:  16%|█▋        | 51/313 [00:01<00:05, 47.87it/s, loss=4.55]
Train Epoch 9/10:  18%|█▊        | 57/313 [00:01<00:05, 48.77it/s, loss=4.55]
Train Epoch 9/10:  18%|█▊        | 57/313 [00:01<00:05, 48.77it/s, loss=4.56]
Train Epoch 9/10:  18%|█▊        | 57/313 [00:01<00:05, 48.77it/s, loss=4.54]
Train Epoch 9/10:  18%|█▊        | 57/313 [00:01<00:05, 48.77it/s, loss=4.53]
Train Epoch 9/10:  18%|█▊        | 57/313 [00:01<00:05, 48.77it/s, loss=4.53]
Train Epoch 9/10:  18%|█▊        | 57/313 [00:01<00:05, 48.77it/s, loss=4.49]
Train Epoch 9/10:  18%|█▊        | 57/313 [00:01<00:05, 48.77it/s, loss=4.59]
Train Epoch 9/10:  20%|██        | 63/313 [00:01<00:04, 50.11it/s, loss=4.59]
Train Epoch 9/10:  20%|██        | 63/313 [00:01<00:04, 50.11it/s, loss=4.51]
Train Epoch 9/10:  20%|██        | 63/313 [00:01<00:04, 50.11it/s, loss=4.53]
Train Epoch 9/10:  20%|██        | 63/313 [00:01<00:04, 50.11it/s, loss=4.49]
Train Epoch 9/10:  20%|██        | 63/313 [00:01<00:04, 50.11it/s, loss=4.46]
Train Epoch 9/10:  20%|██        | 63/313 [00:01<00:04, 50.11it/s, loss=4.54]
Train Epoch 9/10:  20%|██        | 63/313 [00:01<00:04, 50.11it/s, loss=4.46]
Train Epoch 9/10:  22%|██▏       | 69/313 [00:01<00:04, 49.90it/s, loss=4.46]
Train Epoch 9/10:  22%|██▏       | 69/313 [00:01<00:04, 49.90it/s, loss=4.55]
Train Epoch 9/10:  22%|██▏       | 69/313 [00:01<00:04, 49.90it/s, loss=4.46]
Train Epoch 9/10:  22%|██▏       | 69/313 [00:01<00:04, 49.90it/s, loss=4.55]
Train Epoch 9/10:  22%|██▏       | 69/313 [00:01<00:04, 49.90it/s, loss=4.51]
Train Epoch 9/10:  22%|██▏       | 69/313 [00:01<00:04, 49.90it/s, loss=4.47]
Train Epoch 9/10:  24%|██▎       | 74/313 [00:01<00:05, 43.82it/s, loss=4.47]
Train Epoch 9/10:  24%|██▎       | 74/313 [00:01<00:05, 43.82it/s, loss=4.58]
Train Epoch 9/10:  24%|██▎       | 74/313 [00:01<00:05, 43.82it/s, loss=4.47]
Train Epoch 9/10:  24%|██▎       | 74/313 [00:01<00:05, 43.82it/s, loss=4.52]
Train Epoch 9/10:  24%|██▎       | 74/313 [00:01<00:05, 43.82it/s, loss=4.45]
Train Epoch 9/10:  24%|██▎       | 74/313 [00:01<00:05, 43.82it/s, loss=4.51]
Train Epoch 9/10:  25%|██▌       | 79/313 [00:01<00:05, 42.02it/s, loss=4.51]
Train Epoch 9/10:  25%|██▌       | 79/313 [00:01<00:05, 42.02it/s, loss=4.51]
Train Epoch 9/10:  25%|██▌       | 79/313 [00:01<00:05, 42.02it/s, loss=4.5]
Train Epoch 9/10:  25%|██▌       | 79/313 [00:01<00:05, 42.02it/s, loss=4.51]
Train Epoch 9/10:  25%|██▌       | 79/313 [00:01<00:05, 42.02it/s, loss=4.41]
Train Epoch 9/10:  25%|██▌       | 79/313 [00:01<00:05, 42.02it/s, loss=4.49]
Train Epoch 9/10:  27%|██▋       | 84/313 [00:01<00:05, 41.86it/s, loss=4.49]
Train Epoch 9/10:  27%|██▋       | 84/313 [00:01<00:05, 41.86it/s, loss=4.47]
Train Epoch 9/10:  27%|██▋       | 84/313 [00:01<00:05, 41.86it/s, loss=4.42]
Train Epoch 9/10:  27%|██▋       | 84/313 [00:01<00:05, 41.86it/s, loss=4.52]
Train Epoch 9/10:  27%|██▋       | 84/313 [00:01<00:05, 41.86it/s, loss=4.55]
Train Epoch 9/10:  27%|██▋       | 84/313 [00:01<00:05, 41.86it/s, loss=4.51]
Train Epoch 9/10:  28%|██▊       | 89/313 [00:01<00:05, 42.66it/s, loss=4.51]
Train Epoch 9/10:  28%|██▊       | 89/313 [00:01<00:05, 42.66it/s, loss=4.49]
Train Epoch 9/10:  28%|██▊       | 89/313 [00:02<00:05, 42.66it/s, loss=4.48]
Train Epoch 9/10:  28%|██▊       | 89/313 [00:02<00:05, 42.66it/s, loss=4.48]
Train Epoch 9/10:  28%|██▊       | 89/313 [00:02<00:05, 42.66it/s, loss=4.5]
Train Epoch 9/10:  28%|██▊       | 89/313 [00:02<00:05, 42.66it/s, loss=4.53]
Train Epoch 9/10:  30%|███       | 94/313 [00:02<00:05, 43.62it/s, loss=4.53]
Train Epoch 9/10:  30%|███       | 94/313 [00:02<00:05, 43.62it/s, loss=4.44]
Train Epoch 9/10:  30%|███       | 94/313 [00:02<00:05, 43.62it/s, loss=4.52]
Train Epoch 9/10:  30%|███       | 94/313 [00:02<00:05, 43.62it/s, loss=4.48]
Train Epoch 9/10:  30%|███       | 94/313 [00:02<00:05, 43.62it/s, loss=4.45]
Train Epoch 9/10:  30%|███       | 94/313 [00:02<00:05, 43.62it/s, loss=4.46]
Train Epoch 9/10:  32%|███▏      | 99/313 [00:02<00:04, 44.34it/s, loss=4.46]
Train Epoch 9/10:  32%|███▏      | 99/313 [00:02<00:04, 44.34it/s, loss=4.44]
Train Epoch 9/10:  32%|███▏      | 99/313 [00:02<00:04, 44.34it/s, loss=4.43]
Train Epoch 9/10:  32%|███▏      | 99/313 [00:02<00:04, 44.34it/s, loss=4.48]
Train Epoch 9/10:  32%|███▏      | 99/313 [00:02<00:04, 44.34it/s, loss=4.45]
Train Epoch 9/10:  32%|███▏      | 99/313 [00:02<00:04, 44.34it/s, loss=4.46]
Train Epoch 9/10:  33%|███▎      | 104/313 [00:02<00:04, 44.85it/s, loss=4.46]
Train Epoch 9/10:  33%|███▎      | 104/313 [00:02<00:04, 44.85it/s, loss=4.46]
Train Epoch 9/10:  33%|███▎      | 104/313 [00:02<00:04, 44.85it/s, loss=4.44]
Train Epoch 9/10:  33%|███▎      | 104/313 [00:02<00:04, 44.85it/s, loss=4.44]
Train Epoch 9/10:  33%|███▎      | 104/313 [00:02<00:04, 44.85it/s, loss=4.44]
Train Epoch 9/10:  33%|███▎      | 104/313 [00:02<00:04, 44.85it/s, loss=4.47]
Train Epoch 9/10:  35%|███▍      | 109/313 [00:02<00:05, 40.73it/s, loss=4.47]
Train Epoch 9/10:  35%|███▍      | 109/313 [00:02<00:05, 40.73it/s, loss=4.47]
Train Epoch 9/10:  35%|███▍      | 109/313 [00:02<00:05, 40.73it/s, loss=4.49]
Train Epoch 9/10:  35%|███▍      | 109/313 [00:02<00:05, 40.73it/s, loss=4.44]
Train Epoch 9/10:  35%|███▍      | 109/313 [00:02<00:05, 40.73it/s, loss=4.45]
Train Epoch 9/10:  35%|███▍      | 109/313 [00:02<00:05, 40.73it/s, loss=4.46]
Train Epoch 9/10:  36%|███▋      | 114/313 [00:02<00:05, 37.99it/s, loss=4.46]
Train Epoch 9/10:  36%|███▋      | 114/313 [00:02<00:05, 37.99it/s, loss=4.47]
Train Epoch 9/10:  36%|███▋      | 114/313 [00:02<00:05, 37.99it/s, loss=4.45]
Train Epoch 9/10:  36%|███▋      | 114/313 [00:02<00:05, 37.99it/s, loss=4.45]
Train Epoch 9/10:  36%|███▋      | 114/313 [00:02<00:05, 37.99it/s, loss=4.43]
Train Epoch 9/10:  38%|███▊      | 118/313 [00:02<00:05, 37.88it/s, loss=4.43]
Train Epoch 9/10:  38%|███▊      | 118/313 [00:02<00:05, 37.88it/s, loss=4.48]
Train Epoch 9/10:  38%|███▊      | 118/313 [00:02<00:05, 37.88it/s, loss=4.45]
Train Epoch 9/10:  38%|███▊      | 118/313 [00:02<00:05, 37.88it/s, loss=4.48]
Train Epoch 9/10:  38%|███▊      | 118/313 [00:02<00:05, 37.88it/s, loss=4.48]
Train Epoch 9/10:  38%|███▊      | 118/313 [00:02<00:05, 37.88it/s, loss=4.59]
Train Epoch 9/10:  39%|███▉      | 123/313 [00:02<00:04, 38.83it/s, loss=4.59]
Train Epoch 9/10:  39%|███▉      | 123/313 [00:02<00:04, 38.83it/s, loss=4.45]
Train Epoch 9/10:  39%|███▉      | 123/313 [00:02<00:04, 38.83it/s, loss=4.43]
Train Epoch 9/10:  39%|███▉      | 123/313 [00:02<00:04, 38.83it/s, loss=4.4]
Train Epoch 9/10:  39%|███▉      | 123/313 [00:02<00:04, 38.83it/s, loss=4.47]
Train Epoch 9/10:  39%|███▉      | 123/313 [00:02<00:04, 38.83it/s, loss=4.45]
Train Epoch 9/10:  41%|████      | 128/313 [00:02<00:04, 40.33it/s, loss=4.45]
Train Epoch 9/10:  41%|████      | 128/313 [00:02<00:04, 40.33it/s, loss=4.46]
Train Epoch 9/10:  41%|████      | 128/313 [00:02<00:04, 40.33it/s, loss=4.44]
Train Epoch 9/10:  41%|████      | 128/313 [00:03<00:04, 40.33it/s, loss=4.42]
Train Epoch 9/10:  41%|████      | 128/313 [00:03<00:04, 40.33it/s, loss=4.46]
Train Epoch 9/10:  41%|████      | 128/313 [00:03<00:04, 40.33it/s, loss=4.46]
Train Epoch 9/10:  42%|████▏     | 133/313 [00:03<00:04, 42.01it/s, loss=4.46]
Train Epoch 9/10:  42%|████▏     | 133/313 [00:03<00:04, 42.01it/s, loss=4.42]
Train Epoch 9/10:  42%|████▏     | 133/313 [00:03<00:04, 42.01it/s, loss=4.41]
Train Epoch 9/10:  42%|████▏     | 133/313 [00:03<00:04, 42.01it/s, loss=4.45]
Train Epoch 9/10:  42%|████▏     | 133/313 [00:03<00:04, 42.01it/s, loss=4.4]
Train Epoch 9/10:  42%|████▏     | 133/313 [00:03<00:04, 42.01it/s, loss=4.39]
Train Epoch 9/10:  44%|████▍     | 138/313 [00:03<00:04, 43.28it/s, loss=4.39]
Train Epoch 9/10:  44%|████▍     | 138/313 [00:03<00:04, 43.28it/s, loss=4.54]
Train Epoch 9/10:  44%|████▍     | 138/313 [00:03<00:04, 43.28it/s, loss=4.43]
Train Epoch 9/10:  44%|████▍     | 138/313 [00:03<00:04, 43.28it/s, loss=4.45]
Train Epoch 9/10:  44%|████▍     | 138/313 [00:03<00:04, 43.28it/s, loss=4.5]
Train Epoch 9/10:  44%|████▍     | 138/313 [00:03<00:04, 43.28it/s, loss=4.46]
Train Epoch 9/10:  46%|████▌     | 143/313 [00:03<00:03, 44.50it/s, loss=4.46]
Train Epoch 9/10:  46%|████▌     | 143/313 [00:03<00:03, 44.50it/s, loss=4.46]
Train Epoch 9/10:  46%|████▌     | 143/313 [00:03<00:03, 44.50it/s, loss=4.4]
Train Epoch 9/10:  46%|████▌     | 143/313 [00:03<00:03, 44.50it/s, loss=4.46]
Train Epoch 9/10:  46%|████▌     | 143/313 [00:03<00:03, 44.50it/s, loss=4.49]
Train Epoch 9/10:  46%|████▌     | 143/313 [00:03<00:03, 44.50it/s, loss=4.51]
Train Epoch 9/10:  47%|████▋     | 148/313 [00:03<00:04, 41.13it/s, loss=4.51]
Train Epoch 9/10:  47%|████▋     | 148/313 [00:03<00:04, 41.13it/s, loss=4.44]
Train Epoch 9/10:  47%|████▋     | 148/313 [00:03<00:04, 41.13it/s, loss=4.4]
Train Epoch 9/10:  47%|████▋     | 148/313 [00:03<00:04, 41.13it/s, loss=4.45]
Train Epoch 9/10:  47%|████▋     | 148/313 [00:03<00:04, 41.13it/s, loss=4.44]
Train Epoch 9/10:  47%|████▋     | 148/313 [00:03<00:04, 41.13it/s, loss=4.46]
Train Epoch 9/10:  49%|████▉     | 153/313 [00:03<00:03, 42.76it/s, loss=4.46]
Train Epoch 9/10:  49%|████▉     | 153/313 [00:03<00:03, 42.76it/s, loss=4.47]
Train Epoch 9/10:  49%|████▉     | 153/313 [00:03<00:03, 42.76it/s, loss=4.48]
Train Epoch 9/10:  49%|████▉     | 153/313 [00:03<00:03, 42.76it/s, loss=4.46]
Train Epoch 9/10:  49%|████▉     | 153/313 [00:03<00:03, 42.76it/s, loss=4.42]
Train Epoch 9/10:  49%|████▉     | 153/313 [00:03<00:03, 42.76it/s, loss=4.46]
Train Epoch 9/10:  50%|█████     | 158/313 [00:03<00:03, 44.50it/s, loss=4.46]
Train Epoch 9/10:  50%|█████     | 158/313 [00:03<00:03, 44.50it/s, loss=4.47]
Train Epoch 9/10:  50%|█████     | 158/313 [00:03<00:03, 44.50it/s, loss=4.45]
Train Epoch 9/10:  50%|█████     | 158/313 [00:03<00:03, 44.50it/s, loss=4.44]
Train Epoch 9/10:  50%|█████     | 158/313 [00:03<00:03, 44.50it/s, loss=4.42]
Train Epoch 9/10:  50%|█████     | 158/313 [00:03<00:03, 44.50it/s, loss=4.39]
Train Epoch 9/10:  52%|█████▏    | 163/313 [00:03<00:03, 45.84it/s, loss=4.39]
Train Epoch 9/10:  52%|█████▏    | 163/313 [00:03<00:03, 45.84it/s, loss=4.44]
Train Epoch 9/10:  52%|█████▏    | 163/313 [00:03<00:03, 45.84it/s, loss=4.44]
Train Epoch 9/10:  52%|█████▏    | 163/313 [00:03<00:03, 45.84it/s, loss=4.4]
Train Epoch 9/10:  52%|█████▏    | 163/313 [00:03<00:03, 45.84it/s, loss=4.43]
Train Epoch 9/10:  52%|█████▏    | 163/313 [00:03<00:03, 45.84it/s, loss=4.46]
Train Epoch 9/10:  54%|█████▎    | 168/313 [00:03<00:03, 46.80it/s, loss=4.46]
Train Epoch 9/10:  54%|█████▎    | 168/313 [00:03<00:03, 46.80it/s, loss=4.38]
Train Epoch 9/10:  54%|█████▎    | 168/313 [00:03<00:03, 46.80it/s, loss=4.5]
Train Epoch 9/10:  54%|█████▎    | 168/313 [00:03<00:03, 46.80it/s, loss=4.46]
Train Epoch 9/10:  54%|█████▎    | 168/313 [00:03<00:03, 46.80it/s, loss=4.4]
Train Epoch 9/10:  54%|█████▎    | 168/313 [00:03<00:03, 46.80it/s, loss=4.43]
Train Epoch 9/10:  55%|█████▌    | 173/313 [00:03<00:02, 47.52it/s, loss=4.43]
Train Epoch 9/10:  55%|█████▌    | 173/313 [00:03<00:02, 47.52it/s, loss=4.35]
Train Epoch 9/10:  55%|█████▌    | 173/313 [00:03<00:02, 47.52it/s, loss=4.42]
Train Epoch 9/10:  55%|█████▌    | 173/313 [00:03<00:02, 47.52it/s, loss=4.35]
Train Epoch 9/10:  55%|█████▌    | 173/313 [00:03<00:02, 47.52it/s, loss=4.52]
Train Epoch 9/10:  55%|█████▌    | 173/313 [00:04<00:02, 47.52it/s, loss=4.46]
Train Epoch 9/10:  57%|█████▋    | 178/313 [00:04<00:02, 48.00it/s, loss=4.46]
Train Epoch 9/10:  57%|█████▋    | 178/313 [00:04<00:02, 48.00it/s, loss=4.45]
Train Epoch 9/10:  57%|█████▋    | 178/313 [00:04<00:02, 48.00it/s, loss=4.4]
Train Epoch 9/10:  57%|█████▋    | 178/313 [00:04<00:02, 48.00it/s, loss=4.46]
Train Epoch 9/10:  57%|█████▋    | 178/313 [00:04<00:02, 48.00it/s, loss=4.43]
Train Epoch 9/10:  57%|█████▋    | 178/313 [00:04<00:02, 48.00it/s, loss=4.44]
Train Epoch 9/10:  58%|█████▊    | 183/313 [00:04<00:02, 48.37it/s, loss=4.44]
Train Epoch 9/10:  58%|█████▊    | 183/313 [00:04<00:02, 48.37it/s, loss=4.41]
Train Epoch 9/10:  58%|█████▊    | 183/313 [00:04<00:02, 48.37it/s, loss=4.46]
Train Epoch 9/10:  58%|█████▊    | 183/313 [00:04<00:02, 48.37it/s, loss=4.3]
Train Epoch 9/10:  58%|█████▊    | 183/313 [00:04<00:02, 48.37it/s, loss=4.37]
Train Epoch 9/10:  58%|█████▊    | 183/313 [00:04<00:02, 48.37it/s, loss=4.41]
Train Epoch 9/10:  60%|██████    | 188/313 [00:04<00:02, 48.64it/s, loss=4.41]
Train Epoch 9/10:  60%|██████    | 188/313 [00:04<00:02, 48.64it/s, loss=4.37]
Train Epoch 9/10:  60%|██████    | 188/313 [00:04<00:02, 48.64it/s, loss=4.33]
Train Epoch 9/10:  60%|██████    | 188/313 [00:04<00:02, 48.64it/s, loss=4.38]
Train Epoch 9/10:  60%|██████    | 188/313 [00:04<00:02, 48.64it/s, loss=4.42]
Train Epoch 9/10:  60%|██████    | 188/313 [00:04<00:02, 48.64it/s, loss=4.34]
Train Epoch 9/10:  62%|██████▏   | 193/313 [00:04<00:02, 48.85it/s, loss=4.34]
Train Epoch 9/10:  62%|██████▏   | 193/313 [00:04<00:02, 48.85it/s, loss=4.36]
Train Epoch 9/10:  62%|██████▏   | 193/313 [00:04<00:02, 48.85it/s, loss=4.3]
Train Epoch 9/10:  62%|██████▏   | 193/313 [00:04<00:02, 48.85it/s, loss=4.37]
Train Epoch 9/10:  62%|██████▏   | 193/313 [00:04<00:02, 48.85it/s, loss=4.38]
Train Epoch 9/10:  62%|██████▏   | 193/313 [00:04<00:02, 48.85it/s, loss=4.35]
Train Epoch 9/10:  63%|██████▎   | 198/313 [00:04<00:02, 47.61it/s, loss=4.35]
Train Epoch 9/10:  63%|██████▎   | 198/313 [00:04<00:02, 47.61it/s, loss=4.3]
Train Epoch 9/10:  63%|██████▎   | 198/313 [00:04<00:02, 47.61it/s, loss=4.4]
Train Epoch 9/10:  63%|██████▎   | 198/313 [00:04<00:02, 47.61it/s, loss=4.38]
Train Epoch 9/10:  63%|██████▎   | 198/313 [00:04<00:02, 47.61it/s, loss=4.39]
Train Epoch 9/10:  63%|██████▎   | 198/313 [00:04<00:02, 47.61it/s, loss=4.28]
Train Epoch 9/10:  65%|██████▍   | 203/313 [00:04<00:02, 44.59it/s, loss=4.28]
Train Epoch 9/10:  65%|██████▍   | 203/313 [00:04<00:02, 44.59it/s, loss=4.37]
Train Epoch 9/10:  65%|██████▍   | 203/313 [00:04<00:02, 44.59it/s, loss=4.35]
Train Epoch 9/10:  65%|██████▍   | 203/313 [00:04<00:02, 44.59it/s, loss=4.44]
Train Epoch 9/10:  65%|██████▍   | 203/313 [00:04<00:02, 44.59it/s, loss=4.34]
Train Epoch 9/10:  65%|██████▍   | 203/313 [00:04<00:02, 44.59it/s, loss=4.29]
Train Epoch 9/10:  66%|██████▋   | 208/313 [00:04<00:02, 38.20it/s, loss=4.29]
Train Epoch 9/10:  66%|██████▋   | 208/313 [00:04<00:02, 38.20it/s, loss=4.27]
Train Epoch 9/10:  66%|██████▋   | 208/313 [00:04<00:02, 38.20it/s, loss=4.31]
Train Epoch 9/10:  66%|██████▋   | 208/313 [00:04<00:02, 38.20it/s, loss=4.25]
Train Epoch 9/10:  66%|██████▋   | 208/313 [00:04<00:02, 38.20it/s, loss=4.29]
Train Epoch 9/10:  66%|██████▋   | 208/313 [00:04<00:02, 38.20it/s, loss=4.23]
Train Epoch 9/10:  68%|██████▊   | 213/313 [00:04<00:02, 35.47it/s, loss=4.23]
Train Epoch 9/10:  68%|██████▊   | 213/313 [00:04<00:02, 35.47it/s, loss=4.35]
Train Epoch 9/10:  68%|██████▊   | 213/313 [00:04<00:02, 35.47it/s, loss=4.3]
Train Epoch 9/10:  68%|██████▊   | 213/313 [00:04<00:02, 35.47it/s, loss=4.28]
Train Epoch 9/10:  68%|██████▊   | 213/313 [00:05<00:02, 35.47it/s, loss=4.29]
Train Epoch 9/10:  69%|██████▉   | 217/313 [00:05<00:02, 35.36it/s, loss=4.29]
Train Epoch 9/10:  69%|██████▉   | 217/313 [00:05<00:02, 35.36it/s, loss=4.31]
Train Epoch 9/10:  69%|██████▉   | 217/313 [00:05<00:02, 35.36it/s, loss=4.25]
Train Epoch 9/10:  69%|██████▉   | 217/313 [00:05<00:02, 35.36it/s, loss=4.25]
Train Epoch 9/10:  69%|██████▉   | 217/313 [00:05<00:02, 35.36it/s, loss=4.28]
Train Epoch 9/10:  71%|███████   | 221/313 [00:05<00:02, 36.20it/s, loss=4.28]
Train Epoch 9/10:  71%|███████   | 221/313 [00:05<00:02, 36.20it/s, loss=4.34]
Train Epoch 9/10:  71%|███████   | 221/313 [00:05<00:02, 36.20it/s, loss=4.32]
Train Epoch 9/10:  71%|███████   | 221/313 [00:05<00:02, 36.20it/s, loss=4.25]
Train Epoch 9/10:  71%|███████   | 221/313 [00:05<00:02, 36.20it/s, loss=4.29]
Train Epoch 9/10:  72%|███████▏  | 225/313 [00:05<00:02, 37.16it/s, loss=4.29]
Train Epoch 9/10:  72%|███████▏  | 225/313 [00:05<00:02, 37.16it/s, loss=4.25]
Train Epoch 9/10:  72%|███████▏  | 225/313 [00:05<00:02, 37.16it/s, loss=4.22]
Train Epoch 9/10:  72%|███████▏  | 225/313 [00:05<00:02, 37.16it/s, loss=4.2]
Train Epoch 9/10:  72%|███████▏  | 225/313 [00:05<00:02, 37.16it/s, loss=4.32]
Train Epoch 9/10:  72%|███████▏  | 225/313 [00:05<00:02, 37.16it/s, loss=4.26]
Train Epoch 9/10:  73%|███████▎  | 230/313 [00:05<00:02, 38.64it/s, loss=4.26]
Train Epoch 9/10:  73%|███████▎  | 230/313 [00:05<00:02, 38.64it/s, loss=4.23]
Train Epoch 9/10:  73%|███████▎  | 230/313 [00:05<00:02, 38.64it/s, loss=4.29]
Train Epoch 9/10:  73%|███████▎  | 230/313 [00:05<00:02, 38.64it/s, loss=4.17]
Train Epoch 9/10:  73%|███████▎  | 230/313 [00:05<00:02, 38.64it/s, loss=4.27]
Train Epoch 9/10:  73%|███████▎  | 230/313 [00:05<00:02, 38.64it/s, loss=4.28]
Train Epoch 9/10:  75%|███████▌  | 235/313 [00:05<00:01, 40.19it/s, loss=4.28]
Train Epoch 9/10:  75%|███████▌  | 235/313 [00:05<00:01, 40.19it/s, loss=4.19]
Train Epoch 9/10:  75%|███████▌  | 235/313 [00:05<00:01, 40.19it/s, loss=4.22]
Train Epoch 9/10:  75%|███████▌  | 235/313 [00:05<00:01, 40.19it/s, loss=4.2]
Train Epoch 9/10:  75%|███████▌  | 235/313 [00:05<00:01, 40.19it/s, loss=4.19]
Train Epoch 9/10:  75%|███████▌  | 235/313 [00:05<00:01, 40.19it/s, loss=4.25]
Train Epoch 9/10:  77%|███████▋  | 240/313 [00:05<00:01, 41.67it/s, loss=4.25]
Train Epoch 9/10:  77%|███████▋  | 240/313 [00:05<00:01, 41.67it/s, loss=4.29]
Train Epoch 9/10:  77%|███████▋  | 240/313 [00:05<00:01, 41.67it/s, loss=4.23]
Train Epoch 9/10:  77%|███████▋  | 240/313 [00:05<00:01, 41.67it/s, loss=4.15]
Train Epoch 9/10:  77%|███████▋  | 240/313 [00:05<00:01, 41.67it/s, loss=4.12]
Train Epoch 9/10:  77%|███████▋  | 240/313 [00:05<00:01, 41.67it/s, loss=4.21]
Train Epoch 9/10:  78%|███████▊  | 245/313 [00:05<00:01, 38.90it/s, loss=4.21]
Train Epoch 9/10:  78%|███████▊  | 245/313 [00:05<00:01, 38.90it/s, loss=4.23]
Train Epoch 9/10:  78%|███████▊  | 245/313 [00:05<00:01, 38.90it/s, loss=4.13]
Train Epoch 9/10:  78%|███████▊  | 245/313 [00:05<00:01, 38.90it/s, loss=4.21]
Train Epoch 9/10:  78%|███████▊  | 245/313 [00:05<00:01, 38.90it/s, loss=4.13]
Train Epoch 9/10:  80%|███████▉  | 249/313 [00:05<00:01, 34.41it/s, loss=4.13]
Train Epoch 9/10:  80%|███████▉  | 249/313 [00:05<00:01, 34.41it/s, loss=4.08]
Train Epoch 9/10:  80%|███████▉  | 249/313 [00:05<00:01, 34.41it/s, loss=4.18]
Train Epoch 9/10:  80%|███████▉  | 249/313 [00:05<00:01, 34.41it/s, loss=4.22]
Train Epoch 9/10:  80%|███████▉  | 249/313 [00:06<00:01, 34.41it/s, loss=4.17]
Train Epoch 9/10:  81%|████████  | 253/313 [00:06<00:01, 31.31it/s, loss=4.17]
Train Epoch 9/10:  81%|████████  | 253/313 [00:06<00:01, 31.31it/s, loss=4.23]
Train Epoch 9/10:  81%|████████  | 253/313 [00:06<00:01, 31.31it/s, loss=4.19]
Train Epoch 9/10:  81%|████████  | 253/313 [00:06<00:01, 31.31it/s, loss=4.18]
Train Epoch 9/10:  81%|████████  | 253/313 [00:06<00:01, 31.31it/s, loss=4.13]
Train Epoch 9/10:  82%|████████▏ | 257/313 [00:06<00:01, 30.06it/s, loss=4.13]
Train Epoch 9/10:  82%|████████▏ | 257/313 [00:06<00:01, 30.06it/s, loss=4.24]
Train Epoch 9/10:  82%|████████▏ | 257/313 [00:06<00:01, 30.06it/s, loss=4.2]
Train Epoch 9/10:  82%|████████▏ | 257/313 [00:06<00:01, 30.06it/s, loss=4.17]
Train Epoch 9/10:  82%|████████▏ | 257/313 [00:06<00:01, 30.06it/s, loss=4.18]
Train Epoch 9/10:  83%|████████▎ | 261/313 [00:06<00:01, 29.91it/s, loss=4.18]
Train Epoch 9/10:  83%|████████▎ | 261/313 [00:06<00:01, 29.91it/s, loss=4.26]
Train Epoch 9/10:  83%|████████▎ | 261/313 [00:06<00:01, 29.91it/s, loss=4.24]
Train Epoch 9/10:  83%|████████▎ | 261/313 [00:06<00:01, 29.91it/s, loss=4.23]
Train Epoch 9/10:  83%|████████▎ | 261/313 [00:06<00:01, 29.91it/s, loss=4.18]
Train Epoch 9/10:  85%|████████▍ | 265/313 [00:06<00:01, 29.18it/s, loss=4.18]
Train Epoch 9/10:  85%|████████▍ | 265/313 [00:06<00:01, 29.18it/s, loss=4.12]
Train Epoch 9/10:  85%|████████▍ | 265/313 [00:06<00:01, 29.18it/s, loss=4.15]
Train Epoch 9/10:  85%|████████▍ | 265/313 [00:06<00:01, 29.18it/s, loss=4.18]
Train Epoch 9/10:  86%|████████▌ | 268/313 [00:06<00:01, 28.49it/s, loss=4.18]
Train Epoch 9/10:  86%|████████▌ | 268/313 [00:06<00:01, 28.49it/s, loss=4.19]
Train Epoch 9/10:  86%|████████▌ | 268/313 [00:06<00:01, 28.49it/s, loss=4.22]
Train Epoch 9/10:  86%|████████▌ | 268/313 [00:06<00:01, 28.49it/s, loss=4.21]
Train Epoch 9/10:  87%|████████▋ | 271/313 [00:06<00:01, 27.54it/s, loss=4.21]
Train Epoch 9/10:  87%|████████▋ | 271/313 [00:06<00:01, 27.54it/s, loss=4.18]
Train Epoch 9/10:  87%|████████▋ | 271/313 [00:06<00:01, 27.54it/s, loss=4.21]
Train Epoch 9/10:  87%|████████▋ | 271/313 [00:06<00:01, 27.54it/s, loss=4.2]
Train Epoch 9/10:  87%|████████▋ | 271/313 [00:06<00:01, 27.54it/s, loss=4.25]
Train Epoch 9/10:  88%|████████▊ | 275/313 [00:06<00:01, 29.15it/s, loss=4.25]
Train Epoch 9/10:  88%|████████▊ | 275/313 [00:06<00:01, 29.15it/s, loss=4.21]
Train Epoch 9/10:  88%|████████▊ | 275/313 [00:06<00:01, 29.15it/s, loss=4.21]
Train Epoch 9/10:  88%|████████▊ | 275/313 [00:06<00:01, 29.15it/s, loss=4.14]
Train Epoch 9/10:  88%|████████▊ | 275/313 [00:06<00:01, 29.15it/s, loss=4.21]
Train Epoch 9/10:  89%|████████▉ | 279/313 [00:06<00:01, 31.39it/s, loss=4.21]
Train Epoch 9/10:  89%|████████▉ | 279/313 [00:06<00:01, 31.39it/s, loss=4.17]
Train Epoch 9/10:  89%|████████▉ | 279/313 [00:06<00:01, 31.39it/s, loss=4.18]
Train Epoch 9/10:  89%|████████▉ | 279/313 [00:06<00:01, 31.39it/s, loss=4.32]
Train Epoch 9/10:  89%|████████▉ | 279/313 [00:07<00:01, 31.39it/s, loss=4.21]
Train Epoch 9/10:  89%|████████▉ | 279/313 [00:07<00:01, 31.39it/s, loss=4.3]
Train Epoch 9/10:  91%|█████████ | 284/313 [00:07<00:00, 34.49it/s, loss=4.3]
Train Epoch 9/10:  91%|█████████ | 284/313 [00:07<00:00, 34.49it/s, loss=4.24]
Train Epoch 9/10:  91%|█████████ | 284/313 [00:07<00:00, 34.49it/s, loss=4.28]
Train Epoch 9/10:  91%|█████████ | 284/313 [00:07<00:00, 34.49it/s, loss=4.18]
Train Epoch 9/10:  91%|█████████ | 284/313 [00:07<00:00, 34.49it/s, loss=4.31]
Train Epoch 9/10:  91%|█████████ | 284/313 [00:07<00:00, 34.49it/s, loss=4.25]
Train Epoch 9/10:  92%|█████████▏| 289/313 [00:07<00:00, 36.85it/s, loss=4.25]
Train Epoch 9/10:  92%|█████████▏| 289/313 [00:07<00:00, 36.85it/s, loss=4.26]
Train Epoch 9/10:  92%|█████████▏| 289/313 [00:07<00:00, 36.85it/s, loss=4.22]
Train Epoch 9/10:  92%|█████████▏| 289/313 [00:07<00:00, 36.85it/s, loss=4.36]
Train Epoch 9/10:  92%|█████████▏| 289/313 [00:07<00:00, 36.85it/s, loss=4.32]
Train Epoch 9/10:  92%|█████████▏| 289/313 [00:07<00:00, 36.85it/s, loss=4.26]
Train Epoch 9/10:  94%|█████████▍| 294/313 [00:07<00:00, 38.51it/s, loss=4.26]
Train Epoch 9/10:  94%|█████████▍| 294/313 [00:07<00:00, 38.51it/s, loss=4.33]
Train Epoch 9/10:  94%|█████████▍| 294/313 [00:07<00:00, 38.51it/s, loss=4.23]
Train Epoch 9/10:  94%|█████████▍| 294/313 [00:07<00:00, 38.51it/s, loss=4.35]
Train Epoch 9/10:  94%|█████████▍| 294/313 [00:07<00:00, 38.51it/s, loss=4.31]
Train Epoch 9/10:  94%|█████████▍| 294/313 [00:07<00:00, 38.51it/s, loss=4.29]
Train Epoch 9/10:  96%|█████████▌| 299/313 [00:07<00:00, 40.50it/s, loss=4.29]
Train Epoch 9/10:  96%|█████████▌| 299/313 [00:07<00:00, 40.50it/s, loss=4.44]
Train Epoch 9/10:  96%|█████████▌| 299/313 [00:07<00:00, 40.50it/s, loss=4.38]
Train Epoch 9/10:  96%|█████████▌| 299/313 [00:07<00:00, 40.50it/s, loss=4.3]
Train Epoch 9/10:  96%|█████████▌| 299/313 [00:07<00:00, 40.50it/s, loss=4.35]
Train Epoch 9/10:  96%|█████████▌| 299/313 [00:07<00:00, 40.50it/s, loss=4.36]
Train Epoch 9/10:  97%|█████████▋| 304/313 [00:07<00:00, 42.60it/s, loss=4.36]
Train Epoch 9/10:  97%|█████████▋| 304/313 [00:07<00:00, 42.60it/s, loss=4.41]
Train Epoch 9/10:  97%|█████████▋| 304/313 [00:07<00:00, 42.60it/s, loss=4.39]
Train Epoch 9/10:  97%|█████████▋| 304/313 [00:07<00:00, 42.60it/s, loss=4.38]
Train Epoch 9/10:  97%|█████████▋| 304/313 [00:07<00:00, 42.60it/s, loss=4.41]
Train Epoch 9/10:  97%|█████████▋| 304/313 [00:07<00:00, 42.60it/s, loss=4.53]
Train Epoch 9/10:  97%|█████████▋| 304/313 [00:07<00:00, 42.60it/s, loss=4.44]
Train Epoch 9/10:  99%|█████████▉| 310/313 [00:07<00:00, 45.04it/s, loss=4.44]
Train Epoch 9/10:  99%|█████████▉| 310/313 [00:07<00:00, 45.04it/s, loss=4.45]
Train Epoch 9/10:  99%|█████████▉| 310/313 [00:07<00:00, 45.04it/s, loss=4.58]
Train Epoch 9/10:  99%|█████████▉| 310/313 [00:07<00:00, 45.04it/s, loss=4.33]
Train Epoch 9/10: 100%|██████████| 313/313 [00:07<00:00, 40.73it/s, loss=4.33]

Valid Epoch 9/10:   0%|          | 0/32 [00:00<?, ?it/s, acc=-, loss=-]
Valid Epoch 9/10:  38%|███▊      | 12/32 [00:00<00:00, 110.77it/s, acc=-, loss=-]
Valid Epoch 9/10:  75%|███████▌  | 24/32 [00:00<00:00, 113.72it/s, acc=-, loss=-]
Valid Epoch 9/10: 100%|██████████| 32/32 [00:00<00:00, 113.72it/s, valid/loss=4.81, valid/accuracy=0.00975]
Valid Epoch 9/10: 100%|██████████| 32/32 [00:00<00:00, 114.10it/s, valid/loss=4.81, valid/accuracy=0.00975]
Loading data from on-disk cache at /huyang2/double-loop/.cache/zoology-directional-scaling-l1024-k4/data_551c1fa2c9c3b93779d648620a98c72a.pt...
Loading data from on-disk cache at /huyang2/double-loop/.cache/zoology-directional-scaling-l1024-k4/data_305336ef62459626e2de50780d73722e.pt...

Train Epoch 0/10:   0%|          | 0/313 [00:00<?, ?it/s]
Train Epoch 0/10:   0%|          | 0/313 [00:00<?, ?it/s, loss=5.53]
Train Epoch 0/10:   0%|          | 0/313 [00:00<?, ?it/s, loss=5.53]
Train Epoch 0/10:   0%|          | 0/313 [00:00<?, ?it/s, loss=5.54]
Train Epoch 0/10:   0%|          | 0/313 [00:00<?, ?it/s, loss=5.57]
Train Epoch 0/10:   0%|          | 0/313 [00:00<?, ?it/s, loss=5.55]
Train Epoch 0/10:   0%|          | 0/313 [00:00<?, ?it/s, loss=5.54]
Train Epoch 0/10:   2%|▏         | 6/313 [00:00<00:06, 50.53it/s, loss=5.54]
Train Epoch 0/10:   2%|▏         | 6/313 [00:00<00:06, 50.53it/s, loss=5.52]
Train Epoch 0/10:   2%|▏         | 6/313 [00:00<00:06, 50.53it/s, loss=5.48]
Train Epoch 0/10:   2%|▏         | 6/313 [00:00<00:06, 50.53it/s, loss=5.46]
Train Epoch 0/10:   2%|▏         | 6/313 [00:00<00:06, 50.53it/s, loss=5.43]
Train Epoch 0/10:   2%|▏         | 6/313 [00:00<00:06, 50.53it/s, loss=5.47]
Train Epoch 0/10:   2%|▏         | 6/313 [00:00<00:06, 50.53it/s, loss=5.38]
Train Epoch 0/10:   4%|▍         | 12/313 [00:00<00:07, 38.90it/s, loss=5.38]
Train Epoch 0/10:   4%|▍         | 12/313 [00:00<00:07, 38.90it/s, loss=5.32]
Train Epoch 0/10:   4%|▍         | 12/313 [00:00<00:07, 38.90it/s, loss=5.26]
Train Epoch 0/10:   4%|▍         | 12/313 [00:00<00:07, 38.90it/s, loss=5.27]
Train Epoch 0/10:   4%|▍         | 12/313 [00:00<00:07, 38.90it/s, loss=5.19]
Train Epoch 0/10:   4%|▍         | 12/313 [00:00<00:07, 38.90it/s, loss=5.15]
Train Epoch 0/10:   5%|▌         | 17/313 [00:00<00:09, 30.01it/s, loss=5.15]
Train Epoch 0/10:   5%|▌         | 17/313 [00:00<00:09, 30.01it/s, loss=5.07]
Train Epoch 0/10:   5%|▌         | 17/313 [00:00<00:09, 30.01it/s, loss=5.11]
Train Epoch 0/10:   5%|▌         | 17/313 [00:00<00:09, 30.01it/s, loss=5.04]
Train Epoch 0/10:   5%|▌         | 17/313 [00:00<00:09, 30.01it/s, loss=5.04]
Train Epoch 0/10:   7%|▋         | 21/313 [00:00<00:10, 27.59it/s, loss=5.04]
Train Epoch 0/10:   7%|▋         | 21/313 [00:00<00:10, 27.59it/s, loss=5.01]
Train Epoch 0/10:   7%|▋         | 21/313 [00:00<00:10, 27.59it/s, loss=4.97]
Train Epoch 0/10:   7%|▋         | 21/313 [00:00<00:10, 27.59it/s, loss=4.95]
Train Epoch 0/10:   7%|▋         | 21/313 [00:00<00:10, 27.59it/s, loss=4.93]
Train Epoch 0/10:   8%|▊         | 25/313 [00:00<00:09, 30.30it/s, loss=4.93]
Train Epoch 0/10:   8%|▊         | 25/313 [00:00<00:09, 30.30it/s, loss=4.9]
Train Epoch 0/10:   8%|▊         | 25/313 [00:00<00:09, 30.30it/s, loss=4.86]
Train Epoch 0/10:   8%|▊         | 25/313 [00:00<00:09, 30.30it/s, loss=4.83]
Train Epoch 0/10:   8%|▊         | 25/313 [00:00<00:09, 30.30it/s, loss=4.8]
Train Epoch 0/10:   9%|▉         | 29/313 [00:00<00:08, 32.07it/s, loss=4.8]
Train Epoch 0/10:   9%|▉         | 29/313 [00:00<00:08, 32.07it/s, loss=4.82]
Train Epoch 0/10:   9%|▉         | 29/313 [00:00<00:08, 32.07it/s, loss=4.81]
Train Epoch 0/10:   9%|▉         | 29/313 [00:00<00:08, 32.07it/s, loss=4.8]
Train Epoch 0/10:   9%|▉         | 29/313 [00:00<00:08, 32.07it/s, loss=4.79]
Train Epoch 0/10:   9%|▉         | 29/313 [00:01<00:08, 32.07it/s, loss=4.77]
Train Epoch 0/10:  11%|█         | 34/313 [00:01<00:08, 34.72it/s, loss=4.77]
Train Epoch 0/10:  11%|█         | 34/313 [00:01<00:08, 34.72it/s, loss=4.76]
Train Epoch 0/10:  11%|█         | 34/313 [00:01<00:08, 34.72it/s, loss=4.76]
Train Epoch 0/10:  11%|█         | 34/313 [00:01<00:08, 34.72it/s, loss=4.73]
Train Epoch 0/10:  11%|█         | 34/313 [00:01<00:08, 34.72it/s, loss=4.74]
Train Epoch 0/10:  11%|█         | 34/313 [00:01<00:08, 34.72it/s, loss=4.73]
Train Epoch 0/10:  12%|█▏        | 39/313 [00:01<00:07, 37.20it/s, loss=4.73]
Train Epoch 0/10:  12%|█▏        | 39/313 [00:01<00:07, 37.20it/s, loss=4.74]
Train Epoch 0/10:  12%|█▏        | 39/313 [00:01<00:07, 37.20it/s, loss=4.71]
Train Epoch 0/10:  12%|█▏        | 39/313 [00:01<00:07, 37.20it/s, loss=4.7]
Train Epoch 0/10:  12%|█▏        | 39/313 [00:01<00:07, 37.20it/s, loss=4.69]
Train Epoch 0/10:  12%|█▏        | 39/313 [00:01<00:07, 37.20it/s, loss=4.67]
Train Epoch 0/10:  14%|█▍        | 44/313 [00:01<00:06, 39.55it/s, loss=4.67]
Train Epoch 0/10:  14%|█▍        | 44/313 [00:01<00:06, 39.55it/s, loss=4.68]
Train Epoch 0/10:  14%|█▍        | 44/313 [00:01<00:06, 39.55it/s, loss=4.68]
Train Epoch 0/10:  14%|█▍        | 44/313 [00:01<00:06, 39.55it/s, loss=4.63]
Train Epoch 0/10:  14%|█▍        | 44/313 [00:01<00:06, 39.55it/s, loss=4.7]
Train Epoch 0/10:  14%|█▍        | 44/313 [00:01<00:06, 39.55it/s, loss=4.69]
Train Epoch 0/10:  16%|█▌        | 49/313 [00:01<00:06, 41.50it/s, loss=4.69]
Train Epoch 0/10:  16%|█▌        | 49/313 [00:01<00:06, 41.50it/s, loss=4.65]
Train Epoch 0/10:  16%|█▌        | 49/313 [00:01<00:06, 41.50it/s, loss=4.66]
Train Epoch 0/10:  16%|█▌        | 49/313 [00:01<00:06, 41.50it/s, loss=4.65]
Train Epoch 0/10:  16%|█▌        | 49/313 [00:01<00:06, 41.50it/s, loss=4.67]
Train Epoch 0/10:  16%|█▌        | 49/313 [00:01<00:06, 41.50it/s, loss=4.64]
Train Epoch 0/10:  17%|█▋        | 54/313 [00:01<00:06, 42.80it/s, loss=4.64]
Train Epoch 0/10:  17%|█▋        | 54/313 [00:01<00:06, 42.80it/s, loss=4.65]
Train Epoch 0/10:  17%|█▋        | 54/313 [00:01<00:06, 42.80it/s, loss=4.65]
Train Epoch 0/10:  17%|█▋        | 54/313 [00:01<00:06, 42.80it/s, loss=4.64]
Train Epoch 0/10:  17%|█▋        | 54/313 [00:01<00:06, 42.80it/s, loss=4.66]
Train Epoch 0/10:  17%|█▋        | 54/313 [00:01<00:06, 42.80it/s, loss=4.62]
Train Epoch 0/10:  19%|█▉        | 59/313 [00:01<00:05, 44.05it/s, loss=4.62]
Train Epoch 0/10:  19%|█▉        | 59/313 [00:01<00:05, 44.05it/s, loss=4.64]
Train Epoch 0/10:  19%|█▉        | 59/313 [00:01<00:05, 44.05it/s, loss=4.65]
Train Epoch 0/10:  19%|█▉        | 59/313 [00:01<00:05, 44.05it/s, loss=4.65]
Train Epoch 0/10:  19%|█▉        | 59/313 [00:01<00:05, 44.05it/s, loss=4.65]
Train Epoch 0/10:  19%|█▉        | 59/313 [00:01<00:05, 44.05it/s, loss=4.63]
Train Epoch 0/10:  20%|██        | 64/313 [00:01<00:05, 45.04it/s, loss=4.63]
Train Epoch 0/10:  20%|██        | 64/313 [00:01<00:05, 45.04it/s, loss=4.64]
Train Epoch 0/10:  20%|██        | 64/313 [00:01<00:05, 45.04it/s, loss=4.63]
Train Epoch 0/10:  20%|██        | 64/313 [00:01<00:05, 45.04it/s, loss=4.64]
Train Epoch 0/10:  20%|██        | 64/313 [00:01<00:05, 45.04it/s, loss=4.63]
Train Epoch 0/10:  20%|██        | 64/313 [00:01<00:05, 45.04it/s, loss=4.63]
Train Epoch 0/10:  22%|██▏       | 69/313 [00:01<00:05, 45.58it/s, loss=4.63]
Train Epoch 0/10:  22%|██▏       | 69/313 [00:01<00:05, 45.58it/s, loss=4.64]
Train Epoch 0/10:  22%|██▏       | 69/313 [00:01<00:05, 45.58it/s, loss=4.63]
Train Epoch 0/10:  22%|██▏       | 69/313 [00:01<00:05, 45.58it/s, loss=4.6]
Train Epoch 0/10:  22%|██▏       | 69/313 [00:01<00:05, 45.58it/s, loss=4.65]
Train Epoch 0/10:  22%|██▏       | 69/313 [00:01<00:05, 45.58it/s, loss=4.64]
Train Epoch 0/10:  24%|██▎       | 74/313 [00:01<00:05, 46.25it/s, loss=4.64]
Train Epoch 0/10:  24%|██▎       | 74/313 [00:01<00:05, 46.25it/s, loss=4.63]
Train Epoch 0/10:  24%|██▎       | 74/313 [00:01<00:05, 46.25it/s, loss=4.65]
Train Epoch 0/10:  24%|██▎       | 74/313 [00:01<00:05, 46.25it/s, loss=4.61]
Train Epoch 0/10:  24%|██▎       | 74/313 [00:01<00:05, 46.25it/s, loss=4.61]
Train Epoch 0/10:  24%|██▎       | 74/313 [00:01<00:05, 46.25it/s, loss=4.63]
Train Epoch 0/10:  25%|██▌       | 79/313 [00:01<00:05, 46.70it/s, loss=4.63]
Train Epoch 0/10:  25%|██▌       | 79/313 [00:02<00:05, 46.70it/s, loss=4.61]
Train Epoch 0/10:  25%|██▌       | 79/313 [00:02<00:05, 46.70it/s, loss=4.65]
Train Epoch 0/10:  25%|██▌       | 79/313 [00:02<00:05, 46.70it/s, loss=4.64]
Train Epoch 0/10:  25%|██▌       | 79/313 [00:02<00:05, 46.70it/s, loss=4.67]
Train Epoch 0/10:  25%|██▌       | 79/313 [00:02<00:05, 46.70it/s, loss=4.63]
Train Epoch 0/10:  27%|██▋       | 84/313 [00:02<00:04, 47.04it/s, loss=4.63]
Train Epoch 0/10:  27%|██▋       | 84/313 [00:02<00:04, 47.04it/s, loss=4.59]
Train Epoch 0/10:  27%|██▋       | 84/313 [00:02<00:04, 47.04it/s, loss=4.64]
Train Epoch 0/10:  27%|██▋       | 84/313 [00:02<00:04, 47.04it/s, loss=4.6]
Train Epoch 0/10:  27%|██▋       | 84/313 [00:02<00:04, 47.04it/s, loss=4.64]
Train Epoch 0/10:  27%|██▋       | 84/313 [00:02<00:04, 47.04it/s, loss=4.64]
Train Epoch 0/10:  28%|██▊       | 89/313 [00:02<00:04, 47.11it/s, loss=4.64]
Train Epoch 0/10:  28%|██▊       | 89/313 [00:02<00:04, 47.11it/s, loss=4.63]
Train Epoch 0/10:  28%|██▊       | 89/313 [00:02<00:04, 47.11it/s, loss=4.61]
Train Epoch 0/10:  28%|██▊       | 89/313 [00:02<00:04, 47.11it/s, loss=4.65]
Train Epoch 0/10:  28%|██▊       | 89/313 [00:02<00:04, 47.11it/s, loss=4.64]
Train Epoch 0/10:  28%|██▊       | 89/313 [00:02<00:04, 47.11it/s, loss=4.64]
Train Epoch 0/10:  30%|███       | 94/313 [00:02<00:04, 47.34it/s, loss=4.64]
Train Epoch 0/10:  30%|███       | 94/313 [00:02<00:04, 47.34it/s, loss=4.62]
Train Epoch 0/10:  30%|███       | 94/313 [00:02<00:04, 47.34it/s, loss=4.63]
Train Epoch 0/10:  30%|███       | 94/313 [00:02<00:04, 47.34it/s, loss=4.6]
Train Epoch 0/10:  30%|███       | 94/313 [00:02<00:04, 47.34it/s, loss=4.62]
Train Epoch 0/10:  30%|███       | 94/313 [00:02<00:04, 47.34it/s, loss=4.6]
Train Epoch 0/10:  32%|███▏      | 99/313 [00:02<00:04, 47.44it/s, loss=4.6]
Train Epoch 0/10:  32%|███▏      | 99/313 [00:02<00:04, 47.44it/s, loss=4.62]
Train Epoch 0/10:  32%|███▏      | 99/313 [00:02<00:04, 47.44it/s, loss=4.6]
Train Epoch 0/10:  32%|███▏      | 99/313 [00:02<00:04, 47.44it/s, loss=4.61]
Train Epoch 0/10:  32%|███▏      | 99/313 [00:02<00:04, 47.44it/s, loss=4.63]
Train Epoch 0/10:  32%|███▏      | 99/313 [00:02<00:04, 47.44it/s, loss=4.6]
Train Epoch 0/10:  33%|███▎      | 104/313 [00:02<00:04, 47.35it/s, loss=4.6]
Train Epoch 0/10:  33%|███▎      | 104/313 [00:02<00:04, 47.35it/s, loss=4.59]
Train Epoch 0/10:  33%|███▎      | 104/313 [00:02<00:04, 47.35it/s, loss=4.62]
Train Epoch 0/10:  33%|███▎      | 104/313 [00:02<00:04, 47.35it/s, loss=4.6]
Train Epoch 0/10:  33%|███▎      | 104/313 [00:02<00:04, 47.35it/s, loss=4.65]
Train Epoch 0/10:  33%|███▎      | 104/313 [00:02<00:04, 47.35it/s, loss=4.63]
Train Epoch 0/10:  35%|███▍      | 109/313 [00:02<00:04, 47.47it/s, loss=4.63]
Train Epoch 0/10:  35%|███▍      | 109/313 [00:02<00:04, 47.47it/s, loss=4.61]
Train Epoch 0/10:  35%|███▍      | 109/313 [00:02<00:04, 47.47it/s, loss=4.59]
Train Epoch 0/10:  35%|███▍      | 109/313 [00:02<00:04, 47.47it/s, loss=4.61]
Train Epoch 0/10:  35%|███▍      | 109/313 [00:02<00:04, 47.47it/s, loss=4.65]
Train Epoch 0/10:  35%|███▍      | 109/313 [00:02<00:04, 47.47it/s, loss=4.59]
Train Epoch 0/10:  36%|███▋      | 114/313 [00:02<00:04, 47.59it/s, loss=4.59]
Train Epoch 0/10:  36%|███▋      | 114/313 [00:02<00:04, 47.59it/s, loss=4.62]
Train Epoch 0/10:  36%|███▋      | 114/313 [00:02<00:04, 47.59it/s, loss=4.64]
Train Epoch 0/10:  36%|███▋      | 114/313 [00:02<00:04, 47.59it/s, loss=4.62]
Train Epoch 0/10:  36%|███▋      | 114/313 [00:02<00:04, 47.59it/s, loss=4.6]
Train Epoch 0/10:  36%|███▋      | 114/313 [00:02<00:04, 47.59it/s, loss=4.61]
Train Epoch 0/10:  38%|███▊      | 119/313 [00:02<00:04, 47.62it/s, loss=4.61]
Train Epoch 0/10:  38%|███▊      | 119/313 [00:02<00:04, 47.62it/s, loss=4.59]
Train Epoch 0/10:  38%|███▊      | 119/313 [00:02<00:04, 47.62it/s, loss=4.59]
Train Epoch 0/10:  38%|███▊      | 119/313 [00:02<00:04, 47.62it/s, loss=4.66]
Train Epoch 0/10:  38%|███▊      | 119/313 [00:02<00:04, 47.62it/s, loss=4.64]
Train Epoch 0/10:  38%|███▊      | 119/313 [00:02<00:04, 47.62it/s, loss=4.6]
Train Epoch 0/10:  40%|███▉      | 124/313 [00:02<00:03, 47.42it/s, loss=4.6]
Train Epoch 0/10:  40%|███▉      | 124/313 [00:02<00:03, 47.42it/s, loss=4.61]
Train Epoch 0/10:  40%|███▉      | 124/313 [00:02<00:03, 47.42it/s, loss=4.59]
Train Epoch 0/10:  40%|███▉      | 124/313 [00:03<00:03, 47.42it/s, loss=4.64]
Train Epoch 0/10:  40%|███▉      | 124/313 [00:03<00:03, 47.42it/s, loss=4.59]
Train Epoch 0/10:  40%|███▉      | 124/313 [00:03<00:03, 47.42it/s, loss=4.62]
Train Epoch 0/10:  41%|████      | 129/313 [00:03<00:03, 47.53it/s, loss=4.62]
Train Epoch 0/10:  41%|████      | 129/313 [00:03<00:03, 47.53it/s, loss=4.61]
Train Epoch 0/10:  41%|████      | 129/313 [00:03<00:03, 47.53it/s, loss=4.66]
Train Epoch 0/10:  41%|████      | 129/313 [00:03<00:03, 47.53it/s, loss=4.61]
Train Epoch 0/10:  41%|████      | 129/313 [00:03<00:03, 47.53it/s, loss=4.65]
Train Epoch 0/10:  41%|████      | 129/313 [00:03<00:03, 47.53it/s, loss=4.61]
Train Epoch 0/10:  41%|████      | 129/313 [00:03<00:03, 47.53it/s, loss=4.62]
Train Epoch 0/10:  43%|████▎     | 135/313 [00:03<00:03, 48.49it/s, loss=4.62]
Train Epoch 0/10:  43%|████▎     | 135/313 [00:03<00:03, 48.49it/s, loss=4.6]
Train Epoch 0/10:  43%|████▎     | 135/313 [00:03<00:03, 48.49it/s, loss=4.6]
Train Epoch 0/10:  43%|████▎     | 135/313 [00:03<00:03, 48.49it/s, loss=4.6]
Train Epoch 0/10:  43%|████▎     | 135/313 [00:03<00:03, 48.49it/s, loss=4.63]
Train Epoch 0/10:  43%|████▎     | 135/313 [00:03<00:03, 48.49it/s, loss=4.6]
Train Epoch 0/10:  43%|████▎     | 135/313 [00:03<00:03, 48.49it/s, loss=4.61]
Train Epoch 0/10:  45%|████▌     | 141/313 [00:03<00:03, 49.24it/s, loss=4.61]
Train Epoch 0/10:  45%|████▌     | 141/313 [00:03<00:03, 49.24it/s, loss=4.6]
Train Epoch 0/10:  45%|████▌     | 141/313 [00:03<00:03, 49.24it/s, loss=4.63]
Train Epoch 0/10:  45%|████▌     | 141/313 [00:03<00:03, 49.24it/s, loss=4.62]
Train Epoch 0/10:  45%|████▌     | 141/313 [00:03<00:03, 49.24it/s, loss=4.59]
Train Epoch 0/10:  45%|████▌     | 141/313 [00:03<00:03, 49.24it/s, loss=4.6]
Train Epoch 0/10:  45%|████▌     | 141/313 [00:03<00:03, 49.24it/s, loss=4.61]
Train Epoch 0/10:  47%|████▋     | 147/313 [00:03<00:03, 50.03it/s, loss=4.61]
Train Epoch 0/10:  47%|████▋     | 147/313 [00:03<00:03, 50.03it/s, loss=4.6]
Train Epoch 0/10:  47%|████▋     | 147/313 [00:03<00:03, 50.03it/s, loss=4.57]
Train Epoch 0/10:  47%|████▋     | 147/313 [00:03<00:03, 50.03it/s, loss=4.63]
Train Epoch 0/10:  47%|████▋     | 147/313 [00:03<00:03, 50.03it/s, loss=4.63]
Train Epoch 0/10:  47%|████▋     | 147/313 [00:03<00:03, 50.03it/s, loss=4.62]
Train Epoch 0/10:  47%|████▋     | 147/313 [00:03<00:03, 50.03it/s, loss=4.59]
Train Epoch 0/10:  49%|████▉     | 153/313 [00:03<00:03, 50.57it/s, loss=4.59]
Train Epoch 0/10:  49%|████▉     | 153/313 [00:03<00:03, 50.57it/s, loss=4.59]
Train Epoch 0/10:  49%|████▉     | 153/313 [00:03<00:03, 50.57it/s, loss=4.61]
Train Epoch 0/10:  49%|████▉     | 153/313 [00:03<00:03, 50.57it/s, loss=4.59]
Train Epoch 0/10:  49%|████▉     | 153/313 [00:03<00:03, 50.57it/s, loss=4.58]
Train Epoch 0/10:  49%|████▉     | 153/313 [00:03<00:03, 50.57it/s, loss=4.62]
Train Epoch 0/10:  49%|████▉     | 153/313 [00:03<00:03, 50.57it/s, loss=4.57]
Train Epoch 0/10:  51%|█████     | 159/313 [00:03<00:03, 50.93it/s, loss=4.57]
Train Epoch 0/10:  51%|█████     | 159/313 [00:03<00:03, 50.93it/s, loss=4.59]
Train Epoch 0/10:  51%|█████     | 159/313 [00:03<00:03, 50.93it/s, loss=4.61]
Train Epoch 0/10:  51%|█████     | 159/313 [00:03<00:03, 50.93it/s, loss=4.59]
Train Epoch 0/10:  51%|█████     | 159/313 [00:03<00:03, 50.93it/s, loss=4.58]
Train Epoch 0/10:  51%|█████     | 159/313 [00:03<00:03, 50.93it/s, loss=4.63]
Train Epoch 0/10:  51%|█████     | 159/313 [00:03<00:03, 50.93it/s, loss=4.63]
Train Epoch 0/10:  53%|█████▎    | 165/313 [00:03<00:02, 50.94it/s, loss=4.63]
Train Epoch 0/10:  53%|█████▎    | 165/313 [00:03<00:02, 50.94it/s, loss=4.61]
Train Epoch 0/10:  53%|█████▎    | 165/313 [00:03<00:02, 50.94it/s, loss=4.63]
Train Epoch 0/10:  53%|█████▎    | 165/313 [00:03<00:02, 50.94it/s, loss=4.57]
Train Epoch 0/10:  53%|█████▎    | 165/313 [00:03<00:02, 50.94it/s, loss=4.62]
Train Epoch 0/10:  53%|█████▎    | 165/313 [00:03<00:02, 50.94it/s, loss=4.62]
Train Epoch 0/10:  53%|█████▎    | 165/313 [00:03<00:02, 50.94it/s, loss=4.58]
Train Epoch 0/10:  55%|█████▍    | 171/313 [00:03<00:02, 51.23it/s, loss=4.58]
Train Epoch 0/10:  55%|█████▍    | 171/313 [00:03<00:02, 51.23it/s, loss=4.58]
Train Epoch 0/10:  55%|█████▍    | 171/313 [00:03<00:02, 51.23it/s, loss=4.61]
Train Epoch 0/10:  55%|█████▍    | 171/313 [00:03<00:02, 51.23it/s, loss=4.62]
Train Epoch 0/10:  55%|█████▍    | 171/313 [00:03<00:02, 51.23it/s, loss=4.62]
Train Epoch 0/10:  55%|█████▍    | 171/313 [00:03<00:02, 51.23it/s, loss=4.58]
Train Epoch 0/10:  55%|█████▍    | 171/313 [00:03<00:02, 51.23it/s, loss=4.59]
Train Epoch 0/10:  57%|█████▋    | 177/313 [00:03<00:02, 51.38it/s, loss=4.59]
Train Epoch 0/10:  57%|█████▋    | 177/313 [00:03<00:02, 51.38it/s, loss=4.62]
Train Epoch 0/10:  57%|█████▋    | 177/313 [00:04<00:02, 51.38it/s, loss=4.6]
Train Epoch 0/10:  57%|█████▋    | 177/313 [00:04<00:02, 51.38it/s, loss=4.62]
Train Epoch 0/10:  57%|█████▋    | 177/313 [00:04<00:02, 51.38it/s, loss=4.58]
Train Epoch 0/10:  57%|█████▋    | 177/313 [00:04<00:02, 51.38it/s, loss=4.63]
Train Epoch 0/10:  57%|█████▋    | 177/313 [00:04<00:02, 51.38it/s, loss=4.6]
Train Epoch 0/10:  58%|█████▊    | 183/313 [00:04<00:02, 51.07it/s, loss=4.6]
Train Epoch 0/10:  58%|█████▊    | 183/313 [00:04<00:02, 51.07it/s, loss=4.63]
Train Epoch 0/10:  58%|█████▊    | 183/313 [00:04<00:02, 51.07it/s, loss=4.64]
Train Epoch 0/10:  58%|█████▊    | 183/313 [00:04<00:02, 51.07it/s, loss=4.58]
Train Epoch 0/10:  58%|█████▊    | 183/313 [00:04<00:02, 51.07it/s, loss=4.59]
Train Epoch 0/10:  58%|█████▊    | 183/313 [00:04<00:02, 51.07it/s, loss=4.58]
Train Epoch 0/10:  58%|█████▊    | 183/313 [00:04<00:02, 51.07it/s, loss=4.6]
Train Epoch 0/10:  60%|██████    | 189/313 [00:04<00:02, 51.23it/s, loss=4.6]
Train Epoch 0/10:  60%|██████    | 189/313 [00:04<00:02, 51.23it/s, loss=4.62]
Train Epoch 0/10:  60%|██████    | 189/313 [00:04<00:02, 51.23it/s, loss=4.59]
Train Epoch 0/10:  60%|██████    | 189/313 [00:04<00:02, 51.23it/s, loss=4.58]
Train Epoch 0/10:  60%|██████    | 189/313 [00:04<00:02, 51.23it/s, loss=4.59]
Train Epoch 0/10:  60%|██████    | 189/313 [00:04<00:02, 51.23it/s, loss=4.57]
Train Epoch 0/10:  60%|██████    | 189/313 [00:04<00:02, 51.23it/s, loss=4.59]
Train Epoch 0/10:  62%|██████▏   | 195/313 [00:04<00:02, 51.31it/s, loss=4.59]
Train Epoch 0/10:  62%|██████▏   | 195/313 [00:04<00:02, 51.31it/s, loss=4.59]
Train Epoch 0/10:  62%|██████▏   | 195/313 [00:04<00:02, 51.31it/s, loss=4.6]
Train Epoch 0/10:  62%|██████▏   | 195/313 [00:04<00:02, 51.31it/s, loss=4.59]
Train Epoch 0/10:  62%|██████▏   | 195/313 [00:04<00:02, 51.31it/s, loss=4.61]
Train Epoch 0/10:  62%|██████▏   | 195/313 [00:04<00:02, 51.31it/s, loss=4.61]
Train Epoch 0/10:  62%|██████▏   | 195/313 [00:04<00:02, 51.31it/s, loss=4.63]
Train Epoch 0/10:  64%|██████▍   | 201/313 [00:04<00:02, 51.08it/s, loss=4.63]
Train Epoch 0/10:  64%|██████▍   | 201/313 [00:04<00:02, 51.08it/s, loss=4.6]
Train Epoch 0/10:  64%|██████▍   | 201/313 [00:04<00:02, 51.08it/s, loss=4.58]
Train Epoch 0/10:  64%|██████▍   | 201/313 [00:04<00:02, 51.08it/s, loss=4.6]
Train Epoch 0/10:  64%|██████▍   | 201/313 [00:04<00:02, 51.08it/s, loss=4.61]
Train Epoch 0/10:  64%|██████▍   | 201/313 [00:04<00:02, 51.08it/s, loss=4.6]
Train Epoch 0/10:  64%|██████▍   | 201/313 [00:04<00:02, 51.08it/s, loss=4.63]
Train Epoch 0/10:  66%|██████▌   | 207/313 [00:04<00:02, 51.22it/s, loss=4.63]
Train Epoch 0/10:  66%|██████▌   | 207/313 [00:04<00:02, 51.22it/s, loss=4.6]
Train Epoch 0/10:  66%|██████▌   | 207/313 [00:04<00:02, 51.22it/s, loss=4.6]
Train Epoch 0/10:  66%|██████▌   | 207/313 [00:04<00:02, 51.22it/s, loss=4.56]
Train Epoch 0/10:  66%|██████▌   | 207/313 [00:04<00:02, 51.22it/s, loss=4.62]
Train Epoch 0/10:  66%|██████▌   | 207/313 [00:04<00:02, 51.22it/s, loss=4.6]
Train Epoch 0/10:  66%|██████▌   | 207/313 [00:04<00:02, 51.22it/s, loss=4.61]
Train Epoch 0/10:  68%|██████▊   | 213/313 [00:04<00:01, 50.70it/s, loss=4.61]
Train Epoch 0/10:  68%|██████▊   | 213/313 [00:04<00:01, 50.70it/s, loss=4.59]
Train Epoch 0/10:  68%|██████▊   | 213/313 [00:04<00:01, 50.70it/s, loss=4.61]
Train Epoch 0/10:  68%|██████▊   | 213/313 [00:04<00:01, 50.70it/s, loss=4.58]
Train Epoch 0/10:  68%|██████▊   | 213/313 [00:04<00:01, 50.70it/s, loss=4.62]
Train Epoch 0/10:  68%|██████▊   | 213/313 [00:04<00:01, 50.70it/s, loss=4.64]
Train Epoch 0/10:  68%|██████▊   | 213/313 [00:04<00:01, 50.70it/s, loss=4.62]
Train Epoch 0/10:  70%|██████▉   | 219/313 [00:04<00:01, 50.89it/s, loss=4.62]
Train Epoch 0/10:  70%|██████▉   | 219/313 [00:04<00:01, 50.89it/s, loss=4.6]
Train Epoch 0/10:  70%|██████▉   | 219/313 [00:04<00:01, 50.89it/s, loss=4.63]
Train Epoch 0/10:  70%|██████▉   | 219/313 [00:04<00:01, 50.89it/s, loss=4.58]
Train Epoch 0/10:  70%|██████▉   | 219/313 [00:04<00:01, 50.89it/s, loss=4.6]
Train Epoch 0/10:  70%|██████▉   | 219/313 [00:04<00:01, 50.89it/s, loss=4.6]
Train Epoch 0/10:  70%|██████▉   | 219/313 [00:04<00:01, 50.89it/s, loss=4.56]
Train Epoch 0/10:  72%|███████▏  | 225/313 [00:04<00:01, 51.08it/s, loss=4.56]
Train Epoch 0/10:  72%|███████▏  | 225/313 [00:04<00:01, 51.08it/s, loss=4.61]
Train Epoch 0/10:  72%|███████▏  | 225/313 [00:04<00:01, 51.08it/s, loss=4.59]
Train Epoch 0/10:  72%|███████▏  | 225/313 [00:04<00:01, 51.08it/s, loss=4.6]
Train Epoch 0/10:  72%|███████▏  | 225/313 [00:04<00:01, 51.08it/s, loss=4.62]
Train Epoch 0/10:  72%|███████▏  | 225/313 [00:05<00:01, 51.08it/s, loss=4.6]
Train Epoch 0/10:  72%|███████▏  | 225/313 [00:05<00:01, 51.08it/s, loss=4.61]
Train Epoch 0/10:  74%|███████▍  | 231/313 [00:05<00:01, 51.23it/s, loss=4.61]
Train Epoch 0/10:  74%|███████▍  | 231/313 [00:05<00:01, 51.23it/s, loss=4.59]
Train Epoch 0/10:  74%|███████▍  | 231/313 [00:05<00:01, 51.23it/s, loss=4.56]
Train Epoch 0/10:  74%|███████▍  | 231/313 [00:05<00:01, 51.23it/s, loss=4.58]
Train Epoch 0/10:  74%|███████▍  | 231/313 [00:05<00:01, 51.23it/s, loss=4.59]
Train Epoch 0/10:  74%|███████▍  | 231/313 [00:05<00:01, 51.23it/s, loss=4.61]
Train Epoch 0/10:  74%|███████▍  | 231/313 [00:05<00:01, 51.23it/s, loss=4.6]
Train Epoch 0/10:  76%|███████▌  | 237/313 [00:05<00:01, 51.14it/s, loss=4.6]
Train Epoch 0/10:  76%|███████▌  | 237/313 [00:05<00:01, 51.14it/s, loss=4.59]
Train Epoch 0/10:  76%|███████▌  | 237/313 [00:05<00:01, 51.14it/s, loss=4.59]
Train Epoch 0/10:  76%|███████▌  | 237/313 [00:05<00:01, 51.14it/s, loss=4.57]
Train Epoch 0/10:  76%|███████▌  | 237/313 [00:05<00:01, 51.14it/s, loss=4.59]
Train Epoch 0/10:  76%|███████▌  | 237/313 [00:05<00:01, 51.14it/s, loss=4.63]
Train Epoch 0/10:  76%|███████▌  | 237/313 [00:05<00:01, 51.14it/s, loss=4.59]
Train Epoch 0/10:  78%|███████▊  | 243/313 [00:05<00:01, 51.23it/s, loss=4.59]
Train Epoch 0/10:  78%|███████▊  | 243/313 [00:05<00:01, 51.23it/s, loss=4.61]
Train Epoch 0/10:  78%|███████▊  | 243/313 [00:05<00:01, 51.23it/s, loss=4.58]
Train Epoch 0/10:  78%|███████▊  | 243/313 [00:05<00:01, 51.23it/s, loss=4.6]
Train Epoch 0/10:  78%|███████▊  | 243/313 [00:05<00:01, 51.23it/s, loss=4.61]
Train Epoch 0/10:  78%|███████▊  | 243/313 [00:05<00:01, 51.23it/s, loss=4.55]
Train Epoch 0/10:  78%|███████▊  | 243/313 [00:05<00:01, 51.23it/s, loss=4.61]
Train Epoch 0/10:  80%|███████▉  | 249/313 [00:05<00:01, 51.32it/s, loss=4.61]
Train Epoch 0/10:  80%|███████▉  | 249/313 [00:05<00:01, 51.32it/s, loss=4.58]
Train Epoch 0/10:  80%|███████▉  | 249/313 [00:05<00:01, 51.32it/s, loss=4.61]
Train Epoch 0/10:  80%|███████▉  | 249/313 [00:05<00:01, 51.32it/s, loss=4.63]
Train Epoch 0/10:  80%|███████▉  | 249/313 [00:05<00:01, 51.32it/s, loss=4.6]
Train Epoch 0/10:  80%|███████▉  | 249/313 [00:05<00:01, 51.32it/s, loss=4.62]
Train Epoch 0/10:  80%|███████▉  | 249/313 [00:05<00:01, 51.32it/s, loss=4.58]
Train Epoch 0/10:  81%|████████▏ | 255/313 [00:05<00:01, 51.11it/s, loss=4.58]
Train Epoch 0/10:  81%|████████▏ | 255/313 [00:05<00:01, 51.11it/s, loss=4.59]
Train Epoch 0/10:  81%|████████▏ | 255/313 [00:05<00:01, 51.11it/s, loss=4.57]
Train Epoch 0/10:  81%|████████▏ | 255/313 [00:05<00:01, 51.11it/s, loss=4.62]
Train Epoch 0/10:  81%|████████▏ | 255/313 [00:05<00:01, 51.11it/s, loss=4.62]
Train Epoch 0/10:  81%|████████▏ | 255/313 [00:05<00:01, 51.11it/s, loss=4.62]
Train Epoch 0/10:  81%|████████▏ | 255/313 [00:05<00:01, 51.11it/s, loss=4.59]
Train Epoch 0/10:  83%|████████▎ | 261/313 [00:05<00:01, 50.80it/s, loss=4.59]
Train Epoch 0/10:  83%|████████▎ | 261/313 [00:05<00:01, 50.80it/s, loss=4.62]
Train Epoch 0/10:  83%|████████▎ | 261/313 [00:05<00:01, 50.80it/s, loss=4.57]
Train Epoch 0/10:  83%|████████▎ | 261/313 [00:05<00:01, 50.80it/s, loss=4.59]
Train Epoch 0/10:  83%|████████▎ | 261/313 [00:05<00:01, 50.80it/s, loss=4.6]
Train Epoch 0/10:  83%|████████▎ | 261/313 [00:05<00:01, 50.80it/s, loss=4.6]
Train Epoch 0/10:  83%|████████▎ | 261/313 [00:05<00:01, 50.80it/s, loss=4.58]
Train Epoch 0/10:  85%|████████▌ | 267/313 [00:05<00:00, 50.27it/s, loss=4.58]
Train Epoch 0/10:  85%|████████▌ | 267/313 [00:05<00:00, 50.27it/s, loss=4.59]
Train Epoch 0/10:  85%|████████▌ | 267/313 [00:05<00:00, 50.27it/s, loss=4.59]
Train Epoch 0/10:  85%|████████▌ | 267/313 [00:05<00:00, 50.27it/s, loss=4.58]
Train Epoch 0/10:  85%|████████▌ | 267/313 [00:05<00:00, 50.27it/s, loss=4.61]
Train Epoch 0/10:  85%|████████▌ | 267/313 [00:05<00:00, 50.27it/s, loss=4.6]
Train Epoch 0/10:  85%|████████▌ | 267/313 [00:05<00:00, 50.27it/s, loss=4.59]
Train Epoch 0/10:  87%|████████▋ | 273/313 [00:05<00:00, 50.63it/s, loss=4.59]
Train Epoch 0/10:  87%|████████▋ | 273/313 [00:05<00:00, 50.63it/s, loss=4.62]
Train Epoch 0/10:  87%|████████▋ | 273/313 [00:05<00:00, 50.63it/s, loss=4.6]
Train Epoch 0/10:  87%|████████▋ | 273/313 [00:05<00:00, 50.63it/s, loss=4.57]
Train Epoch 0/10:  87%|████████▋ | 273/313 [00:05<00:00, 50.63it/s, loss=4.59]
Train Epoch 0/10:  87%|████████▋ | 273/313 [00:05<00:00, 50.63it/s, loss=4.59]
Train Epoch 0/10:  87%|████████▋ | 273/313 [00:05<00:00, 50.63it/s, loss=4.57]
Train Epoch 0/10:  89%|████████▉ | 279/313 [00:05<00:00, 50.87it/s, loss=4.57]
Train Epoch 0/10:  89%|████████▉ | 279/313 [00:05<00:00, 50.87it/s, loss=4.61]
Train Epoch 0/10:  89%|████████▉ | 279/313 [00:06<00:00, 50.87it/s, loss=4.63]
Train Epoch 0/10:  89%|████████▉ | 279/313 [00:06<00:00, 50.87it/s, loss=4.61]
Train Epoch 0/10:  89%|████████▉ | 279/313 [00:06<00:00, 50.87it/s, loss=4.58]
Train Epoch 0/10:  89%|████████▉ | 279/313 [00:06<00:00, 50.87it/s, loss=4.57]
Train Epoch 0/10:  89%|████████▉ | 279/313 [00:06<00:00, 50.87it/s, loss=4.61]
Train Epoch 0/10:  91%|█████████ | 285/313 [00:06<00:00, 50.90it/s, loss=4.61]
Train Epoch 0/10:  91%|█████████ | 285/313 [00:06<00:00, 50.90it/s, loss=4.56]
Train Epoch 0/10:  91%|█████████ | 285/313 [00:06<00:00, 50.90it/s, loss=4.59]
Train Epoch 0/10:  91%|█████████ | 285/313 [00:06<00:00, 50.90it/s, loss=4.64]
Train Epoch 0/10:  91%|█████████ | 285/313 [00:06<00:00, 50.90it/s, loss=4.6]
Train Epoch 0/10:  91%|█████████ | 285/313 [00:06<00:00, 50.90it/s, loss=4.6]
Train Epoch 0/10:  91%|█████████ | 285/313 [00:06<00:00, 50.90it/s, loss=4.6]
Train Epoch 0/10:  93%|█████████▎| 291/313 [00:06<00:00, 50.80it/s, loss=4.6]
Train Epoch 0/10:  93%|█████████▎| 291/313 [00:06<00:00, 50.80it/s, loss=4.62]
Train Epoch 0/10:  93%|█████████▎| 291/313 [00:06<00:00, 50.80it/s, loss=4.61]
Train Epoch 0/10:  93%|█████████▎| 291/313 [00:06<00:00, 50.80it/s, loss=4.6]
Train Epoch 0/10:  93%|█████████▎| 291/313 [00:06<00:00, 50.80it/s, loss=4.64]
Train Epoch 0/10:  93%|█████████▎| 291/313 [00:06<00:00, 50.80it/s, loss=4.58]
Train Epoch 0/10:  93%|█████████▎| 291/313 [00:06<00:00, 50.80it/s, loss=4.61]
Train Epoch 0/10:  95%|█████████▍| 297/313 [00:06<00:00, 51.02it/s, loss=4.61]
Train Epoch 0/10:  95%|█████████▍| 297/313 [00:06<00:00, 51.02it/s, loss=4.61]
Train Epoch 0/10:  95%|█████████▍| 297/313 [00:06<00:00, 51.02it/s, loss=4.58]
Train Epoch 0/10:  95%|█████████▍| 297/313 [00:06<00:00, 51.02it/s, loss=4.58]
Train Epoch 0/10:  95%|█████████▍| 297/313 [00:06<00:00, 51.02it/s, loss=4.57]
Train Epoch 0/10:  95%|█████████▍| 297/313 [00:06<00:00, 51.02it/s, loss=4.58]
Train Epoch 0/10:  95%|█████████▍| 297/313 [00:06<00:00, 51.02it/s, loss=4.58]
Train Epoch 0/10:  97%|█████████▋| 303/313 [00:06<00:00, 50.99it/s, loss=4.58]
Train Epoch 0/10:  97%|█████████▋| 303/313 [00:06<00:00, 50.99it/s, loss=4.55]
Train Epoch 0/10:  97%|█████████▋| 303/313 [00:06<00:00, 50.99it/s, loss=4.61]
Train Epoch 0/10:  97%|█████████▋| 303/313 [00:06<00:00, 50.99it/s, loss=4.58]
Train Epoch 0/10:  97%|█████████▋| 303/313 [00:06<00:00, 50.99it/s, loss=4.59]
Train Epoch 0/10:  97%|█████████▋| 303/313 [00:06<00:00, 50.99it/s, loss=4.59]
Train Epoch 0/10:  97%|█████████▋| 303/313 [00:06<00:00, 50.99it/s, loss=4.59]
Train Epoch 0/10:  99%|█████████▊| 309/313 [00:06<00:00, 51.14it/s, loss=4.59]
Train Epoch 0/10:  99%|█████████▊| 309/313 [00:06<00:00, 51.14it/s, loss=4.63]
Train Epoch 0/10:  99%|█████████▊| 309/313 [00:06<00:00, 51.14it/s, loss=4.63]
Train Epoch 0/10:  99%|█████████▊| 309/313 [00:06<00:00, 51.14it/s, loss=4.6]
Train Epoch 0/10:  99%|█████████▊| 309/313 [00:08<00:00, 51.14it/s, loss=4.62]
Train Epoch 0/10: 100%|██████████| 313/313 [00:08<00:00, 36.26it/s, loss=4.62]

Valid Epoch 0/10:   0%|          | 0/32 [00:00<?, ?it/s, acc=-, loss=-]
Valid Epoch 0/10:  34%|███▍      | 11/32 [00:00<00:00, 104.20it/s, acc=-, loss=-]
Valid Epoch 0/10:  69%|██████▉   | 22/32 [00:00<00:00, 105.44it/s, acc=-, loss=-]
Valid Epoch 0/10: 100%|██████████| 32/32 [00:00<00:00, 105.44it/s, valid/loss=4.59, valid/accuracy=0.0095]
Valid Epoch 0/10: 100%|██████████| 32/32 [00:00<00:00, 105.36it/s, valid/loss=4.59, valid/accuracy=0.0095]

Train Epoch 1/10:   0%|          | 0/313 [00:00<?, ?it/s]
Train Epoch 1/10:   0%|          | 0/313 [00:00<?, ?it/s, loss=4.58]
Train Epoch 1/10:   0%|          | 0/313 [00:00<?, ?it/s, loss=4.59]
Train Epoch 1/10:   0%|          | 0/313 [00:00<?, ?it/s, loss=4.56]
Train Epoch 1/10:   0%|          | 0/313 [00:00<?, ?it/s, loss=4.59]
Train Epoch 1/10:   0%|          | 0/313 [00:00<?, ?it/s, loss=4.61]
Train Epoch 1/10:   2%|▏         | 5/313 [00:00<00:06, 49.15it/s, loss=4.61]
Train Epoch 1/10:   2%|▏         | 5/313 [00:00<00:06, 49.15it/s, loss=4.61]
Train Epoch 1/10:   2%|▏         | 5/313 [00:00<00:06, 49.15it/s, loss=4.57]
Train Epoch 1/10:   2%|▏         | 5/313 [00:00<00:06, 49.15it/s, loss=4.58]
Train Epoch 1/10:   2%|▏         | 5/313 [00:00<00:06, 49.15it/s, loss=4.57]
Train Epoch 1/10:   2%|▏         | 5/313 [00:00<00:06, 49.15it/s, loss=4.58]
Train Epoch 1/10:   3%|▎         | 10/313 [00:00<00:06, 48.91it/s, loss=4.58]
Train Epoch 1/10:   3%|▎         | 10/313 [00:00<00:06, 48.91it/s, loss=4.6]
Train Epoch 1/10:   3%|▎         | 10/313 [00:00<00:06, 48.91it/s, loss=4.54]
Train Epoch 1/10:   3%|▎         | 10/313 [00:00<00:06, 48.91it/s, loss=4.58]
Train Epoch 1/10:   3%|▎         | 10/313 [00:00<00:06, 48.91it/s, loss=4.58]
Train Epoch 1/10:   3%|▎         | 10/313 [00:00<00:06, 48.91it/s, loss=4.59]
Train Epoch 1/10:   5%|▍         | 15/313 [00:00<00:06, 47.64it/s, loss=4.59]
Train Epoch 1/10:   5%|▍         | 15/313 [00:00<00:06, 47.64it/s, loss=4.57]
Train Epoch 1/10:   5%|▍         | 15/313 [00:00<00:06, 47.64it/s, loss=4.58]
Train Epoch 1/10:   5%|▍         | 15/313 [00:00<00:06, 47.64it/s, loss=4.56]
Train Epoch 1/10:   5%|▍         | 15/313 [00:00<00:06, 47.64it/s, loss=4.59]
Train Epoch 1/10:   5%|▍         | 15/313 [00:00<00:06, 47.64it/s, loss=4.59]
Train Epoch 1/10:   6%|▋         | 20/313 [00:00<00:06, 47.92it/s, loss=4.59]
Train Epoch 1/10:   6%|▋         | 20/313 [00:00<00:06, 47.92it/s, loss=4.61]
Train Epoch 1/10:   6%|▋         | 20/313 [00:00<00:06, 47.92it/s, loss=4.61]
Train Epoch 1/10:   6%|▋         | 20/313 [00:00<00:06, 47.92it/s, loss=4.6]
Train Epoch 1/10:   6%|▋         | 20/313 [00:00<00:06, 47.92it/s, loss=4.63]
Train Epoch 1/10:   6%|▋         | 20/313 [00:00<00:06, 47.92it/s, loss=4.58]
Train Epoch 1/10:   8%|▊         | 25/313 [00:00<00:05, 48.39it/s, loss=4.58]
Train Epoch 1/10:   8%|▊         | 25/313 [00:00<00:05, 48.39it/s, loss=4.59]
Train Epoch 1/10:   8%|▊         | 25/313 [00:00<00:05, 48.39it/s, loss=4.56]
Train Epoch 1/10:   8%|▊         | 25/313 [00:00<00:05, 48.39it/s, loss=4.56]
Train Epoch 1/10:   8%|▊         | 25/313 [00:00<00:05, 48.39it/s, loss=4.56]
Train Epoch 1/10:   8%|▊         | 25/313 [00:00<00:05, 48.39it/s, loss=4.58]
Train Epoch 1/10:   8%|▊         | 25/313 [00:00<00:05, 48.39it/s, loss=4.59]
Train Epoch 1/10:  10%|▉         | 31/313 [00:00<00:05, 49.20it/s, loss=4.59]
Train Epoch 1/10:  10%|▉         | 31/313 [00:00<00:05, 49.20it/s, loss=4.59]
Train Epoch 1/10:  10%|▉         | 31/313 [00:00<00:05, 49.20it/s, loss=4.6]
Train Epoch 1/10:  10%|▉         | 31/313 [00:00<00:05, 49.20it/s, loss=4.6]
Train Epoch 1/10:  10%|▉         | 31/313 [00:00<00:05, 49.20it/s, loss=4.61]
Train Epoch 1/10:  10%|▉         | 31/313 [00:00<00:05, 49.20it/s, loss=4.6]
Train Epoch 1/10:  10%|▉         | 31/313 [00:00<00:05, 49.20it/s, loss=4.58]
Train Epoch 1/10:  12%|█▏        | 37/313 [00:00<00:05, 49.54it/s, loss=4.58]
Train Epoch 1/10:  12%|█▏        | 37/313 [00:00<00:05, 49.54it/s, loss=4.61]
Train Epoch 1/10:  12%|█▏        | 37/313 [00:00<00:05, 49.54it/s, loss=4.6]
Train Epoch 1/10:  12%|█▏        | 37/313 [00:00<00:05, 49.54it/s, loss=4.6]
Train Epoch 1/10:  12%|█▏        | 37/313 [00:00<00:05, 49.54it/s, loss=4.59]
Train Epoch 1/10:  12%|█▏        | 37/313 [00:00<00:05, 49.54it/s, loss=4.59]
Train Epoch 1/10:  12%|█▏        | 37/313 [00:00<00:05, 49.54it/s, loss=4.59]
Train Epoch 1/10:  14%|█▎        | 43/313 [00:00<00:05, 49.77it/s, loss=4.59]
Train Epoch 1/10:  14%|█▎        | 43/313 [00:00<00:05, 49.77it/s, loss=4.58]
Train Epoch 1/10:  14%|█▎        | 43/313 [00:00<00:05, 49.77it/s, loss=4.59]
Train Epoch 1/10:  14%|█▎        | 43/313 [00:00<00:05, 49.77it/s, loss=4.59]
Train Epoch 1/10:  14%|█▎        | 43/313 [00:00<00:05, 49.77it/s, loss=4.55]
Train Epoch 1/10:  14%|█▎        | 43/313 [00:00<00:05, 49.77it/s, loss=4.6]
Train Epoch 1/10:  14%|█▎        | 43/313 [00:00<00:05, 49.77it/s, loss=4.6]
Train Epoch 1/10:  16%|█▌        | 49/313 [00:00<00:05, 50.07it/s, loss=4.6]
Train Epoch 1/10:  16%|█▌        | 49/313 [00:01<00:05, 50.07it/s, loss=4.58]
Train Epoch 1/10:  16%|█▌        | 49/313 [00:01<00:05, 50.07it/s, loss=4.58]
Train Epoch 1/10:  16%|█▌        | 49/313 [00:01<00:05, 50.07it/s, loss=4.57]
Train Epoch 1/10:  16%|█▌        | 49/313 [00:01<00:05, 50.07it/s, loss=4.6]
Train Epoch 1/10:  16%|█▌        | 49/313 [00:01<00:05, 50.07it/s, loss=4.57]
Train Epoch 1/10:  16%|█▌        | 49/313 [00:01<00:05, 50.07it/s, loss=4.59]
Train Epoch 1/10:  18%|█▊        | 55/313 [00:01<00:05, 43.38it/s, loss=4.59]
Train Epoch 1/10:  18%|█▊        | 55/313 [00:01<00:05, 43.38it/s, loss=4.58]
Train Epoch 1/10:  18%|█▊        | 55/313 [00:01<00:05, 43.38it/s, loss=4.59]
Train Epoch 1/10:  18%|█▊        | 55/313 [00:01<00:05, 43.38it/s, loss=4.6]
Train Epoch 1/10:  18%|█▊        | 55/313 [00:01<00:05, 43.38it/s, loss=4.58]
Train Epoch 1/10:  18%|█▊        | 55/313 [00:01<00:05, 43.38it/s, loss=4.59]
Train Epoch 1/10:  19%|█▉        | 60/313 [00:01<00:06, 41.40it/s, loss=4.59]
Train Epoch 1/10:  19%|█▉        | 60/313 [00:01<00:06, 41.40it/s, loss=4.59]
Train Epoch 1/10:  19%|█▉        | 60/313 [00:01<00:06, 41.40it/s, loss=4.59]
Train Epoch 1/10:  19%|█▉        | 60/313 [00:01<00:06, 41.40it/s, loss=4.6]
Train Epoch 1/10:  19%|█▉        | 60/313 [00:01<00:06, 41.40it/s, loss=4.59]
Train Epoch 1/10:  19%|█▉        | 60/313 [00:01<00:06, 41.40it/s, loss=4.58]
Train Epoch 1/10:  21%|██        | 65/313 [00:01<00:06, 40.83it/s, loss=4.58]
Train Epoch 1/10:  21%|██        | 65/313 [00:01<00:06, 40.83it/s, loss=4.58]
Train Epoch 1/10:  21%|██        | 65/313 [00:01<00:06, 40.83it/s, loss=4.58]
Train Epoch 1/10:  21%|██        | 65/313 [00:01<00:06, 40.83it/s, loss=4.58]
Train Epoch 1/10:  21%|██        | 65/313 [00:01<00:06, 40.83it/s, loss=4.57]
Train Epoch 1/10:  21%|██        | 65/313 [00:01<00:06, 40.83it/s, loss=4.59]
Train Epoch 1/10:  22%|██▏       | 70/313 [00:01<00:05, 41.41it/s, loss=4.59]
Train Epoch 1/10:  22%|██▏       | 70/313 [00:01<00:05, 41.41it/s, loss=4.59]
Train Epoch 1/10:  22%|██▏       | 70/313 [00:01<00:05, 41.41it/s, loss=4.56]
Train Epoch 1/10:  22%|██▏       | 70/313 [00:01<00:05, 41.41it/s, loss=4.6]
Train Epoch 1/10:  22%|██▏       | 70/313 [00:01<00:05, 41.41it/s, loss=4.6]
Train Epoch 1/10:  22%|██▏       | 70/313 [00:01<00:05, 41.41it/s, loss=4.61]
Train Epoch 1/10:  24%|██▍       | 75/313 [00:01<00:05, 41.98it/s, loss=4.61]
Train Epoch 1/10:  24%|██▍       | 75/313 [00:01<00:05, 41.98it/s, loss=4.6]
Train Epoch 1/10:  24%|██▍       | 75/313 [00:01<00:05, 41.98it/s, loss=4.57]
Train Epoch 1/10:  24%|██▍       | 75/313 [00:01<00:05, 41.98it/s, loss=4.59]
Train Epoch 1/10:  24%|██▍       | 75/313 [00:01<00:05, 41.98it/s, loss=4.59]
Train Epoch 1/10:  24%|██▍       | 75/313 [00:01<00:05, 41.98it/s, loss=4.58]
Train Epoch 1/10:  26%|██▌       | 80/313 [00:01<00:05, 43.03it/s, loss=4.58]
Train Epoch 1/10:  26%|██▌       | 80/313 [00:01<00:05, 43.03it/s, loss=4.63]
Train Epoch 1/10:  26%|██▌       | 80/313 [00:01<00:05, 43.03it/s, loss=4.61]
Train Epoch 1/10:  26%|██▌       | 80/313 [00:01<00:05, 43.03it/s, loss=4.67]
Train Epoch 1/10:  26%|██▌       | 80/313 [00:01<00:05, 43.03it/s, loss=4.61]
Train Epoch 1/10:  26%|██▌       | 80/313 [00:01<00:05, 43.03it/s, loss=4.55]
Train Epoch 1/10:  27%|██▋       | 85/313 [00:01<00:05, 44.01it/s, loss=4.55]
Train Epoch 1/10:  27%|██▋       | 85/313 [00:01<00:05, 44.01it/s, loss=4.61]
Train Epoch 1/10:  27%|██▋       | 85/313 [00:01<00:05, 44.01it/s, loss=4.58]
Train Epoch 1/10:  27%|██▋       | 85/313 [00:01<00:05, 44.01it/s, loss=4.6]
Train Epoch 1/10:  27%|██▋       | 85/313 [00:01<00:05, 44.01it/s, loss=4.61]
Train Epoch 1/10:  27%|██▋       | 85/313 [00:01<00:05, 44.01it/s, loss=4.59]
Train Epoch 1/10:  29%|██▉       | 90/313 [00:01<00:04, 44.74it/s, loss=4.59]
Train Epoch 1/10:  29%|██▉       | 90/313 [00:02<00:04, 44.74it/s, loss=4.58]
Train Epoch 1/10:  29%|██▉       | 90/313 [00:02<00:04, 44.74it/s, loss=4.62]
Train Epoch 1/10:  29%|██▉       | 90/313 [00:02<00:04, 44.74it/s, loss=4.6]
Train Epoch 1/10:  29%|██▉       | 90/313 [00:02<00:04, 44.74it/s, loss=4.6]
Train Epoch 1/10:  29%|██▉       | 90/313 [00:02<00:04, 44.74it/s, loss=4.6]
Train Epoch 1/10:  30%|███       | 95/313 [00:02<00:04, 45.22it/s, loss=4.6]
Train Epoch 1/10:  30%|███       | 95/313 [00:02<00:04, 45.22it/s, loss=4.6]
Train Epoch 1/10:  30%|███       | 95/313 [00:02<00:04, 45.22it/s, loss=4.57]
Train Epoch 1/10:  30%|███       | 95/313 [00:02<00:04, 45.22it/s, loss=4.6]
Train Epoch 1/10:  30%|███       | 95/313 [00:02<00:04, 45.22it/s, loss=4.57]
Train Epoch 1/10:  30%|███       | 95/313 [00:02<00:04, 45.22it/s, loss=4.59]
Train Epoch 1/10:  32%|███▏      | 100/313 [00:02<00:04, 46.03it/s, loss=4.59]
Train Epoch 1/10:  32%|███▏      | 100/313 [00:02<00:04, 46.03it/s, loss=4.58]
Train Epoch 1/10:  32%|███▏      | 100/313 [00:02<00:04, 46.03it/s, loss=4.58]
Train Epoch 1/10:  32%|███▏      | 100/313 [00:02<00:04, 46.03it/s, loss=4.61]
Train Epoch 1/10:  32%|███▏      | 100/313 [00:02<00:04, 46.03it/s, loss=4.58]
Train Epoch 1/10:  32%|███▏      | 100/313 [00:02<00:04, 46.03it/s, loss=4.57]
Train Epoch 1/10:  34%|███▎      | 105/313 [00:02<00:04, 46.88it/s, loss=4.57]
Train Epoch 1/10:  34%|███▎      | 105/313 [00:02<00:04, 46.88it/s, loss=4.59]
Train Epoch 1/10:  34%|███▎      | 105/313 [00:02<00:04, 46.88it/s, loss=4.57]
Train Epoch 1/10:  34%|███▎      | 105/313 [00:02<00:04, 46.88it/s, loss=4.61]
Train Epoch 1/10:  34%|███▎      | 105/313 [00:02<00:04, 46.88it/s, loss=4.6]
Train Epoch 1/10:  34%|███▎      | 105/313 [00:02<00:04, 46.88it/s, loss=4.59]
Train Epoch 1/10:  35%|███▌      | 110/313 [00:02<00:04, 47.50it/s, loss=4.59]
Train Epoch 1/10:  35%|███▌      | 110/313 [00:02<00:04, 47.50it/s, loss=4.57]
Train Epoch 1/10:  35%|███▌      | 110/313 [00:02<00:04, 47.50it/s, loss=4.58]
Train Epoch 1/10:  35%|███▌      | 110/313 [00:02<00:04, 47.50it/s, loss=4.62]
Train Epoch 1/10:  35%|███▌      | 110/313 [00:02<00:04, 47.50it/s, loss=4.58]
Train Epoch 1/10:  35%|███▌      | 110/313 [00:02<00:04, 47.50it/s, loss=4.59]
Train Epoch 1/10:  37%|███▋      | 115/313 [00:02<00:04, 47.72it/s, loss=4.59]
Train Epoch 1/10:  37%|███▋      | 115/313 [00:02<00:04, 47.72it/s, loss=4.6]
Train Epoch 1/10:  37%|███▋      | 115/313 [00:02<00:04, 47.72it/s, loss=4.6]
Train Epoch 1/10:  37%|███▋      | 115/313 [00:02<00:04, 47.72it/s, loss=4.58]
Train Epoch 1/10:  37%|███▋      | 115/313 [00:02<00:04, 47.72it/s, loss=4.59]
Train Epoch 1/10:  37%|███▋      | 115/313 [00:02<00:04, 47.72it/s, loss=4.56]
Train Epoch 1/10:  38%|███▊      | 120/313 [00:02<00:04, 47.97it/s, loss=4.56]
Train Epoch 1/10:  38%|███▊      | 120/313 [00:02<00:04, 47.97it/s, loss=4.58]
Train Epoch 1/10:  38%|███▊      | 120/313 [00:02<00:04, 47.97it/s, loss=4.64]
Train Epoch 1/10:  38%|███▊      | 120/313 [00:02<00:04, 47.97it/s, loss=4.61]
Train Epoch 1/10:  38%|███▊      | 120/313 [00:02<00:04, 47.97it/s, loss=4.58]
Train Epoch 1/10:  38%|███▊      | 120/313 [00:02<00:04, 47.97it/s, loss=4.58]
Train Epoch 1/10:  40%|███▉      | 125/313 [00:02<00:03, 47.86it/s, loss=4.58]
Train Epoch 1/10:  40%|███▉      | 125/313 [00:02<00:03, 47.86it/s, loss=4.57]
Train Epoch 1/10:  40%|███▉      | 125/313 [00:02<00:03, 47.86it/s, loss=4.61]
Train Epoch 1/10:  40%|███▉      | 125/313 [00:02<00:03, 47.86it/s, loss=4.57]
Train Epoch 1/10:  40%|███▉      | 125/313 [00:02<00:03, 47.86it/s, loss=4.6]
Train Epoch 1/10:  40%|███▉      | 125/313 [00:02<00:03, 47.86it/s, loss=4.59]
Train Epoch 1/10:  40%|███▉      | 125/313 [00:02<00:03, 47.86it/s, loss=4.63]
Train Epoch 1/10:  42%|████▏     | 131/313 [00:02<00:03, 48.97it/s, loss=4.63]
Train Epoch 1/10:  42%|████▏     | 131/313 [00:02<00:03, 48.97it/s, loss=4.58]
Train Epoch 1/10:  42%|████▏     | 131/313 [00:02<00:03, 48.97it/s, loss=4.62]
Train Epoch 1/10:  42%|████▏     | 131/313 [00:02<00:03, 48.97it/s, loss=4.59]
Train Epoch 1/10:  42%|████▏     | 131/313 [00:02<00:03, 48.97it/s, loss=4.6]
Train Epoch 1/10:  42%|████▏     | 131/313 [00:02<00:03, 48.97it/s, loss=4.58]
Train Epoch 1/10:  42%|████▏     | 131/313 [00:02<00:03, 48.97it/s, loss=4.59]
Train Epoch 1/10:  44%|████▍     | 137/313 [00:02<00:03, 49.73it/s, loss=4.59]
Train Epoch 1/10:  44%|████▍     | 137/313 [00:02<00:03, 49.73it/s, loss=4.59]
Train Epoch 1/10:  44%|████▍     | 137/313 [00:02<00:03, 49.73it/s, loss=4.61]
Train Epoch 1/10:  44%|████▍     | 137/313 [00:03<00:03, 49.73it/s, loss=4.58]
Train Epoch 1/10:  44%|████▍     | 137/313 [00:03<00:03, 49.73it/s, loss=4.59]
Train Epoch 1/10:  44%|████▍     | 137/313 [00:03<00:03, 49.73it/s, loss=4.58]
Train Epoch 1/10:  44%|████▍     | 137/313 [00:03<00:03, 49.73it/s, loss=4.61]
Train Epoch 1/10:  46%|████▌     | 143/313 [00:03<00:03, 49.96it/s, loss=4.61]
Train Epoch 1/10:  46%|████▌     | 143/313 [00:03<00:03, 49.96it/s, loss=4.61]
Train Epoch 1/10:  46%|████▌     | 143/313 [00:03<00:03, 49.96it/s, loss=4.57]
Train Epoch 1/10:  46%|████▌     | 143/313 [00:03<00:03, 49.96it/s, loss=4.59]
Train Epoch 1/10:  46%|████▌     | 143/313 [00:03<00:03, 49.96it/s, loss=4.58]
Train Epoch 1/10:  46%|████▌     | 143/313 [00:03<00:03, 49.96it/s, loss=4.58]
Train Epoch 1/10:  46%|████▌     | 143/313 [00:03<00:03, 49.96it/s, loss=4.56]
Train Epoch 1/10:  48%|████▊     | 149/313 [00:03<00:03, 50.15it/s, loss=4.56]
Train Epoch 1/10:  48%|████▊     | 149/313 [00:03<00:03, 50.15it/s, loss=4.6]
Train Epoch 1/10:  48%|████▊     | 149/313 [00:03<00:03, 50.15it/s, loss=4.6]
Train Epoch 1/10:  48%|████▊     | 149/313 [00:03<00:03, 50.15it/s, loss=4.6]
Train Epoch 1/10:  48%|████▊     | 149/313 [00:03<00:03, 50.15it/s, loss=4.57]
Train Epoch 1/10:  48%|████▊     | 149/313 [00:03<00:03, 50.15it/s, loss=4.57]
Train Epoch 1/10:  48%|████▊     | 149/313 [00:03<00:03, 50.15it/s, loss=4.59]
Train Epoch 1/10:  50%|████▉     | 155/313 [00:03<00:03, 50.28it/s, loss=4.59]
Train Epoch 1/10:  50%|████▉     | 155/313 [00:03<00:03, 50.28it/s, loss=4.58]
Train Epoch 1/10:  50%|████▉     | 155/313 [00:03<00:03, 50.28it/s, loss=4.57]
Train Epoch 1/10:  50%|████▉     | 155/313 [00:03<00:03, 50.28it/s, loss=4.59]
Train Epoch 1/10:  50%|████▉     | 155/313 [00:03<00:03, 50.28it/s, loss=4.55]
Train Epoch 1/10:  50%|████▉     | 155/313 [00:03<00:03, 50.28it/s, loss=4.58]
Train Epoch 1/10:  50%|████▉     | 155/313 [00:03<00:03, 50.28it/s, loss=4.6]
Train Epoch 1/10:  51%|█████▏    | 161/313 [00:03<00:03, 50.29it/s, loss=4.6]
Train Epoch 1/10:  51%|█████▏    | 161/313 [00:03<00:03, 50.29it/s, loss=4.57]
Train Epoch 1/10:  51%|█████▏    | 161/313 [00:03<00:03, 50.29it/s, loss=4.56]
Train Epoch 1/10:  51%|█████▏    | 161/313 [00:03<00:03, 50.29it/s, loss=4.61]
Train Epoch 1/10:  51%|█████▏    | 161/313 [00:03<00:03, 50.29it/s, loss=4.61]
Train Epoch 1/10:  51%|█████▏    | 161/313 [00:03<00:03, 50.29it/s, loss=4.59]
Train Epoch 1/10:  51%|█████▏    | 161/313 [00:03<00:03, 50.29it/s, loss=4.61]
Train Epoch 1/10:  53%|█████▎    | 167/313 [00:03<00:02, 50.26it/s, loss=4.61]
Train Epoch 1/10:  53%|█████▎    | 167/313 [00:03<00:02, 50.26it/s, loss=4.56]
Train Epoch 1/10:  53%|█████▎    | 167/313 [00:03<00:02, 50.26it/s, loss=4.61]
Train Epoch 1/10:  53%|█████▎    | 167/313 [00:03<00:02, 50.26it/s, loss=4.62]
Train Epoch 1/10:  53%|█████▎    | 167/313 [00:03<00:02, 50.26it/s, loss=4.57]
Train Epoch 1/10:  53%|█████▎    | 167/313 [00:03<00:02, 50.26it/s, loss=4.57]
Train Epoch 1/10:  53%|█████▎    | 167/313 [00:03<00:02, 50.26it/s, loss=4.6]
Train Epoch 1/10:  55%|█████▌    | 173/313 [00:03<00:02, 50.51it/s, loss=4.6]
Train Epoch 1/10:  55%|█████▌    | 173/313 [00:03<00:02, 50.51it/s, loss=4.61]
Train Epoch 1/10:  55%|█████▌    | 173/313 [00:03<00:02, 50.51it/s, loss=4.6]
Train Epoch 1/10:  55%|█████▌    | 173/313 [00:03<00:02, 50.51it/s, loss=4.56]
Train Epoch 1/10:  55%|█████▌    | 173/313 [00:03<00:02, 50.51it/s, loss=4.58]
Train Epoch 1/10:  55%|█████▌    | 173/313 [00:03<00:02, 50.51it/s, loss=4.6]
Train Epoch 1/10:  55%|█████▌    | 173/313 [00:03<00:02, 50.51it/s, loss=4.58]
Train Epoch 1/10:  57%|█████▋    | 179/313 [00:03<00:02, 50.20it/s, loss=4.58]
Train Epoch 1/10:  57%|█████▋    | 179/313 [00:03<00:02, 50.20it/s, loss=4.6]
Train Epoch 1/10:  57%|█████▋    | 179/313 [00:03<00:02, 50.20it/s, loss=4.57]
Train Epoch 1/10:  57%|█████▋    | 179/313 [00:03<00:02, 50.20it/s, loss=4.62]
Train Epoch 1/10:  57%|█████▋    | 179/313 [00:03<00:02, 50.20it/s, loss=4.59]
Train Epoch 1/10:  57%|█████▋    | 179/313 [00:03<00:02, 50.20it/s, loss=4.61]
Train Epoch 1/10:  57%|█████▋    | 179/313 [00:03<00:02, 50.20it/s, loss=4.62]
Train Epoch 1/10:  59%|█████▉    | 185/313 [00:03<00:02, 50.17it/s, loss=4.62]
Train Epoch 1/10:  59%|█████▉    | 185/313 [00:03<00:02, 50.17it/s, loss=4.56]
Train Epoch 1/10:  59%|█████▉    | 185/313 [00:03<00:02, 50.17it/s, loss=4.59]
Train Epoch 1/10:  59%|█████▉    | 185/313 [00:03<00:02, 50.17it/s, loss=4.57]
Train Epoch 1/10:  59%|█████▉    | 185/313 [00:03<00:02, 50.17it/s, loss=4.59]
Train Epoch 1/10:  59%|█████▉    | 185/313 [00:04<00:02, 50.17it/s, loss=4.61]
Train Epoch 1/10:  59%|█████▉    | 185/313 [00:04<00:02, 50.17it/s, loss=4.58]
Train Epoch 1/10:  61%|██████    | 191/313 [00:04<00:02, 50.18it/s, loss=4.58]
Train Epoch 1/10:  61%|██████    | 191/313 [00:04<00:02, 50.18it/s, loss=4.57]
Train Epoch 1/10:  61%|██████    | 191/313 [00:04<00:02, 50.18it/s, loss=4.58]
Train Epoch 1/10:  61%|██████    | 191/313 [00:04<00:02, 50.18it/s, loss=4.56]
Train Epoch 1/10:  61%|██████    | 191/313 [00:04<00:02, 50.18it/s, loss=4.57]
Train Epoch 1/10:  61%|██████    | 191/313 [00:04<00:02, 50.18it/s, loss=4.57]
Train Epoch 1/10:  61%|██████    | 191/313 [00:04<00:02, 50.18it/s, loss=4.58]
Train Epoch 1/10:  63%|██████▎   | 197/313 [00:04<00:02, 50.53it/s, loss=4.58]
Train Epoch 1/10:  63%|██████▎   | 197/313 [00:04<00:02, 50.53it/s, loss=4.57]
Train Epoch 1/10:  63%|██████▎   | 197/313 [00:04<00:02, 50.53it/s, loss=4.6]
Train Epoch 1/10:  63%|██████▎   | 197/313 [00:04<00:02, 50.53it/s, loss=4.59]
Train Epoch 1/10:  63%|██████▎   | 197/313 [00:04<00:02, 50.53it/s, loss=4.61]
Train Epoch 1/10:  63%|██████▎   | 197/313 [00:04<00:02, 50.53it/s, loss=4.59]
Train Epoch 1/10:  63%|██████▎   | 197/313 [00:04<00:02, 50.53it/s, loss=4.57]
Train Epoch 1/10:  65%|██████▍   | 203/313 [00:04<00:02, 50.25it/s, loss=4.57]
Train Epoch 1/10:  65%|██████▍   | 203/313 [00:04<00:02, 50.25it/s, loss=4.59]
Train Epoch 1/10:  65%|██████▍   | 203/313 [00:04<00:02, 50.25it/s, loss=4.6]
Train Epoch 1/10:  65%|██████▍   | 203/313 [00:04<00:02, 50.25it/s, loss=4.58]
Train Epoch 1/10:  65%|██████▍   | 203/313 [00:04<00:02, 50.25it/s, loss=4.62]
Train Epoch 1/10:  65%|██████▍   | 203/313 [00:04<00:02, 50.25it/s, loss=4.58]
Train Epoch 1/10:  65%|██████▍   | 203/313 [00:04<00:02, 50.25it/s, loss=4.59]
Train Epoch 1/10:  67%|██████▋   | 209/313 [00:04<00:02, 38.21it/s, loss=4.59]
Train Epoch 1/10:  67%|██████▋   | 209/313 [00:04<00:02, 38.21it/s, loss=4.56]
Train Epoch 1/10:  67%|██████▋   | 209/313 [00:04<00:02, 38.21it/s, loss=4.61]
Train Epoch 1/10:  67%|██████▋   | 209/313 [00:04<00:02, 38.21it/s, loss=4.59]
Train Epoch 1/10:  67%|██████▋   | 209/313 [00:04<00:02, 38.21it/s, loss=4.6]
Train Epoch 1/10:  67%|██████▋   | 209/313 [00:04<00:02, 38.21it/s, loss=4.58]
Train Epoch 1/10:  68%|██████▊   | 214/313 [00:04<00:02, 35.46it/s, loss=4.58]
Train Epoch 1/10:  68%|██████▊   | 214/313 [00:04<00:02, 35.46it/s, loss=4.6]
Train Epoch 1/10:  68%|██████▊   | 214/313 [00:04<00:02, 35.46it/s, loss=4.57]
Train Epoch 1/10:  68%|██████▊   | 214/313 [00:04<00:02, 35.46it/s, loss=4.61]
Train Epoch 1/10:  68%|██████▊   | 214/313 [00:04<00:02, 35.46it/s, loss=4.62]
Train Epoch 1/10:  70%|██████▉   | 218/313 [00:04<00:02, 33.85it/s, loss=4.62]
Train Epoch 1/10:  70%|██████▉   | 218/313 [00:04<00:02, 33.85it/s, loss=4.6]
Train Epoch 1/10:  70%|██████▉   | 218/313 [00:04<00:02, 33.85it/s, loss=4.6]
Train Epoch 1/10:  70%|██████▉   | 218/313 [00:04<00:02, 33.85it/s, loss=4.61]
Train Epoch 1/10:  70%|██████▉   | 218/313 [00:04<00:02, 33.85it/s, loss=4.57]
Train Epoch 1/10:  71%|███████   | 222/313 [00:04<00:02, 33.12it/s, loss=4.57]
Train Epoch 1/10:  71%|███████   | 222/313 [00:04<00:02, 33.12it/s, loss=4.59]
Train Epoch 1/10:  71%|███████   | 222/313 [00:05<00:02, 33.12it/s, loss=4.57]
Train Epoch 1/10:  71%|███████   | 222/313 [00:05<00:02, 33.12it/s, loss=4.56]
Train Epoch 1/10:  71%|███████   | 222/313 [00:05<00:02, 33.12it/s, loss=4.6]
Train Epoch 1/10:  72%|███████▏  | 226/313 [00:05<00:02, 33.43it/s, loss=4.6]
Train Epoch 1/10:  72%|███████▏  | 226/313 [00:05<00:02, 33.43it/s, loss=4.58]
Train Epoch 1/10:  72%|███████▏  | 226/313 [00:05<00:02, 33.43it/s, loss=4.59]
Train Epoch 1/10:  72%|███████▏  | 226/313 [00:05<00:02, 33.43it/s, loss=4.6]
Train Epoch 1/10:  72%|███████▏  | 226/313 [00:05<00:02, 33.43it/s, loss=4.59]
Train Epoch 1/10:  73%|███████▎  | 230/313 [00:05<00:02, 34.58it/s, loss=4.59]
Train Epoch 1/10:  73%|███████▎  | 230/313 [00:05<00:02, 34.58it/s, loss=4.61]
Train Epoch 1/10:  73%|███████▎  | 230/313 [00:05<00:02, 34.58it/s, loss=4.58]
Train Epoch 1/10:  73%|███████▎  | 230/313 [00:05<00:02, 34.58it/s, loss=4.56]
Train Epoch 1/10:  73%|███████▎  | 230/313 [00:05<00:02, 34.58it/s, loss=4.57]
Train Epoch 1/10:  73%|███████▎  | 230/313 [00:05<00:02, 34.58it/s, loss=4.57]
Train Epoch 1/10:  75%|███████▌  | 235/313 [00:05<00:02, 36.37it/s, loss=4.57]
Train Epoch 1/10:  75%|███████▌  | 235/313 [00:05<00:02, 36.37it/s, loss=4.6]
Train Epoch 1/10:  75%|███████▌  | 235/313 [00:05<00:02, 36.37it/s, loss=4.59]
Train Epoch 1/10:  75%|███████▌  | 235/313 [00:05<00:02, 36.37it/s, loss=4.58]
Train Epoch 1/10:  75%|███████▌  | 235/313 [00:05<00:02, 36.37it/s, loss=4.58]
Train Epoch 1/10:  75%|███████▌  | 235/313 [00:05<00:02, 36.37it/s, loss=4.57]
Train Epoch 1/10:  77%|███████▋  | 240/313 [00:05<00:01, 38.23it/s, loss=4.57]
Train Epoch 1/10:  77%|███████▋  | 240/313 [00:05<00:01, 38.23it/s, loss=4.58]
Train Epoch 1/10:  77%|███████▋  | 240/313 [00:05<00:01, 38.23it/s, loss=4.62]
Train Epoch 1/10:  77%|███████▋  | 240/313 [00:05<00:01, 38.23it/s, loss=4.58]
Train Epoch 1/10:  77%|███████▋  | 240/313 [00:05<00:01, 38.23it/s, loss=4.6]
Train Epoch 1/10:  77%|███████▋  | 240/313 [00:05<00:01, 38.23it/s, loss=4.57]
Train Epoch 1/10:  78%|███████▊  | 245/313 [00:05<00:01, 40.40it/s, loss=4.57]
Train Epoch 1/10:  78%|███████▊  | 245/313 [00:05<00:01, 40.40it/s, loss=4.59]
Train Epoch 1/10:  78%|███████▊  | 245/313 [00:05<00:01, 40.40it/s, loss=4.59]
Train Epoch 1/10:  78%|███████▊  | 245/313 [00:05<00:01, 40.40it/s, loss=4.54]
Train Epoch 1/10:  78%|███████▊  | 245/313 [00:05<00:01, 40.40it/s, loss=4.59]
Train Epoch 1/10:  78%|███████▊  | 245/313 [00:05<00:01, 40.40it/s, loss=4.57]
Train Epoch 1/10:  80%|███████▉  | 250/313 [00:05<00:01, 39.43it/s, loss=4.57]
Train Epoch 1/10:  80%|███████▉  | 250/313 [00:05<00:01, 39.43it/s, loss=4.59]
Train Epoch 1/10:  80%|███████▉  | 250/313 [00:05<00:01, 39.43it/s, loss=4.61]
Train Epoch 1/10:  80%|███████▉  | 250/313 [00:05<00:01, 39.43it/s, loss=4.58]
Train Epoch 1/10:  80%|███████▉  | 250/313 [00:05<00:01, 39.43it/s, loss=4.61]
Train Epoch 1/10:  81%|████████  | 254/313 [00:05<00:01, 36.75it/s, loss=4.61]
Train Epoch 1/10:  81%|████████  | 254/313 [00:05<00:01, 36.75it/s, loss=4.58]
Train Epoch 1/10:  81%|████████  | 254/313 [00:05<00:01, 36.75it/s, loss=4.58]
Train Epoch 1/10:  81%|████████  | 254/313 [00:05<00:01, 36.75it/s, loss=4.57]
Train Epoch 1/10:  81%|████████  | 254/313 [00:05<00:01, 36.75it/s, loss=4.61]
Train Epoch 1/10:  82%|████████▏ | 258/313 [00:05<00:01, 36.62it/s, loss=4.61]
Train Epoch 1/10:  82%|████████▏ | 258/313 [00:05<00:01, 36.62it/s, loss=4.62]
Train Epoch 1/10:  82%|████████▏ | 258/313 [00:05<00:01, 36.62it/s, loss=4.61]
Train Epoch 1/10:  82%|████████▏ | 258/313 [00:05<00:01, 36.62it/s, loss=4.58]
Train Epoch 1/10:  82%|████████▏ | 258/313 [00:05<00:01, 36.62it/s, loss=4.61]
Train Epoch 1/10:  84%|████████▎ | 262/313 [00:05<00:01, 37.06it/s, loss=4.61]
Train Epoch 1/10:  84%|████████▎ | 262/313 [00:06<00:01, 37.06it/s, loss=4.55]
Train Epoch 1/10:  84%|████████▎ | 262/313 [00:06<00:01, 37.06it/s, loss=4.58]
Train Epoch 1/10:  84%|████████▎ | 262/313 [00:06<00:01, 37.06it/s, loss=4.59]
Train Epoch 1/10:  84%|████████▎ | 262/313 [00:06<00:01, 37.06it/s, loss=4.59]
Train Epoch 1/10:  84%|████████▎ | 262/313 [00:06<00:01, 37.06it/s, loss=4.57]
Train Epoch 1/10:  85%|████████▌ | 267/313 [00:06<00:01, 38.70it/s, loss=4.57]
Train Epoch 1/10:  85%|████████▌ | 267/313 [00:06<00:01, 38.70it/s, loss=4.58]
Train Epoch 1/10:  85%|████████▌ | 267/313 [00:06<00:01, 38.70it/s, loss=4.58]
Train Epoch 1/10:  85%|████████▌ | 267/313 [00:06<00:01, 38.70it/s, loss=4.58]
Train Epoch 1/10:  85%|████████▌ | 267/313 [00:06<00:01, 38.70it/s, loss=4.6]
Train Epoch 1/10:  85%|████████▌ | 267/313 [00:06<00:01, 38.70it/s, loss=4.59]
Train Epoch 1/10:  87%|████████▋ | 272/313 [00:06<00:01, 40.61it/s, loss=4.59]
Train Epoch 1/10:  87%|████████▋ | 272/313 [00:06<00:01, 40.61it/s, loss=4.58]
Train Epoch 1/10:  87%|████████▋ | 272/313 [00:06<00:01, 40.61it/s, loss=4.62]
Train Epoch 1/10:  87%|████████▋ | 272/313 [00:06<00:01, 40.61it/s, loss=4.59]
Train Epoch 1/10:  87%|████████▋ | 272/313 [00:06<00:01, 40.61it/s, loss=4.57]
Train Epoch 1/10:  87%|████████▋ | 272/313 [00:06<00:01, 40.61it/s, loss=4.58]
Train Epoch 1/10:  88%|████████▊ | 277/313 [00:06<00:00, 42.36it/s, loss=4.58]
Train Epoch 1/10:  88%|████████▊ | 277/313 [00:06<00:00, 42.36it/s, loss=4.58]
Train Epoch 1/10:  88%|████████▊ | 277/313 [00:06<00:00, 42.36it/s, loss=4.57]
Train Epoch 1/10:  88%|████████▊ | 277/313 [00:06<00:00, 42.36it/s, loss=4.6]
Train Epoch 1/10:  88%|████████▊ | 277/313 [00:06<00:00, 42.36it/s, loss=4.61]
Train Epoch 1/10:  88%|████████▊ | 277/313 [00:06<00:00, 42.36it/s, loss=4.6]
Train Epoch 1/10:  90%|█████████ | 282/313 [00:06<00:00, 43.70it/s, loss=4.6]
Train Epoch 1/10:  90%|█████████ | 282/313 [00:06<00:00, 43.70it/s, loss=4.58]
Train Epoch 1/10:  90%|█████████ | 282/313 [00:06<00:00, 43.70it/s, loss=4.57]
Train Epoch 1/10:  90%|█████████ | 282/313 [00:06<00:00, 43.70it/s, loss=4.6]
Train Epoch 1/10:  90%|█████████ | 282/313 [00:06<00:00, 43.70it/s, loss=4.56]
Train Epoch 1/10:  90%|█████████ | 282/313 [00:06<00:00, 43.70it/s, loss=4.57]
Train Epoch 1/10:  92%|█████████▏| 287/313 [00:06<00:00, 41.63it/s, loss=4.57]
Train Epoch 1/10:  92%|█████████▏| 287/313 [00:06<00:00, 41.63it/s, loss=4.63]
Train Epoch 1/10:  92%|█████████▏| 287/313 [00:06<00:00, 41.63it/s, loss=4.59]
Train Epoch 1/10:  92%|█████████▏| 287/313 [00:06<00:00, 41.63it/s, loss=4.59]
Train Epoch 1/10:  92%|█████████▏| 287/313 [00:06<00:00, 41.63it/s, loss=4.59]
Train Epoch 1/10:  92%|█████████▏| 287/313 [00:06<00:00, 41.63it/s, loss=4.62]
Train Epoch 1/10:  93%|█████████▎| 292/313 [00:06<00:00, 41.98it/s, loss=4.62]
Train Epoch 1/10:  93%|█████████▎| 292/313 [00:06<00:00, 41.98it/s, loss=4.61]
Train Epoch 1/10:  93%|█████████▎| 292/313 [00:06<00:00, 41.98it/s, loss=4.58]
Train Epoch 1/10:  93%|█████████▎| 292/313 [00:06<00:00, 41.98it/s, loss=4.63]
Train Epoch 1/10:  93%|█████████▎| 292/313 [00:06<00:00, 41.98it/s, loss=4.57]
Train Epoch 1/10:  93%|█████████▎| 292/313 [00:06<00:00, 41.98it/s, loss=4.59]
Train Epoch 1/10:  95%|█████████▍| 297/313 [00:06<00:00, 41.38it/s, loss=4.59]
Train Epoch 1/10:  95%|█████████▍| 297/313 [00:06<00:00, 41.38it/s, loss=4.61]
Train Epoch 1/10:  95%|█████████▍| 297/313 [00:06<00:00, 41.38it/s, loss=4.57]
Train Epoch 1/10:  95%|█████████▍| 297/313 [00:06<00:00, 41.38it/s, loss=4.57]
Train Epoch 1/10:  95%|█████████▍| 297/313 [00:06<00:00, 41.38it/s, loss=4.56]
Train Epoch 1/10:  95%|█████████▍| 297/313 [00:06<00:00, 41.38it/s, loss=4.58]
Train Epoch 1/10:  96%|█████████▋| 302/313 [00:06<00:00, 36.50it/s, loss=4.58]
Train Epoch 1/10:  96%|█████████▋| 302/313 [00:07<00:00, 36.50it/s, loss=4.58]
Train Epoch 1/10:  96%|█████████▋| 302/313 [00:07<00:00, 36.50it/s, loss=4.55]
Train Epoch 1/10:  96%|█████████▋| 302/313 [00:07<00:00, 36.50it/s, loss=4.61]
Train Epoch 1/10:  96%|█████████▋| 302/313 [00:07<00:00, 36.50it/s, loss=4.58]
Train Epoch 1/10:  98%|█████████▊| 306/313 [00:07<00:00, 36.65it/s, loss=4.58]
Train Epoch 1/10:  98%|█████████▊| 306/313 [00:07<00:00, 36.65it/s, loss=4.59]
Train Epoch 1/10:  98%|█████████▊| 306/313 [00:07<00:00, 36.65it/s, loss=4.58]
Train Epoch 1/10:  98%|█████████▊| 306/313 [00:07<00:00, 36.65it/s, loss=4.58]
Train Epoch 1/10:  98%|█████████▊| 306/313 [00:07<00:00, 36.65it/s, loss=4.62]
Train Epoch 1/10:  98%|█████████▊| 306/313 [00:07<00:00, 36.65it/s, loss=4.62]
Train Epoch 1/10:  99%|█████████▉| 311/313 [00:07<00:00, 38.02it/s, loss=4.62]
Train Epoch 1/10:  99%|█████████▉| 311/313 [00:07<00:00, 38.02it/s, loss=4.6]
Train Epoch 1/10:  99%|█████████▉| 311/313 [00:07<00:00, 38.02it/s, loss=4.6]
Train Epoch 1/10: 100%|██████████| 313/313 [00:07<00:00, 43.15it/s, loss=4.6]

Valid Epoch 1/10:   0%|          | 0/32 [00:00<?, ?it/s, acc=-, loss=-]
Valid Epoch 1/10:  34%|███▍      | 11/32 [00:00<00:00, 108.23it/s, acc=-, loss=-]
Valid Epoch 1/10:  69%|██████▉   | 22/32 [00:00<00:00, 107.39it/s, acc=-, loss=-]
Valid Epoch 1/10: 100%|██████████| 32/32 [00:00<00:00, 107.39it/s, valid/loss=4.58, valid/accuracy=0.011]
Valid Epoch 1/10: 100%|██████████| 32/32 [00:00<00:00, 107.67it/s, valid/loss=4.58, valid/accuracy=0.011]

Train Epoch 2/10:   0%|          | 0/313 [00:00<?, ?it/s]
Train Epoch 2/10:   0%|          | 0/313 [00:00<?, ?it/s, loss=4.57]
Train Epoch 2/10:   0%|          | 0/313 [00:00<?, ?it/s, loss=4.6]
Train Epoch 2/10:   0%|          | 0/313 [00:00<?, ?it/s, loss=4.54]
Train Epoch 2/10:   0%|          | 0/313 [00:00<?, ?it/s, loss=4.59]
Train Epoch 2/10:   1%|▏         | 4/313 [00:00<00:07, 38.82it/s, loss=4.59]
Train Epoch 2/10:   1%|▏         | 4/313 [00:00<00:07, 38.82it/s, loss=4.6]
Train Epoch 2/10:   1%|▏         | 4/313 [00:00<00:07, 38.82it/s, loss=4.6]
Train Epoch 2/10:   1%|▏         | 4/313 [00:00<00:07, 38.82it/s, loss=4.57]
Train Epoch 2/10:   1%|▏         | 4/313 [00:00<00:07, 38.82it/s, loss=4.58]
Train Epoch 2/10:   3%|▎         | 8/313 [00:00<00:07, 39.43it/s, loss=4.58]
Train Epoch 2/10:   3%|▎         | 8/313 [00:00<00:07, 39.43it/s, loss=4.58]
Train Epoch 2/10:   3%|▎         | 8/313 [00:00<00:07, 39.43it/s, loss=4.57]
Train Epoch 2/10:   3%|▎         | 8/313 [00:00<00:07, 39.43it/s, loss=4.6]
Train Epoch 2/10:   3%|▎         | 8/313 [00:00<00:07, 39.43it/s, loss=4.55]
Train Epoch 2/10:   4%|▍         | 12/313 [00:00<00:07, 39.14it/s, loss=4.55]
Train Epoch 2/10:   4%|▍         | 12/313 [00:00<00:07, 39.14it/s, loss=4.58]
Train Epoch 2/10:   4%|▍         | 12/313 [00:00<00:07, 39.14it/s, loss=4.58]
Train Epoch 2/10:   4%|▍         | 12/313 [00:00<00:07, 39.14it/s, loss=4.59]
Train Epoch 2/10:   4%|▍         | 12/313 [00:00<00:07, 39.14it/s, loss=4.57]
Train Epoch 2/10:   5%|▌         | 16/313 [00:00<00:07, 38.56it/s, loss=4.57]
Train Epoch 2/10:   5%|▌         | 16/313 [00:00<00:07, 38.56it/s, loss=4.58]
Train Epoch 2/10:   5%|▌         | 16/313 [00:00<00:07, 38.56it/s, loss=4.56]
Train Epoch 2/10:   5%|▌         | 16/313 [00:00<00:07, 38.56it/s, loss=4.59]
Train Epoch 2/10:   5%|▌         | 16/313 [00:00<00:07, 38.56it/s, loss=4.58]
Train Epoch 2/10:   5%|▌         | 16/313 [00:00<00:07, 38.56it/s, loss=4.6]
Train Epoch 2/10:   7%|▋         | 21/313 [00:00<00:07, 39.39it/s, loss=4.6]
Train Epoch 2/10:   7%|▋         | 21/313 [00:00<00:07, 39.39it/s, loss=4.6]
Train Epoch 2/10:   7%|▋         | 21/313 [00:00<00:07, 39.39it/s, loss=4.59]
Train Epoch 2/10:   7%|▋         | 21/313 [00:00<00:07, 39.39it/s, loss=4.61]
Train Epoch 2/10:   7%|▋         | 21/313 [00:00<00:07, 39.39it/s, loss=4.58]
Train Epoch 2/10:   7%|▋         | 21/313 [00:00<00:07, 39.39it/s, loss=4.59]
Train Epoch 2/10:   8%|▊         | 26/313 [00:00<00:07, 40.74it/s, loss=4.59]
Train Epoch 2/10:   8%|▊         | 26/313 [00:00<00:07, 40.74it/s, loss=4.56]
Train Epoch 2/10:   8%|▊         | 26/313 [00:00<00:07, 40.74it/s, loss=4.56]
Train Epoch 2/10:   8%|▊         | 26/313 [00:00<00:07, 40.74it/s, loss=4.56]
Train Epoch 2/10:   8%|▊         | 26/313 [00:00<00:07, 40.74it/s, loss=4.58]
Train Epoch 2/10:   8%|▊         | 26/313 [00:00<00:07, 40.74it/s, loss=4.59]
Train Epoch 2/10:  10%|▉         | 31/313 [00:00<00:06, 41.58it/s, loss=4.59]
Train Epoch 2/10:  10%|▉         | 31/313 [00:00<00:06, 41.58it/s, loss=4.59]
Train Epoch 2/10:  10%|▉         | 31/313 [00:00<00:06, 41.58it/s, loss=4.59]
Train Epoch 2/10:  10%|▉         | 31/313 [00:00<00:06, 41.58it/s, loss=4.59]
Train Epoch 2/10:  10%|▉         | 31/313 [00:00<00:06, 41.58it/s, loss=4.59]
Train Epoch 2/10:  10%|▉         | 31/313 [00:00<00:06, 41.58it/s, loss=4.59]
Train Epoch 2/10:  12%|█▏        | 36/313 [00:00<00:06, 43.26it/s, loss=4.59]
Train Epoch 2/10:  12%|█▏        | 36/313 [00:00<00:06, 43.26it/s, loss=4.58]
Train Epoch 2/10:  12%|█▏        | 36/313 [00:00<00:06, 43.26it/s, loss=4.6]
Train Epoch 2/10:  12%|█▏        | 36/313 [00:00<00:06, 43.26it/s, loss=4.6]
Train Epoch 2/10:  12%|█▏        | 36/313 [00:00<00:06, 43.26it/s, loss=4.6]
Train Epoch 2/10:  12%|█▏        | 36/313 [00:00<00:06, 43.26it/s, loss=4.59]
Train Epoch 2/10:  13%|█▎        | 41/313 [00:00<00:06, 44.12it/s, loss=4.59]
Train Epoch 2/10:  13%|█▎        | 41/313 [00:01<00:06, 44.12it/s, loss=4.58]
Train Epoch 2/10:  13%|█▎        | 41/313 [00:01<00:06, 44.12it/s, loss=4.59]
Train Epoch 2/10:  13%|█▎        | 41/313 [00:01<00:06, 44.12it/s, loss=4.57]
Train Epoch 2/10:  13%|█▎        | 41/313 [00:01<00:06, 44.12it/s, loss=4.59]
Train Epoch 2/10:  13%|█▎        | 41/313 [00:01<00:06, 44.12it/s, loss=4.58]
Train Epoch 2/10:  15%|█▍        | 46/313 [00:01<00:05, 45.48it/s, loss=4.58]
Train Epoch 2/10:  15%|█▍        | 46/313 [00:01<00:05, 45.48it/s, loss=4.54]
Train Epoch 2/10:  15%|█▍        | 46/313 [00:01<00:05, 45.48it/s, loss=4.6]
Train Epoch 2/10:  15%|█▍        | 46/313 [00:01<00:05, 45.48it/s, loss=4.59]
Train Epoch 2/10:  15%|█▍        | 46/313 [00:01<00:05, 45.48it/s, loss=4.57]
Train Epoch 2/10:  15%|█▍        | 46/313 [00:01<00:05, 45.48it/s, loss=4.57]
Train Epoch 2/10:  16%|█▋        | 51/313 [00:01<00:05, 46.64it/s, loss=4.57]
Train Epoch 2/10:  16%|█▋        | 51/313 [00:01<00:05, 46.64it/s, loss=4.57]
Train Epoch 2/10:  16%|█▋        | 51/313 [00:01<00:05, 46.64it/s, loss=4.59]
Train Epoch 2/10:  16%|█▋        | 51/313 [00:01<00:05, 46.64it/s, loss=4.57]
Train Epoch 2/10:  16%|█▋        | 51/313 [00:01<00:05, 46.64it/s, loss=4.59]
Train Epoch 2/10:  16%|█▋        | 51/313 [00:01<00:05, 46.64it/s, loss=4.58]
Train Epoch 2/10:  16%|█▋        | 51/313 [00:01<00:05, 46.64it/s, loss=4.59]
Train Epoch 2/10:  18%|█▊        | 57/313 [00:01<00:05, 48.33it/s, loss=4.59]
Train Epoch 2/10:  18%|█▊        | 57/313 [00:01<00:05, 48.33it/s, loss=4.6]
Train Epoch 2/10:  18%|█▊        | 57/313 [00:01<00:05, 48.33it/s, loss=4.58]
Train Epoch 2/10:  18%|█▊        | 57/313 [00:01<00:05, 48.33it/s, loss=4.59]
Train Epoch 2/10:  18%|█▊        | 57/313 [00:01<00:05, 48.33it/s, loss=4.58]
Train Epoch 2/10:  18%|█▊        | 57/313 [00:01<00:05, 48.33it/s, loss=4.59]
Train Epoch 2/10:  18%|█▊        | 57/313 [00:01<00:05, 48.33it/s, loss=4.59]
Train Epoch 2/10:  20%|██        | 63/313 [00:01<00:05, 48.97it/s, loss=4.59]
Train Epoch 2/10:  20%|██        | 63/313 [00:01<00:05, 48.97it/s, loss=4.59]
Train Epoch 2/10:  20%|██        | 63/313 [00:01<00:05, 48.97it/s, loss=4.59]
Train Epoch 2/10:  20%|██        | 63/313 [00:01<00:05, 48.97it/s, loss=4.57]
Train Epoch 2/10:  20%|██        | 63/313 [00:01<00:05, 48.97it/s, loss=4.58]
Train Epoch 2/10:  20%|██        | 63/313 [00:01<00:05, 48.97it/s, loss=4.58]
Train Epoch 2/10:  22%|██▏       | 68/313 [00:01<00:06, 38.49it/s, loss=4.58]
Train Epoch 2/10:  22%|██▏       | 68/313 [00:01<00:06, 38.49it/s, loss=4.57]
Train Epoch 2/10:  22%|██▏       | 68/313 [00:01<00:06, 38.49it/s, loss=4.59]
Train Epoch 2/10:  22%|██▏       | 68/313 [00:01<00:06, 38.49it/s, loss=4.59]
Train Epoch 2/10:  22%|██▏       | 68/313 [00:01<00:06, 38.49it/s, loss=4.56]
Train Epoch 2/10:  22%|██▏       | 68/313 [00:01<00:06, 38.49it/s, loss=4.6]
Train Epoch 2/10:  23%|██▎       | 73/313 [00:01<00:07, 30.97it/s, loss=4.6]
Train Epoch 2/10:  23%|██▎       | 73/313 [00:01<00:07, 30.97it/s, loss=4.59]
Train Epoch 2/10:  23%|██▎       | 73/313 [00:01<00:07, 30.97it/s, loss=4.58]
Train Epoch 2/10:  23%|██▎       | 73/313 [00:01<00:07, 30.97it/s, loss=4.59]
Train Epoch 2/10:  23%|██▎       | 73/313 [00:02<00:07, 30.97it/s, loss=4.57]
Train Epoch 2/10:  25%|██▍       | 77/313 [00:02<00:08, 28.44it/s, loss=4.57]
Train Epoch 2/10:  25%|██▍       | 77/313 [00:02<00:08, 28.44it/s, loss=4.58]
Train Epoch 2/10:  25%|██▍       | 77/313 [00:02<00:08, 28.44it/s, loss=4.58]
Train Epoch 2/10:  25%|██▍       | 77/313 [00:02<00:08, 28.44it/s, loss=4.58]
Train Epoch 2/10:  25%|██▍       | 77/313 [00:02<00:08, 28.44it/s, loss=4.6]
Train Epoch 2/10:  26%|██▌       | 81/313 [00:02<00:09, 24.54it/s, loss=4.6]
Train Epoch 2/10:  26%|██▌       | 81/313 [00:02<00:09, 24.54it/s, loss=4.6]
Train Epoch 2/10:  26%|██▌       | 81/313 [00:02<00:09, 24.54it/s, loss=4.61]
Train Epoch 2/10:  26%|██▌       | 81/313 [00:02<00:09, 24.54it/s, loss=4.6]
Train Epoch 2/10:  27%|██▋       | 84/313 [00:02<00:09, 23.27it/s, loss=4.6]
Train Epoch 2/10:  27%|██▋       | 84/313 [00:02<00:09, 23.27it/s, loss=4.54]
Train Epoch 2/10:  27%|██▋       | 84/313 [00:02<00:09, 23.27it/s, loss=4.59]
Train Epoch 2/10:  27%|██▋       | 84/313 [00:02<00:09, 23.27it/s, loss=4.56]
Train Epoch 2/10:  28%|██▊       | 87/313 [00:02<00:09, 22.71it/s, loss=4.56]
Train Epoch 2/10:  28%|██▊       | 87/313 [00:02<00:09, 22.71it/s, loss=4.6]
Train Epoch 2/10:  28%|██▊       | 87/313 [00:02<00:09, 22.71it/s, loss=4.6]
Train Epoch 2/10:  28%|██▊       | 87/313 [00:02<00:09, 22.71it/s, loss=4.6]
Train Epoch 2/10:  29%|██▉       | 90/313 [00:02<00:09, 22.47it/s, loss=4.6]
Train Epoch 2/10:  29%|██▉       | 90/313 [00:02<00:09, 22.47it/s, loss=4.58]
Train Epoch 2/10:  29%|██▉       | 90/313 [00:02<00:09, 22.47it/s, loss=4.6]
Train Epoch 2/10:  29%|██▉       | 90/313 [00:02<00:09, 22.47it/s, loss=4.6]
Train Epoch 2/10:  30%|██▉       | 93/313 [00:02<00:09, 22.24it/s, loss=4.6]
Train Epoch 2/10:  30%|██▉       | 93/313 [00:02<00:09, 22.24it/s, loss=4.6]
Train Epoch 2/10:  30%|██▉       | 93/313 [00:02<00:09, 22.24it/s, loss=4.59]
Train Epoch 2/10:  30%|██▉       | 93/313 [00:02<00:09, 22.24it/s, loss=4.59]
Train Epoch 2/10:  31%|███       | 96/313 [00:02<00:09, 22.18it/s, loss=4.59]
Train Epoch 2/10:  31%|███       | 96/313 [00:03<00:09, 22.18it/s, loss=4.57]
Train Epoch 2/10:  31%|███       | 96/313 [00:03<00:09, 22.18it/s, loss=4.59]
Train Epoch 2/10:  31%|███       | 96/313 [00:03<00:09, 22.18it/s, loss=4.56]
Train Epoch 2/10:  32%|███▏      | 99/313 [00:03<00:09, 22.75it/s, loss=4.56]
Train Epoch 2/10:  32%|███▏      | 99/313 [00:03<00:09, 22.75it/s, loss=4.58]
Train Epoch 2/10:  32%|███▏      | 99/313 [00:03<00:09, 22.75it/s, loss=4.57]
Train Epoch 2/10:  32%|███▏      | 99/313 [00:03<00:09, 22.75it/s, loss=4.55]
Train Epoch 2/10:  33%|███▎      | 102/313 [00:03<00:09, 23.01it/s, loss=4.55]
Train Epoch 2/10:  33%|███▎      | 102/313 [00:03<00:09, 23.01it/s, loss=4.58]
Train Epoch 2/10:  33%|███▎      | 102/313 [00:03<00:09, 23.01it/s, loss=4.57]
Train Epoch 2/10:  33%|███▎      | 102/313 [00:03<00:09, 23.01it/s, loss=4.56]
Train Epoch 2/10:  33%|███▎      | 102/313 [00:03<00:09, 23.01it/s, loss=4.59]
Train Epoch 2/10:  34%|███▍      | 106/313 [00:03<00:08, 25.36it/s, loss=4.59]
Train Epoch 2/10:  34%|███▍      | 106/313 [00:03<00:08, 25.36it/s, loss=4.57]
Train Epoch 2/10:  34%|███▍      | 106/313 [00:03<00:08, 25.36it/s, loss=4.6]
Train Epoch 2/10:  34%|███▍      | 106/313 [00:03<00:08, 25.36it/s, loss=4.6]
Train Epoch 2/10:  34%|███▍      | 106/313 [00:03<00:08, 25.36it/s, loss=4.58]
Train Epoch 2/10:  35%|███▌      | 110/313 [00:03<00:07, 28.10it/s, loss=4.58]
Train Epoch 2/10:  35%|███▌      | 110/313 [00:03<00:07, 28.10it/s, loss=4.55]
Train Epoch 2/10:  35%|███▌      | 110/313 [00:03<00:07, 28.10it/s, loss=4.57]
Train Epoch 2/10:  35%|███▌      | 110/313 [00:03<00:07, 28.10it/s, loss=4.61]
Train Epoch 2/10:  35%|███▌      | 110/313 [00:03<00:07, 28.10it/s, loss=4.56]
Train Epoch 2/10:  36%|███▋      | 114/313 [00:03<00:06, 30.76it/s, loss=4.56]
Train Epoch 2/10:  36%|███▋      | 114/313 [00:03<00:06, 30.76it/s, loss=4.58]
Train Epoch 2/10:  36%|███▋      | 114/313 [00:03<00:06, 30.76it/s, loss=4.61]
Train Epoch 2/10:  36%|███▋      | 114/313 [00:03<00:06, 30.76it/s, loss=4.58]
Train Epoch 2/10:  36%|███▋      | 114/313 [00:03<00:06, 30.76it/s, loss=4.56]
Train Epoch 2/10:  36%|███▋      | 114/313 [00:03<00:06, 30.76it/s, loss=4.59]
Train Epoch 2/10:  38%|███▊      | 119/313 [00:03<00:05, 34.22it/s, loss=4.59]
Train Epoch 2/10:  38%|███▊      | 119/313 [00:03<00:05, 34.22it/s, loss=4.56]
Train Epoch 2/10:  38%|███▊      | 119/313 [00:03<00:05, 34.22it/s, loss=4.58]
Train Epoch 2/10:  38%|███▊      | 119/313 [00:03<00:05, 34.22it/s, loss=4.62]
Train Epoch 2/10:  38%|███▊      | 119/313 [00:03<00:05, 34.22it/s, loss=4.6]
Train Epoch 2/10:  38%|███▊      | 119/313 [00:03<00:05, 34.22it/s, loss=4.58]
Train Epoch 2/10:  40%|███▉      | 124/313 [00:03<00:05, 37.05it/s, loss=4.58]
Train Epoch 2/10:  40%|███▉      | 124/313 [00:03<00:05, 37.05it/s, loss=4.58]
Train Epoch 2/10:  40%|███▉      | 124/313 [00:03<00:05, 37.05it/s, loss=4.57]
Train Epoch 2/10:  40%|███▉      | 124/313 [00:03<00:05, 37.05it/s, loss=4.6]
Train Epoch 2/10:  40%|███▉      | 124/313 [00:03<00:05, 37.05it/s, loss=4.58]
Train Epoch 2/10:  40%|███▉      | 124/313 [00:03<00:05, 37.05it/s, loss=4.59]
Train Epoch 2/10:  41%|████      | 129/313 [00:03<00:04, 39.45it/s, loss=4.59]
Train Epoch 2/10:  41%|████      | 129/313 [00:03<00:04, 39.45it/s, loss=4.58]
Train Epoch 2/10:  41%|████      | 129/313 [00:03<00:04, 39.45it/s, loss=4.61]
Train Epoch 2/10:  41%|████      | 129/313 [00:03<00:04, 39.45it/s, loss=4.57]
Train Epoch 2/10:  41%|████      | 129/313 [00:03<00:04, 39.45it/s, loss=4.62]
Train Epoch 2/10:  41%|████      | 129/313 [00:04<00:04, 39.45it/s, loss=4.56]
Train Epoch 2/10:  43%|████▎     | 134/313 [00:04<00:04, 41.59it/s, loss=4.56]
Train Epoch 2/10:  43%|████▎     | 134/313 [00:04<00:04, 41.59it/s, loss=4.59]
Train Epoch 2/10:  43%|████▎     | 134/313 [00:04<00:04, 41.59it/s, loss=4.57]
Train Epoch 2/10:  43%|████▎     | 134/313 [00:04<00:04, 41.59it/s, loss=4.58]
Train Epoch 2/10:  43%|████▎     | 134/313 [00:04<00:04, 41.59it/s, loss=4.58]
Train Epoch 2/10:  43%|████▎     | 134/313 [00:04<00:04, 41.59it/s, loss=4.6]
Train Epoch 2/10:  44%|████▍     | 139/313 [00:04<00:04, 43.15it/s, loss=4.6]
Train Epoch 2/10:  44%|████▍     | 139/313 [00:04<00:04, 43.15it/s, loss=4.57]
Train Epoch 2/10:  44%|████▍     | 139/313 [00:04<00:04, 43.15it/s, loss=4.58]
Train Epoch 2/10:  44%|████▍     | 139/313 [00:04<00:04, 43.15it/s, loss=4.57]
Train Epoch 2/10:  44%|████▍     | 139/313 [00:04<00:04, 43.15it/s, loss=4.6]
Train Epoch 2/10:  44%|████▍     | 139/313 [00:04<00:04, 43.15it/s, loss=4.6]
Train Epoch 2/10:  46%|████▌     | 144/313 [00:04<00:03, 44.34it/s, loss=4.6]
Train Epoch 2/10:  46%|████▌     | 144/313 [00:04<00:03, 44.34it/s, loss=4.56]
Train Epoch 2/10:  46%|████▌     | 144/313 [00:04<00:03, 44.34it/s, loss=4.59]
Train Epoch 2/10:  46%|████▌     | 144/313 [00:04<00:03, 44.34it/s, loss=4.57]
Train Epoch 2/10:  46%|████▌     | 144/313 [00:04<00:03, 44.34it/s, loss=4.57]
Train Epoch 2/10:  46%|████▌     | 144/313 [00:04<00:03, 44.34it/s, loss=4.55]
Train Epoch 2/10:  48%|████▊     | 149/313 [00:04<00:03, 45.34it/s, loss=4.55]
Train Epoch 2/10:  48%|████▊     | 149/313 [00:04<00:03, 45.34it/s, loss=4.6]
Train Epoch 2/10:  48%|████▊     | 149/313 [00:04<00:03, 45.34it/s, loss=4.6]
Train Epoch 2/10:  48%|████▊     | 149/313 [00:04<00:03, 45.34it/s, loss=4.58]
Train Epoch 2/10:  48%|████▊     | 149/313 [00:04<00:03, 45.34it/s, loss=4.57]
Train Epoch 2/10:  48%|████▊     | 149/313 [00:04<00:03, 45.34it/s, loss=4.57]
Train Epoch 2/10:  49%|████▉     | 154/313 [00:04<00:03, 45.86it/s, loss=4.57]
Train Epoch 2/10:  49%|████▉     | 154/313 [00:04<00:03, 45.86it/s, loss=4.58]
Train Epoch 2/10:  49%|████▉     | 154/313 [00:04<00:03, 45.86it/s, loss=4.57]
Train Epoch 2/10:  49%|████▉     | 154/313 [00:04<00:03, 45.86it/s, loss=4.57]
Train Epoch 2/10:  49%|████▉     | 154/313 [00:04<00:03, 45.86it/s, loss=4.59]
Train Epoch 2/10:  49%|████▉     | 154/313 [00:04<00:03, 45.86it/s, loss=4.55]
Train Epoch 2/10:  51%|█████     | 159/313 [00:04<00:03, 46.49it/s, loss=4.55]
Train Epoch 2/10:  51%|█████     | 159/313 [00:04<00:03, 46.49it/s, loss=4.57]
Train Epoch 2/10:  51%|█████     | 159/313 [00:04<00:03, 46.49it/s, loss=4.59]
Train Epoch 2/10:  51%|█████     | 159/313 [00:04<00:03, 46.49it/s, loss=4.57]
Train Epoch 2/10:  51%|█████     | 159/313 [00:04<00:03, 46.49it/s, loss=4.56]
Train Epoch 2/10:  51%|█████     | 159/313 [00:04<00:03, 46.49it/s, loss=4.61]
Train Epoch 2/10:  52%|█████▏    | 164/313 [00:04<00:03, 44.78it/s, loss=4.61]
Train Epoch 2/10:  52%|█████▏    | 164/313 [00:04<00:03, 44.78it/s, loss=4.61]
Train Epoch 2/10:  52%|█████▏    | 164/313 [00:04<00:03, 44.78it/s, loss=4.6]
Train Epoch 2/10:  52%|█████▏    | 164/313 [00:04<00:03, 44.78it/s, loss=4.61]
Train Epoch 2/10:  52%|█████▏    | 164/313 [00:04<00:03, 44.78it/s, loss=4.57]
Train Epoch 2/10:  52%|█████▏    | 164/313 [00:04<00:03, 44.78it/s, loss=4.6]
Train Epoch 2/10:  54%|█████▍    | 169/313 [00:04<00:03, 42.73it/s, loss=4.6]
Train Epoch 2/10:  54%|█████▍    | 169/313 [00:04<00:03, 42.73it/s, loss=4.61]
Train Epoch 2/10:  54%|█████▍    | 169/313 [00:04<00:03, 42.73it/s, loss=4.57]
Train Epoch 2/10:  54%|█████▍    | 169/313 [00:04<00:03, 42.73it/s, loss=4.56]
Train Epoch 2/10:  54%|█████▍    | 169/313 [00:04<00:03, 42.73it/s, loss=4.59]
Train Epoch 2/10:  54%|█████▍    | 169/313 [00:04<00:03, 42.73it/s, loss=4.6]
Train Epoch 2/10:  56%|█████▌    | 174/313 [00:04<00:03, 39.62it/s, loss=4.6]
Train Epoch 2/10:  56%|█████▌    | 174/313 [00:04<00:03, 39.62it/s, loss=4.59]
Train Epoch 2/10:  56%|█████▌    | 174/313 [00:04<00:03, 39.62it/s, loss=4.56]
Train Epoch 2/10:  56%|█████▌    | 174/313 [00:05<00:03, 39.62it/s, loss=4.57]
Train Epoch 2/10:  56%|█████▌    | 174/313 [00:05<00:03, 39.62it/s, loss=4.59]
Train Epoch 2/10:  56%|█████▌    | 174/313 [00:05<00:03, 39.62it/s, loss=4.57]
Train Epoch 2/10:  57%|█████▋    | 179/313 [00:05<00:03, 39.24it/s, loss=4.57]
Train Epoch 2/10:  57%|█████▋    | 179/313 [00:05<00:03, 39.24it/s, loss=4.59]
Train Epoch 2/10:  57%|█████▋    | 179/313 [00:05<00:03, 39.24it/s, loss=4.57]
Train Epoch 2/10:  57%|█████▋    | 179/313 [00:05<00:03, 39.24it/s, loss=4.6]
Train Epoch 2/10:  57%|█████▋    | 179/313 [00:05<00:03, 39.24it/s, loss=4.58]
Train Epoch 2/10:  57%|█████▋    | 179/313 [00:05<00:03, 39.24it/s, loss=4.59]
Train Epoch 2/10:  59%|█████▉    | 184/313 [00:05<00:03, 39.92it/s, loss=4.59]
Train Epoch 2/10:  59%|█████▉    | 184/313 [00:05<00:03, 39.92it/s, loss=4.61]
Train Epoch 2/10:  59%|█████▉    | 184/313 [00:05<00:03, 39.92it/s, loss=4.56]
Train Epoch 2/10:  59%|█████▉    | 184/313 [00:05<00:03, 39.92it/s, loss=4.59]
Train Epoch 2/10:  59%|█████▉    | 184/313 [00:05<00:03, 39.92it/s, loss=4.57]
Train Epoch 2/10:  59%|█████▉    | 184/313 [00:05<00:03, 39.92it/s, loss=4.58]
Train Epoch 2/10:  60%|██████    | 189/313 [00:05<00:03, 35.61it/s, loss=4.58]
Train Epoch 2/10:  60%|██████    | 189/313 [00:05<00:03, 35.61it/s, loss=4.6]
Train Epoch 2/10:  60%|██████    | 189/313 [00:05<00:03, 35.61it/s, loss=4.58]
Train Epoch 2/10:  60%|██████    | 189/313 [00:05<00:03, 35.61it/s, loss=4.56]
Train Epoch 2/10:  60%|██████    | 189/313 [00:05<00:03, 35.61it/s, loss=4.58]
Train Epoch 2/10:  62%|██████▏   | 193/313 [00:05<00:03, 32.54it/s, loss=4.58]
Train Epoch 2/10:  62%|██████▏   | 193/313 [00:05<00:03, 32.54it/s, loss=4.55]
Train Epoch 2/10:  62%|██████▏   | 193/313 [00:05<00:03, 32.54it/s, loss=4.56]
Train Epoch 2/10:  62%|██████▏   | 193/313 [00:05<00:03, 32.54it/s, loss=4.57]
Train Epoch 2/10:  62%|██████▏   | 193/313 [00:05<00:03, 32.54it/s, loss=4.57]
Train Epoch 2/10:  63%|██████▎   | 197/313 [00:05<00:03, 30.03it/s, loss=4.57]
Train Epoch 2/10:  63%|██████▎   | 197/313 [00:05<00:03, 30.03it/s, loss=4.56]
Train Epoch 2/10:  63%|██████▎   | 197/313 [00:05<00:03, 30.03it/s, loss=4.6]
Train Epoch 2/10:  63%|██████▎   | 197/313 [00:05<00:03, 30.03it/s, loss=4.58]
Train Epoch 2/10:  63%|██████▎   | 197/313 [00:05<00:03, 30.03it/s, loss=4.6]
Train Epoch 2/10:  64%|██████▍   | 201/313 [00:05<00:04, 27.75it/s, loss=4.6]
Train Epoch 2/10:  64%|██████▍   | 201/313 [00:05<00:04, 27.75it/s, loss=4.58]
Train Epoch 2/10:  64%|██████▍   | 201/313 [00:05<00:04, 27.75it/s, loss=4.57]
Train Epoch 2/10:  64%|██████▍   | 201/313 [00:05<00:04, 27.75it/s, loss=4.58]
Train Epoch 2/10:  65%|██████▌   | 204/313 [00:05<00:03, 27.32it/s, loss=4.58]
Train Epoch 2/10:  65%|██████▌   | 204/313 [00:06<00:03, 27.32it/s, loss=4.59]
Train Epoch 2/10:  65%|██████▌   | 204/313 [00:06<00:03, 27.32it/s, loss=4.57]
Train Epoch 2/10:  65%|██████▌   | 204/313 [00:06<00:03, 27.32it/s, loss=4.61]
Train Epoch 2/10:  66%|██████▌   | 207/313 [00:06<00:04, 26.38it/s, loss=4.61]
Train Epoch 2/10:  66%|██████▌   | 207/313 [00:06<00:04, 26.38it/s, loss=4.58]
Train Epoch 2/10:  66%|██████▌   | 207/313 [00:06<00:04, 26.38it/s, loss=4.58]
Train Epoch 2/10:  66%|██████▌   | 207/313 [00:06<00:04, 26.38it/s, loss=4.56]
Train Epoch 2/10:  67%|██████▋   | 210/313 [00:06<00:03, 26.59it/s, loss=4.56]
Train Epoch 2/10:  67%|██████▋   | 210/313 [00:06<00:03, 26.59it/s, loss=4.61]
Train Epoch 2/10:  67%|██████▋   | 210/313 [00:06<00:03, 26.59it/s, loss=4.58]
Train Epoch 2/10:  67%|██████▋   | 210/313 [00:06<00:03, 26.59it/s, loss=4.59]
Train Epoch 2/10:  67%|██████▋   | 210/313 [00:06<00:03, 26.59it/s, loss=4.58]
Train Epoch 2/10:  68%|██████▊   | 214/313 [00:06<00:03, 28.11it/s, loss=4.58]
Train Epoch 2/10:  68%|██████▊   | 214/313 [00:06<00:03, 28.11it/s, loss=4.59]
Train Epoch 2/10:  68%|██████▊   | 214/313 [00:06<00:03, 28.11it/s, loss=4.57]
Train Epoch 2/10:  68%|██████▊   | 214/313 [00:06<00:03, 28.11it/s, loss=4.6]
Train Epoch 2/10:  68%|██████▊   | 214/313 [00:06<00:03, 28.11it/s, loss=4.61]
Train Epoch 2/10:  70%|██████▉   | 218/313 [00:06<00:03, 30.72it/s, loss=4.61]
Train Epoch 2/10:  70%|██████▉   | 218/313 [00:06<00:03, 30.72it/s, loss=4.59]
Train Epoch 2/10:  70%|██████▉   | 218/313 [00:06<00:03, 30.72it/s, loss=4.6]
Train Epoch 2/10:  70%|██████▉   | 218/313 [00:06<00:03, 30.72it/s, loss=4.59]
Train Epoch 2/10:  70%|██████▉   | 218/313 [00:06<00:03, 30.72it/s, loss=4.57]
Train Epoch 2/10:  71%|███████   | 222/313 [00:06<00:02, 32.97it/s, loss=4.57]
Train Epoch 2/10:  71%|███████   | 222/313 [00:06<00:02, 32.97it/s, loss=4.58]
Train Epoch 2/10:  71%|███████   | 222/313 [00:06<00:02, 32.97it/s, loss=4.57]
Train Epoch 2/10:  71%|███████   | 222/313 [00:06<00:02, 32.97it/s, loss=4.56]
Train Epoch 2/10:  71%|███████   | 222/313 [00:06<00:02, 32.97it/s, loss=4.59]
Train Epoch 2/10:  71%|███████   | 222/313 [00:06<00:02, 32.97it/s, loss=4.58]
Train Epoch 2/10:  73%|███████▎  | 227/313 [00:06<00:02, 35.77it/s, loss=4.58]
Train Epoch 2/10:  73%|███████▎  | 227/313 [00:06<00:02, 35.77it/s, loss=4.58]
Train Epoch 2/10:  73%|███████▎  | 227/313 [00:06<00:02, 35.77it/s, loss=4.59]
Train Epoch 2/10:  73%|███████▎  | 227/313 [00:06<00:02, 35.77it/s, loss=4.58]
Train Epoch 2/10:  73%|███████▎  | 227/313 [00:06<00:02, 35.77it/s, loss=4.6]
Train Epoch 2/10:  73%|███████▎  | 227/313 [00:06<00:02, 35.77it/s, loss=4.58]
Train Epoch 2/10:  74%|███████▍  | 232/313 [00:06<00:02, 38.40it/s, loss=4.58]
Train Epoch 2/10:  74%|███████▍  | 232/313 [00:06<00:02, 38.40it/s, loss=4.56]
Train Epoch 2/10:  74%|███████▍  | 232/313 [00:06<00:02, 38.40it/s, loss=4.57]
Train Epoch 2/10:  74%|███████▍  | 232/313 [00:06<00:02, 38.40it/s, loss=4.56]
Train Epoch 2/10:  74%|███████▍  | 232/313 [00:06<00:02, 38.40it/s, loss=4.59]
Train Epoch 2/10:  74%|███████▍  | 232/313 [00:06<00:02, 38.40it/s, loss=4.59]
Train Epoch 2/10:  76%|███████▌  | 237/313 [00:06<00:01, 40.39it/s, loss=4.59]
Train Epoch 2/10:  76%|███████▌  | 237/313 [00:06<00:01, 40.39it/s, loss=4.57]
Train Epoch 2/10:  76%|███████▌  | 237/313 [00:06<00:01, 40.39it/s, loss=4.57]
Train Epoch 2/10:  76%|███████▌  | 237/313 [00:06<00:01, 40.39it/s, loss=4.56]
Train Epoch 2/10:  76%|███████▌  | 237/313 [00:06<00:01, 40.39it/s, loss=4.57]
Train Epoch 2/10:  76%|███████▌  | 237/313 [00:06<00:01, 40.39it/s, loss=4.6]
Train Epoch 2/10:  77%|███████▋  | 242/313 [00:06<00:01, 42.18it/s, loss=4.6]
Train Epoch 2/10:  77%|███████▋  | 242/313 [00:07<00:01, 42.18it/s, loss=4.58]
Train Epoch 2/10:  77%|███████▋  | 242/313 [00:07<00:01, 42.18it/s, loss=4.59]
Train Epoch 2/10:  77%|███████▋  | 242/313 [00:07<00:01, 42.18it/s, loss=4.57]
Train Epoch 2/10:  77%|███████▋  | 242/313 [00:07<00:01, 42.18it/s, loss=4.58]
Train Epoch 2/10:  77%|███████▋  | 242/313 [00:07<00:01, 42.18it/s, loss=4.58]
Train Epoch 2/10:  79%|███████▉  | 247/313 [00:07<00:01, 43.27it/s, loss=4.58]
Train Epoch 2/10:  79%|███████▉  | 247/313 [00:07<00:01, 43.27it/s, loss=4.54]
Train Epoch 2/10:  79%|███████▉  | 247/313 [00:07<00:01, 43.27it/s, loss=4.59]
Train Epoch 2/10:  79%|███████▉  | 247/313 [00:07<00:01, 43.27it/s, loss=4.57]
Train Epoch 2/10:  79%|███████▉  | 247/313 [00:07<00:01, 43.27it/s, loss=4.58]
Train Epoch 2/10:  79%|███████▉  | 247/313 [00:07<00:01, 43.27it/s, loss=4.59]
Train Epoch 2/10:  81%|████████  | 252/313 [00:07<00:01, 44.39it/s, loss=4.59]
Train Epoch 2/10:  81%|████████  | 252/313 [00:07<00:01, 44.39it/s, loss=4.57]
Train Epoch 2/10:  81%|████████  | 252/313 [00:07<00:01, 44.39it/s, loss=4.6]
Train Epoch 2/10:  81%|████████  | 252/313 [00:07<00:01, 44.39it/s, loss=4.57]
Train Epoch 2/10:  81%|████████  | 252/313 [00:07<00:01, 44.39it/s, loss=4.57]
Train Epoch 2/10:  81%|████████  | 252/313 [00:07<00:01, 44.39it/s, loss=4.57]
Train Epoch 2/10:  82%|████████▏ | 257/313 [00:07<00:01, 45.34it/s, loss=4.57]
Train Epoch 2/10:  82%|████████▏ | 257/313 [00:07<00:01, 45.34it/s, loss=4.6]
Train Epoch 2/10:  82%|████████▏ | 257/313 [00:07<00:01, 45.34it/s, loss=4.62]
Train Epoch 2/10:  82%|████████▏ | 257/313 [00:07<00:01, 45.34it/s, loss=4.6]
Train Epoch 2/10:  82%|████████▏ | 257/313 [00:07<00:01, 45.34it/s, loss=4.59]
Train Epoch 2/10:  82%|████████▏ | 257/313 [00:07<00:01, 45.34it/s, loss=4.61]
Train Epoch 2/10:  84%|████████▎ | 262/313 [00:07<00:01, 46.02it/s, loss=4.61]
Train Epoch 2/10:  84%|████████▎ | 262/313 [00:07<00:01, 46.02it/s, loss=4.55]
Train Epoch 2/10:  84%|████████▎ | 262/313 [00:07<00:01, 46.02it/s, loss=4.57]
Train Epoch 2/10:  84%|████████▎ | 262/313 [00:07<00:01, 46.02it/s, loss=4.58]
Train Epoch 2/10:  84%|████████▎ | 262/313 [00:07<00:01, 46.02it/s, loss=4.59]
Train Epoch 2/10:  84%|████████▎ | 262/313 [00:07<00:01, 46.02it/s, loss=4.55]
Train Epoch 2/10:  85%|████████▌ | 267/313 [00:07<00:00, 46.51it/s, loss=4.55]
Train Epoch 2/10:  85%|████████▌ | 267/313 [00:07<00:00, 46.51it/s, loss=4.58]
Train Epoch 2/10:  85%|████████▌ | 267/313 [00:07<00:00, 46.51it/s, loss=4.57]
Train Epoch 2/10:  85%|████████▌ | 267/313 [00:07<00:00, 46.51it/s, loss=4.57]
Train Epoch 2/10:  85%|████████▌ | 267/313 [00:07<00:00, 46.51it/s, loss=4.59]
Train Epoch 2/10:  85%|████████▌ | 267/313 [00:07<00:00, 46.51it/s, loss=4.58]
Train Epoch 2/10:  87%|████████▋ | 272/313 [00:07<00:00, 46.86it/s, loss=4.58]
Train Epoch 2/10:  87%|████████▋ | 272/313 [00:07<00:00, 46.86it/s, loss=4.58]
Train Epoch 2/10:  87%|████████▋ | 272/313 [00:07<00:00, 46.86it/s, loss=4.61]
Train Epoch 2/10:  87%|████████▋ | 272/313 [00:07<00:00, 46.86it/s, loss=4.58]
Train Epoch 2/10:  87%|████████▋ | 272/313 [00:07<00:00, 46.86it/s, loss=4.56]
Train Epoch 2/10:  87%|████████▋ | 272/313 [00:07<00:00, 46.86it/s, loss=4.57]
Train Epoch 2/10:  88%|████████▊ | 277/313 [00:07<00:00, 47.10it/s, loss=4.57]
Train Epoch 2/10:  88%|████████▊ | 277/313 [00:07<00:00, 47.10it/s, loss=4.58]
Train Epoch 2/10:  88%|████████▊ | 277/313 [00:07<00:00, 47.10it/s, loss=4.57]
Train Epoch 2/10:  88%|████████▊ | 277/313 [00:07<00:00, 47.10it/s, loss=4.59]
Train Epoch 2/10:  88%|████████▊ | 277/313 [00:07<00:00, 47.10it/s, loss=4.6]
Train Epoch 2/10:  88%|████████▊ | 277/313 [00:07<00:00, 47.10it/s, loss=4.59]
Train Epoch 2/10:  90%|█████████ | 282/313 [00:07<00:00, 47.27it/s, loss=4.59]
Train Epoch 2/10:  90%|█████████ | 282/313 [00:07<00:00, 47.27it/s, loss=4.58]
Train Epoch 2/10:  90%|█████████ | 282/313 [00:07<00:00, 47.27it/s, loss=4.57]
Train Epoch 2/10:  90%|█████████ | 282/313 [00:07<00:00, 47.27it/s, loss=4.59]
Train Epoch 2/10:  90%|█████████ | 282/313 [00:07<00:00, 47.27it/s, loss=4.56]
Train Epoch 2/10:  90%|█████████ | 282/313 [00:07<00:00, 47.27it/s, loss=4.56]
Train Epoch 2/10:  92%|█████████▏| 287/313 [00:07<00:00, 47.17it/s, loss=4.56]
Train Epoch 2/10:  92%|█████████▏| 287/313 [00:07<00:00, 47.17it/s, loss=4.61]
Train Epoch 2/10:  92%|█████████▏| 287/313 [00:07<00:00, 47.17it/s, loss=4.59]
Train Epoch 2/10:  92%|█████████▏| 287/313 [00:07<00:00, 47.17it/s, loss=4.58]
Train Epoch 2/10:  92%|█████████▏| 287/313 [00:08<00:00, 47.17it/s, loss=4.58]
Train Epoch 2/10:  92%|█████████▏| 287/313 [00:08<00:00, 47.17it/s, loss=4.61]
Train Epoch 2/10:  93%|█████████▎| 292/313 [00:08<00:00, 47.33it/s, loss=4.61]
Train Epoch 2/10:  93%|█████████▎| 292/313 [00:08<00:00, 47.33it/s, loss=4.6]
Train Epoch 2/10:  93%|█████████▎| 292/313 [00:08<00:00, 47.33it/s, loss=4.57]
Train Epoch 2/10:  93%|█████████▎| 292/313 [00:08<00:00, 47.33it/s, loss=4.62]
Train Epoch 2/10:  93%|█████████▎| 292/313 [00:08<00:00, 47.33it/s, loss=4.56]
Train Epoch 2/10:  93%|█████████▎| 292/313 [00:08<00:00, 47.33it/s, loss=4.58]
Train Epoch 2/10:  95%|█████████▍| 297/313 [00:08<00:00, 47.44it/s, loss=4.58]
Train Epoch 2/10:  95%|█████████▍| 297/313 [00:08<00:00, 47.44it/s, loss=4.59]
Train Epoch 2/10:  95%|█████████▍| 297/313 [00:08<00:00, 47.44it/s, loss=4.57]
Train Epoch 2/10:  95%|█████████▍| 297/313 [00:08<00:00, 47.44it/s, loss=4.56]
Train Epoch 2/10:  95%|█████████▍| 297/313 [00:08<00:00, 47.44it/s, loss=4.56]
Train Epoch 2/10:  95%|█████████▍| 297/313 [00:08<00:00, 47.44it/s, loss=4.58]
Train Epoch 2/10:  96%|█████████▋| 302/313 [00:08<00:00, 47.43it/s, loss=4.58]
Train Epoch 2/10:  96%|█████████▋| 302/313 [00:08<00:00, 47.43it/s, loss=4.57]
Train Epoch 2/10:  96%|█████████▋| 302/313 [00:08<00:00, 47.43it/s, loss=4.55]
Train Epoch 2/10:  96%|█████████▋| 302/313 [00:08<00:00, 47.43it/s, loss=4.6]
Train Epoch 2/10:  96%|█████████▋| 302/313 [00:08<00:00, 47.43it/s, loss=4.57]
Train Epoch 2/10:  96%|█████████▋| 302/313 [00:08<00:00, 47.43it/s, loss=4.58]
Train Epoch 2/10:  98%|█████████▊| 307/313 [00:08<00:00, 47.52it/s, loss=4.58]
Train Epoch 2/10:  98%|█████████▊| 307/313 [00:08<00:00, 47.52it/s, loss=4.58]
Train Epoch 2/10:  98%|█████████▊| 307/313 [00:08<00:00, 47.52it/s, loss=4.57]
Train Epoch 2/10:  98%|█████████▊| 307/313 [00:08<00:00, 47.52it/s, loss=4.61]
Train Epoch 2/10:  98%|█████████▊| 307/313 [00:08<00:00, 47.52it/s, loss=4.61]
Train Epoch 2/10:  98%|█████████▊| 307/313 [00:08<00:00, 47.52it/s, loss=4.59]
Train Epoch 2/10: 100%|█████████▉| 312/313 [00:08<00:00, 47.58it/s, loss=4.59]
Train Epoch 2/10: 100%|█████████▉| 312/313 [00:08<00:00, 47.58it/s, loss=4.59]
Train Epoch 2/10: 100%|██████████| 313/313 [00:08<00:00, 36.91it/s, loss=4.59]

Valid Epoch 2/10:   0%|          | 0/32 [00:00<?, ?it/s, acc=-, loss=-]
Valid Epoch 2/10:  31%|███▏      | 10/32 [00:00<00:00, 99.30it/s, acc=-, loss=-]
Valid Epoch 2/10:  66%|██████▌   | 21/32 [00:00<00:00, 102.80it/s, acc=-, loss=-]
Valid Epoch 2/10: 100%|██████████| 32/32 [00:00<00:00, 105.61it/s, acc=-, loss=-]
Valid Epoch 2/10: 100%|██████████| 32/32 [00:00<00:00, 105.61it/s, valid/loss=4.58, valid/accuracy=0.011]
Valid Epoch 2/10: 100%|██████████| 32/32 [00:00<00:00, 103.70it/s, valid/loss=4.58, valid/accuracy=0.011]

Train Epoch 3/10:   0%|          | 0/313 [00:00<?, ?it/s]
Train Epoch 3/10:   0%|          | 0/313 [00:00<?, ?it/s, loss=4.57]
Train Epoch 3/10:   0%|          | 0/313 [00:00<?, ?it/s, loss=4.59]
Train Epoch 3/10:   0%|          | 0/313 [00:00<?, ?it/s, loss=4.54]
Train Epoch 3/10:   0%|          | 0/313 [00:00<?, ?it/s, loss=4.58]
Train Epoch 3/10:   0%|          | 0/313 [00:00<?, ?it/s, loss=4.59]
Train Epoch 3/10:   0%|          | 0/313 [00:00<?, ?it/s, loss=4.6]
Train Epoch 3/10:   2%|▏         | 6/313 [00:00<00:07, 42.96it/s, loss=4.6]
Train Epoch 3/10:   2%|▏         | 6/313 [00:00<00:07, 42.96it/s, loss=4.57]
Train Epoch 3/10:   2%|▏         | 6/313 [00:00<00:07, 42.96it/s, loss=4.57]
Train Epoch 3/10:   2%|▏         | 6/313 [00:00<00:07, 42.96it/s, loss=4.57]
Train Epoch 3/10:   2%|▏         | 6/313 [00:00<00:07, 42.96it/s, loss=4.57]
Train Epoch 3/10:   2%|▏         | 6/313 [00:00<00:07, 42.96it/s, loss=4.6]
Train Epoch 3/10:   4%|▎         | 11/313 [00:00<00:09, 30.55it/s, loss=4.6]
Train Epoch 3/10:   4%|▎         | 11/313 [00:00<00:09, 30.55it/s, loss=4.55]
Train Epoch 3/10:   4%|▎         | 11/313 [00:00<00:09, 30.55it/s, loss=4.58]
Train Epoch 3/10:   4%|▎         | 11/313 [00:00<00:09, 30.55it/s, loss=4.57]
Train Epoch 3/10:   4%|▎         | 11/313 [00:00<00:09, 30.55it/s, loss=4.58]
Train Epoch 3/10:   5%|▍         | 15/313 [00:00<00:10, 27.86it/s, loss=4.58]
Train Epoch 3/10:   5%|▍         | 15/313 [00:00<00:10, 27.86it/s, loss=4.57]
Train Epoch 3/10:   5%|▍         | 15/313 [00:00<00:10, 27.86it/s, loss=4.57]
Train Epoch 3/10:   5%|▍         | 15/313 [00:00<00:10, 27.86it/s, loss=4.55]
Train Epoch 3/10:   5%|▍         | 15/313 [00:00<00:10, 27.86it/s, loss=4.58]
Train Epoch 3/10:   6%|▌         | 19/313 [00:00<00:10, 29.05it/s, loss=4.58]
Train Epoch 3/10:   6%|▌         | 19/313 [00:00<00:10, 29.05it/s, loss=4.57]
Train Epoch 3/10:   6%|▌         | 19/313 [00:00<00:10, 29.05it/s, loss=4.59]
Train Epoch 3/10:   6%|▌         | 19/313 [00:00<00:10, 29.05it/s, loss=4.59]
Train Epoch 3/10:   6%|▌         | 19/313 [00:00<00:10, 29.05it/s, loss=4.58]
Train Epoch 3/10:   7%|▋         | 23/313 [00:00<00:09, 30.57it/s, loss=4.58]
Train Epoch 3/10:   7%|▋         | 23/313 [00:00<00:09, 30.57it/s, loss=4.6]
Train Epoch 3/10:   7%|▋         | 23/313 [00:00<00:09, 30.57it/s, loss=4.57]
Train Epoch 3/10:   7%|▋         | 23/313 [00:00<00:09, 30.57it/s, loss=4.57]
Train Epoch 3/10:   7%|▋         | 23/313 [00:00<00:09, 30.57it/s, loss=4.56]
Train Epoch 3/10:   9%|▊         | 27/313 [00:00<00:08, 32.84it/s, loss=4.56]
Train Epoch 3/10:   9%|▊         | 27/313 [00:00<00:08, 32.84it/s, loss=4.56]
Train Epoch 3/10:   9%|▊         | 27/313 [00:00<00:08, 32.84it/s, loss=4.56]
Train Epoch 3/10:   9%|▊         | 27/313 [00:00<00:08, 32.84it/s, loss=4.57]
Train Epoch 3/10:   9%|▊         | 27/313 [00:00<00:08, 32.84it/s, loss=4.57]
Train Epoch 3/10:   9%|▊         | 27/313 [00:00<00:08, 32.84it/s, loss=4.59]
Train Epoch 3/10:  10%|█         | 32/313 [00:00<00:07, 35.34it/s, loss=4.59]
Train Epoch 3/10:  10%|█         | 32/313 [00:00<00:07, 35.34it/s, loss=4.58]
Train Epoch 3/10:  10%|█         | 32/313 [00:01<00:07, 35.34it/s, loss=4.58]
Train Epoch 3/10:  10%|█         | 32/313 [00:01<00:07, 35.34it/s, loss=4.57]
Train Epoch 3/10:  10%|█         | 32/313 [00:01<00:07, 35.34it/s, loss=4.57]
Train Epoch 3/10:  10%|█         | 32/313 [00:01<00:07, 35.34it/s, loss=4.59]
Train Epoch 3/10:  12%|█▏        | 37/313 [00:01<00:07, 38.66it/s, loss=4.59]
Train Epoch 3/10:  12%|█▏        | 37/313 [00:01<00:07, 38.66it/s, loss=4.59]
Train Epoch 3/10:  12%|█▏        | 37/313 [00:01<00:07, 38.66it/s, loss=4.59]
Train Epoch 3/10:  12%|█▏        | 37/313 [00:01<00:07, 38.66it/s, loss=4.6]
Train Epoch 3/10:  12%|█▏        | 37/313 [00:01<00:07, 38.66it/s, loss=4.58]
Train Epoch 3/10:  13%|█▎        | 41/313 [00:01<00:07, 38.51it/s, loss=4.58]
Train Epoch 3/10:  13%|█▎        | 41/313 [00:01<00:07, 38.51it/s, loss=4.58]
Train Epoch 3/10:  13%|█▎        | 41/313 [00:01<00:07, 38.51it/s, loss=4.58]
Train Epoch 3/10:  13%|█▎        | 41/313 [00:01<00:07, 38.51it/s, loss=4.56]
Train Epoch 3/10:  13%|█▎        | 41/313 [00:01<00:07, 38.51it/s, loss=4.58]
Train Epoch 3/10:  14%|█▍        | 45/313 [00:01<00:08, 31.84it/s, loss=4.58]
Train Epoch 3/10:  14%|█▍        | 45/313 [00:01<00:08, 31.84it/s, loss=4.58]
Train Epoch 3/10:  14%|█▍        | 45/313 [00:01<00:08, 31.84it/s, loss=4.53]
Train Epoch 3/10:  14%|█▍        | 45/313 [00:01<00:08, 31.84it/s, loss=4.59]
Train Epoch 3/10:  14%|█▍        | 45/313 [00:01<00:08, 31.84it/s, loss=4.57]
Train Epoch 3/10:  16%|█▌        | 49/313 [00:01<00:09, 28.02it/s, loss=4.57]
Train Epoch 3/10:  16%|█▌        | 49/313 [00:01<00:09, 28.02it/s, loss=4.56]
Train Epoch 3/10:  16%|█▌        | 49/313 [00:01<00:09, 28.02it/s, loss=4.56]
Train Epoch 3/10:  16%|█▌        | 49/313 [00:01<00:09, 28.02it/s, loss=4.57]
Train Epoch 3/10:  16%|█▌        | 49/313 [00:01<00:09, 28.02it/s, loss=4.58]
Train Epoch 3/10:  17%|█▋        | 53/313 [00:01<00:09, 27.40it/s, loss=4.58]
Train Epoch 3/10:  17%|█▋        | 53/313 [00:01<00:09, 27.40it/s, loss=4.56]
Train Epoch 3/10:  17%|█▋        | 53/313 [00:01<00:09, 27.40it/s, loss=4.59]
Train Epoch 3/10:  17%|█▋        | 53/313 [00:01<00:09, 27.40it/s, loss=4.57]
Train Epoch 3/10:  17%|█▋        | 53/313 [00:01<00:09, 27.40it/s, loss=4.58]
Train Epoch 3/10:  18%|█▊        | 57/313 [00:01<00:08, 28.93it/s, loss=4.58]
Train Epoch 3/10:  18%|█▊        | 57/313 [00:01<00:08, 28.93it/s, loss=4.59]
Train Epoch 3/10:  18%|█▊        | 57/313 [00:01<00:08, 28.93it/s, loss=4.57]
Train Epoch 3/10:  18%|█▊        | 57/313 [00:01<00:08, 28.93it/s, loss=4.58]
Train Epoch 3/10:  18%|█▊        | 57/313 [00:01<00:08, 28.93it/s, loss=4.58]
Train Epoch 3/10:  19%|█▉        | 61/313 [00:01<00:08, 31.05it/s, loss=4.58]
Train Epoch 3/10:  19%|█▉        | 61/313 [00:01<00:08, 31.05it/s, loss=4.59]
Train Epoch 3/10:  19%|█▉        | 61/313 [00:01<00:08, 31.05it/s, loss=4.58]
Train Epoch 3/10:  19%|█▉        | 61/313 [00:02<00:08, 31.05it/s, loss=4.58]
Train Epoch 3/10:  19%|█▉        | 61/313 [00:02<00:08, 31.05it/s, loss=4.58]
Train Epoch 3/10:  21%|██        | 65/313 [00:02<00:07, 33.09it/s, loss=4.58]
Train Epoch 3/10:  21%|██        | 65/313 [00:02<00:07, 33.09it/s, loss=4.56]
Train Epoch 3/10:  21%|██        | 65/313 [00:02<00:07, 33.09it/s, loss=4.57]
Train Epoch 3/10:  21%|██        | 65/313 [00:02<00:07, 33.09it/s, loss=4.56]
Train Epoch 3/10:  21%|██        | 65/313 [00:02<00:07, 33.09it/s, loss=4.55]
Train Epoch 3/10:  21%|██        | 65/313 [00:02<00:07, 33.09it/s, loss=4.59]
Train Epoch 3/10:  22%|██▏       | 70/313 [00:02<00:06, 35.94it/s, loss=4.59]
Train Epoch 3/10:  22%|██▏       | 70/313 [00:02<00:06, 35.94it/s, loss=4.57]
Train Epoch 3/10:  22%|██▏       | 70/313 [00:02<00:06, 35.94it/s, loss=4.56]
Train Epoch 3/10:  22%|██▏       | 70/313 [00:02<00:06, 35.94it/s, loss=4.59]
Train Epoch 3/10:  22%|██▏       | 70/313 [00:02<00:06, 35.94it/s, loss=4.58]
Train Epoch 3/10:  22%|██▏       | 70/313 [00:02<00:06, 35.94it/s, loss=4.58]
Train Epoch 3/10:  24%|██▍       | 75/313 [00:02<00:06, 38.58it/s, loss=4.58]
Train Epoch 3/10:  24%|██▍       | 75/313 [00:02<00:06, 38.58it/s, loss=4.58]
Train Epoch 3/10:  24%|██▍       | 75/313 [00:02<00:06, 38.58it/s, loss=4.56]
Train Epoch 3/10:  24%|██▍       | 75/313 [00:02<00:06, 38.58it/s, loss=4.57]
Train Epoch 3/10:  24%|██▍       | 75/313 [00:02<00:06, 38.58it/s, loss=4.57]
Train Epoch 3/10:  24%|██▍       | 75/313 [00:02<00:06, 38.58it/s, loss=4.57]
Train Epoch 3/10:  26%|██▌       | 80/313 [00:02<00:05, 40.76it/s, loss=4.57]
Train Epoch 3/10:  26%|██▌       | 80/313 [00:02<00:05, 40.76it/s, loss=4.58]
Train Epoch 3/10:  26%|██▌       | 80/313 [00:02<00:05, 40.76it/s, loss=4.56]
Train Epoch 3/10:  26%|██▌       | 80/313 [00:02<00:05, 40.76it/s, loss=4.59]
Train Epoch 3/10:  26%|██▌       | 80/313 [00:02<00:05, 40.76it/s, loss=4.58]
Train Epoch 3/10:  26%|██▌       | 80/313 [00:02<00:05, 40.76it/s, loss=4.53]
Train Epoch 3/10:  27%|██▋       | 85/313 [00:02<00:05, 42.58it/s, loss=4.53]
Train Epoch 3/10:  27%|██▋       | 85/313 [00:02<00:05, 42.58it/s, loss=4.57]
Train Epoch 3/10:  27%|██▋       | 85/313 [00:02<00:05, 42.58it/s, loss=4.54]
Train Epoch 3/10:  27%|██▋       | 85/313 [00:02<00:05, 42.58it/s, loss=4.57]
Train Epoch 3/10:  27%|██▋       | 85/313 [00:02<00:05, 42.58it/s, loss=4.58]
Train Epoch 3/10:  27%|██▋       | 85/313 [00:02<00:05, 42.58it/s, loss=4.58]
Train Epoch 3/10:  29%|██▉       | 90/313 [00:02<00:05, 43.92it/s, loss=4.58]
Train Epoch 3/10:  29%|██▉       | 90/313 [00:02<00:05, 43.92it/s, loss=4.55]
Train Epoch 3/10:  29%|██▉       | 90/313 [00:02<00:05, 43.92it/s, loss=4.56]
Train Epoch 3/10:  29%|██▉       | 90/313 [00:02<00:05, 43.92it/s, loss=4.59]
Train Epoch 3/10:  29%|██▉       | 90/313 [00:02<00:05, 43.92it/s, loss=4.58]
Train Epoch 3/10:  29%|██▉       | 90/313 [00:02<00:05, 43.92it/s, loss=4.57]
Train Epoch 3/10:  30%|███       | 95/313 [00:02<00:04, 44.93it/s, loss=4.57]
Train Epoch 3/10:  30%|███       | 95/313 [00:02<00:04, 44.93it/s, loss=4.53]
Train Epoch 3/10:  30%|███       | 95/313 [00:02<00:04, 44.93it/s, loss=4.55]
Train Epoch 3/10:  30%|███       | 95/313 [00:02<00:04, 44.93it/s, loss=4.55]
Train Epoch 3/10:  30%|███       | 95/313 [00:02<00:04, 44.93it/s, loss=4.56]
Train Epoch 3/10:  30%|███       | 95/313 [00:02<00:04, 44.93it/s, loss=4.52]
Train Epoch 3/10:  32%|███▏      | 100/313 [00:02<00:04, 45.82it/s, loss=4.52]
Train Epoch 3/10:  32%|███▏      | 100/313 [00:02<00:04, 45.82it/s, loss=4.52]
Train Epoch 3/10:  32%|███▏      | 100/313 [00:02<00:04, 45.82it/s, loss=4.5]
Train Epoch 3/10:  32%|███▏      | 100/313 [00:02<00:04, 45.82it/s, loss=4.51]
Train Epoch 3/10:  32%|███▏      | 100/313 [00:02<00:04, 45.82it/s, loss=4.45]
Train Epoch 3/10:  32%|███▏      | 100/313 [00:02<00:04, 45.82it/s, loss=4.47]
Train Epoch 3/10:  34%|███▎      | 105/313 [00:02<00:04, 46.45it/s, loss=4.47]
Train Epoch 3/10:  34%|███▎      | 105/313 [00:02<00:04, 46.45it/s, loss=4.43]
Train Epoch 3/10:  34%|███▎      | 105/313 [00:02<00:04, 46.45it/s, loss=4.46]
Train Epoch 3/10:  34%|███▎      | 105/313 [00:02<00:04, 46.45it/s, loss=4.51]
Train Epoch 3/10:  34%|███▎      | 105/313 [00:02<00:04, 46.45it/s, loss=4.53]
Train Epoch 3/10:  34%|███▎      | 105/313 [00:03<00:04, 46.45it/s, loss=4.44]
Train Epoch 3/10:  35%|███▌      | 110/313 [00:03<00:04, 43.69it/s, loss=4.44]
Train Epoch 3/10:  35%|███▌      | 110/313 [00:03<00:04, 43.69it/s, loss=4.52]
Train Epoch 3/10:  35%|███▌      | 110/313 [00:03<00:04, 43.69it/s, loss=4.48]
Train Epoch 3/10:  35%|███▌      | 110/313 [00:03<00:04, 43.69it/s, loss=4.49]
Train Epoch 3/10:  35%|███▌      | 110/313 [00:03<00:04, 43.69it/s, loss=4.45]
Train Epoch 3/10:  35%|███▌      | 110/313 [00:03<00:04, 43.69it/s, loss=4.42]
Train Epoch 3/10:  37%|███▋      | 115/313 [00:03<00:04, 39.83it/s, loss=4.42]
Train Epoch 3/10:  37%|███▋      | 115/313 [00:03<00:04, 39.83it/s, loss=4.49]
Train Epoch 3/10:  37%|███▋      | 115/313 [00:03<00:04, 39.83it/s, loss=4.42]
Train Epoch 3/10:  37%|███▋      | 115/313 [00:03<00:04, 39.83it/s, loss=4.42]
Train Epoch 3/10:  37%|███▋      | 115/313 [00:03<00:04, 39.83it/s, loss=4.49]
Train Epoch 3/10:  37%|███▋      | 115/313 [00:03<00:04, 39.83it/s, loss=4.43]
Train Epoch 3/10:  38%|███▊      | 120/313 [00:03<00:05, 32.35it/s, loss=4.43]
Train Epoch 3/10:  38%|███▊      | 120/313 [00:03<00:05, 32.35it/s, loss=4.42]
Train Epoch 3/10:  38%|███▊      | 120/313 [00:03<00:05, 32.35it/s, loss=4.42]
Train Epoch 3/10:  38%|███▊      | 120/313 [00:03<00:05, 32.35it/s, loss=4.49]
Train Epoch 3/10:  38%|███▊      | 120/313 [00:03<00:05, 32.35it/s, loss=4.39]
Train Epoch 3/10:  40%|███▉      | 124/313 [00:03<00:06, 28.35it/s, loss=4.39]
Train Epoch 3/10:  40%|███▉      | 124/313 [00:03<00:06, 28.35it/s, loss=4.42]
Train Epoch 3/10:  40%|███▉      | 124/313 [00:03<00:06, 28.35it/s, loss=4.43]
Train Epoch 3/10:  40%|███▉      | 124/313 [00:03<00:06, 28.35it/s, loss=4.46]
Train Epoch 3/10:  40%|███▉      | 124/313 [00:03<00:06, 28.35it/s, loss=4.47]
Train Epoch 3/10:  41%|████      | 128/313 [00:03<00:06, 28.74it/s, loss=4.47]
Train Epoch 3/10:  41%|████      | 128/313 [00:03<00:06, 28.74it/s, loss=4.46]
Train Epoch 3/10:  41%|████      | 128/313 [00:03<00:06, 28.74it/s, loss=4.39]
Train Epoch 3/10:  41%|████      | 128/313 [00:03<00:06, 28.74it/s, loss=4.43]
Train Epoch 3/10:  41%|████      | 128/313 [00:03<00:06, 28.74it/s, loss=4.41]
Train Epoch 3/10:  42%|████▏     | 132/313 [00:03<00:06, 29.97it/s, loss=4.41]
Train Epoch 3/10:  42%|████▏     | 132/313 [00:03<00:06, 29.97it/s, loss=4.43]
Train Epoch 3/10:  42%|████▏     | 132/313 [00:03<00:06, 29.97it/s, loss=4.42]
Train Epoch 3/10:  42%|████▏     | 132/313 [00:03<00:06, 29.97it/s, loss=4.39]
Train Epoch 3/10:  42%|████▏     | 132/313 [00:03<00:06, 29.97it/s, loss=4.45]
Train Epoch 3/10:  43%|████▎     | 136/313 [00:03<00:06, 29.43it/s, loss=4.45]
Train Epoch 3/10:  43%|████▎     | 136/313 [00:04<00:06, 29.43it/s, loss=4.41]
Train Epoch 3/10:  43%|████▎     | 136/313 [00:04<00:06, 29.43it/s, loss=4.38]
Train Epoch 3/10:  43%|████▎     | 136/313 [00:04<00:06, 29.43it/s, loss=4.41]
Train Epoch 3/10:  43%|████▎     | 136/313 [00:04<00:06, 29.43it/s, loss=4.41]
Train Epoch 3/10:  45%|████▍     | 140/313 [00:04<00:06, 28.05it/s, loss=4.41]
Train Epoch 3/10:  45%|████▍     | 140/313 [00:04<00:06, 28.05it/s, loss=4.32]
Train Epoch 3/10:  45%|████▍     | 140/313 [00:04<00:06, 28.05it/s, loss=4.35]
Train Epoch 3/10:  45%|████▍     | 140/313 [00:04<00:06, 28.05it/s, loss=4.4]
Train Epoch 3/10:  45%|████▍     | 140/313 [00:04<00:06, 28.05it/s, loss=4.4]
Train Epoch 3/10:  46%|████▌     | 144/313 [00:04<00:05, 29.46it/s, loss=4.4]
Train Epoch 3/10:  46%|████▌     | 144/313 [00:04<00:05, 29.46it/s, loss=4.33]
Train Epoch 3/10:  46%|████▌     | 144/313 [00:04<00:05, 29.46it/s, loss=4.4]
Train Epoch 3/10:  46%|████▌     | 144/313 [00:04<00:05, 29.46it/s, loss=4.37]
Train Epoch 3/10:  46%|████▌     | 144/313 [00:04<00:05, 29.46it/s, loss=4.47]
Train Epoch 3/10:  47%|████▋     | 148/313 [00:04<00:05, 31.74it/s, loss=4.47]
Train Epoch 3/10:  47%|████▋     | 148/313 [00:04<00:05, 31.74it/s, loss=4.36]
Train Epoch 3/10:  47%|████▋     | 148/313 [00:04<00:05, 31.74it/s, loss=4.38]
Train Epoch 3/10:  47%|████▋     | 148/313 [00:04<00:05, 31.74it/s, loss=4.37]
Train Epoch 3/10:  47%|████▋     | 148/313 [00:04<00:05, 31.74it/s, loss=4.35]
Train Epoch 3/10:  49%|████▊     | 152/313 [00:04<00:04, 33.78it/s, loss=4.35]
Train Epoch 3/10:  49%|████▊     | 152/313 [00:04<00:04, 33.78it/s, loss=4.35]
Train Epoch 3/10:  49%|████▊     | 152/313 [00:04<00:04, 33.78it/s, loss=4.35]
Train Epoch 3/10:  49%|████▊     | 152/313 [00:04<00:04, 33.78it/s, loss=4.37]
Train Epoch 3/10:  49%|████▊     | 152/313 [00:04<00:04, 33.78it/s, loss=4.39]
Train Epoch 3/10:  49%|████▊     | 152/313 [00:04<00:04, 33.78it/s, loss=4.35]
Train Epoch 3/10:  50%|█████     | 157/313 [00:04<00:04, 36.50it/s, loss=4.35]
Train Epoch 3/10:  50%|█████     | 157/313 [00:04<00:04, 36.50it/s, loss=4.39]
Train Epoch 3/10:  50%|█████     | 157/313 [00:04<00:04, 36.50it/s, loss=4.34]
Train Epoch 3/10:  50%|█████     | 157/313 [00:04<00:04, 36.50it/s, loss=4.35]
Train Epoch 3/10:  50%|█████     | 157/313 [00:04<00:04, 36.50it/s, loss=4.36]
Train Epoch 3/10:  50%|█████     | 157/313 [00:04<00:04, 36.50it/s, loss=4.35]
Train Epoch 3/10:  52%|█████▏    | 162/313 [00:04<00:03, 38.80it/s, loss=4.35]
Train Epoch 3/10:  52%|█████▏    | 162/313 [00:04<00:03, 38.80it/s, loss=4.36]
Train Epoch 3/10:  52%|█████▏    | 162/313 [00:04<00:03, 38.80it/s, loss=4.34]
Train Epoch 3/10:  52%|█████▏    | 162/313 [00:04<00:03, 38.80it/s, loss=4.35]
Train Epoch 3/10:  52%|█████▏    | 162/313 [00:04<00:03, 38.80it/s, loss=4.33]
Train Epoch 3/10:  52%|█████▏    | 162/313 [00:04<00:03, 38.80it/s, loss=4.36]
Train Epoch 3/10:  53%|█████▎    | 167/313 [00:04<00:03, 40.64it/s, loss=4.36]
Train Epoch 3/10:  53%|█████▎    | 167/313 [00:04<00:03, 40.64it/s, loss=4.3]
Train Epoch 3/10:  53%|█████▎    | 167/313 [00:04<00:03, 40.64it/s, loss=4.39]
Train Epoch 3/10:  53%|█████▎    | 167/313 [00:04<00:03, 40.64it/s, loss=4.41]
Train Epoch 3/10:  53%|█████▎    | 167/313 [00:04<00:03, 40.64it/s, loss=4.34]
Train Epoch 3/10:  53%|█████▎    | 167/313 [00:04<00:03, 40.64it/s, loss=4.34]
Train Epoch 3/10:  55%|█████▍    | 172/313 [00:04<00:03, 42.24it/s, loss=4.34]
Train Epoch 3/10:  55%|█████▍    | 172/313 [00:04<00:03, 42.24it/s, loss=4.28]
Train Epoch 3/10:  55%|█████▍    | 172/313 [00:04<00:03, 42.24it/s, loss=4.35]
Train Epoch 3/10:  55%|█████▍    | 172/313 [00:04<00:03, 42.24it/s, loss=4.37]
Train Epoch 3/10:  55%|█████▍    | 172/313 [00:04<00:03, 42.24it/s, loss=4.3]
Train Epoch 3/10:  55%|█████▍    | 172/313 [00:05<00:03, 42.24it/s, loss=4.37]
Train Epoch 3/10:  57%|█████▋    | 177/313 [00:05<00:03, 43.57it/s, loss=4.37]
Train Epoch 3/10:  57%|█████▋    | 177/313 [00:05<00:03, 43.57it/s, loss=4.34]
Train Epoch 3/10:  57%|█████▋    | 177/313 [00:05<00:03, 43.57it/s, loss=4.33]
Train Epoch 3/10:  57%|█████▋    | 177/313 [00:05<00:03, 43.57it/s, loss=4.37]
Train Epoch 3/10:  57%|█████▋    | 177/313 [00:05<00:03, 43.57it/s, loss=4.34]
Train Epoch 3/10:  57%|█████▋    | 177/313 [00:05<00:03, 43.57it/s, loss=4.38]
Train Epoch 3/10:  58%|█████▊    | 182/313 [00:05<00:02, 44.55it/s, loss=4.38]
Train Epoch 3/10:  58%|█████▊    | 182/313 [00:05<00:02, 44.55it/s, loss=4.29]
Train Epoch 3/10:  58%|█████▊    | 182/313 [00:05<00:02, 44.55it/s, loss=4.31]
Train Epoch 3/10:  58%|█████▊    | 182/313 [00:05<00:02, 44.55it/s, loss=4.36]
Train Epoch 3/10:  58%|█████▊    | 182/313 [00:05<00:02, 44.55it/s, loss=4.28]
Train Epoch 3/10:  58%|█████▊    | 182/313 [00:05<00:02, 44.55it/s, loss=4.37]
Train Epoch 3/10:  60%|█████▉    | 187/313 [00:05<00:02, 45.42it/s, loss=4.37]
Train Epoch 3/10:  60%|█████▉    | 187/313 [00:05<00:02, 45.42it/s, loss=4.33]
Train Epoch 3/10:  60%|█████▉    | 187/313 [00:05<00:02, 45.42it/s, loss=4.34]
Train Epoch 3/10:  60%|█████▉    | 187/313 [00:05<00:02, 45.42it/s, loss=4.37]
Train Epoch 3/10:  60%|█████▉    | 187/313 [00:05<00:02, 45.42it/s, loss=4.33]
Train Epoch 3/10:  60%|█████▉    | 187/313 [00:05<00:02, 45.42it/s, loss=4.3]
Train Epoch 3/10:  61%|██████▏   | 192/313 [00:05<00:02, 46.07it/s, loss=4.3]
Train Epoch 3/10:  61%|██████▏   | 192/313 [00:05<00:02, 46.07it/s, loss=4.33]
Train Epoch 3/10:  61%|██████▏   | 192/313 [00:05<00:02, 46.07it/s, loss=4.28]
Train Epoch 3/10:  61%|██████▏   | 192/313 [00:05<00:02, 46.07it/s, loss=4.31]
Train Epoch 3/10:  61%|██████▏   | 192/313 [00:05<00:02, 46.07it/s, loss=4.31]
Train Epoch 3/10:  61%|██████▏   | 192/313 [00:05<00:02, 46.07it/s, loss=4.3]
Train Epoch 3/10:  63%|██████▎   | 197/313 [00:05<00:02, 46.56it/s, loss=4.3]
Train Epoch 3/10:  63%|██████▎   | 197/313 [00:05<00:02, 46.56it/s, loss=4.29]
Train Epoch 3/10:  63%|██████▎   | 197/313 [00:05<00:02, 46.56it/s, loss=4.35]
Train Epoch 3/10:  63%|██████▎   | 197/313 [00:05<00:02, 46.56it/s, loss=4.34]
Train Epoch 3/10:  63%|██████▎   | 197/313 [00:05<00:02, 46.56it/s, loss=4.36]
Train Epoch 3/10:  63%|██████▎   | 197/313 [00:05<00:02, 46.56it/s, loss=4.32]
Train Epoch 3/10:  65%|██████▍   | 202/313 [00:05<00:02, 46.87it/s, loss=4.32]
Train Epoch 3/10:  65%|██████▍   | 202/313 [00:05<00:02, 46.87it/s, loss=4.31]
Train Epoch 3/10:  65%|██████▍   | 202/313 [00:05<00:02, 46.87it/s, loss=4.34]
Train Epoch 3/10:  65%|██████▍   | 202/313 [00:05<00:02, 46.87it/s, loss=4.3]
Train Epoch 3/10:  65%|██████▍   | 202/313 [00:05<00:02, 46.87it/s, loss=4.34]
Train Epoch 3/10:  65%|██████▍   | 202/313 [00:05<00:02, 46.87it/s, loss=4.31]
Train Epoch 3/10:  66%|██████▌   | 207/313 [00:05<00:02, 47.12it/s, loss=4.31]
Train Epoch 3/10:  66%|██████▌   | 207/313 [00:05<00:02, 47.12it/s, loss=4.27]
Train Epoch 3/10:  66%|██████▌   | 207/313 [00:05<00:02, 47.12it/s, loss=4.36]
Train Epoch 3/10:  66%|██████▌   | 207/313 [00:05<00:02, 47.12it/s, loss=4.26]
Train Epoch 3/10:  66%|██████▌   | 207/313 [00:05<00:02, 47.12it/s, loss=4.33]
Train Epoch 3/10:  66%|██████▌   | 207/313 [00:05<00:02, 47.12it/s, loss=4.36]
Train Epoch 3/10:  68%|██████▊   | 212/313 [00:05<00:02, 47.29it/s, loss=4.36]
Train Epoch 3/10:  68%|██████▊   | 212/313 [00:05<00:02, 47.29it/s, loss=4.33]
Train Epoch 3/10:  68%|██████▊   | 212/313 [00:05<00:02, 47.29it/s, loss=4.33]
Train Epoch 3/10:  68%|██████▊   | 212/313 [00:05<00:02, 47.29it/s, loss=4.32]
Train Epoch 3/10:  68%|██████▊   | 212/313 [00:05<00:02, 47.29it/s, loss=4.28]
Train Epoch 3/10:  68%|██████▊   | 212/313 [00:05<00:02, 47.29it/s, loss=4.34]
Train Epoch 3/10:  69%|██████▉   | 217/313 [00:05<00:02, 47.41it/s, loss=4.34]
Train Epoch 3/10:  69%|██████▉   | 217/313 [00:05<00:02, 47.41it/s, loss=4.33]
Train Epoch 3/10:  69%|██████▉   | 217/313 [00:05<00:02, 47.41it/s, loss=4.31]
Train Epoch 3/10:  69%|██████▉   | 217/313 [00:05<00:02, 47.41it/s, loss=4.31]
Train Epoch 3/10:  69%|██████▉   | 217/313 [00:05<00:02, 47.41it/s, loss=4.37]
Train Epoch 3/10:  69%|██████▉   | 217/313 [00:05<00:02, 47.41it/s, loss=4.28]
Train Epoch 3/10:  71%|███████   | 222/313 [00:05<00:01, 47.49it/s, loss=4.28]
Train Epoch 3/10:  71%|███████   | 222/313 [00:05<00:01, 47.49it/s, loss=4.27]
Train Epoch 3/10:  71%|███████   | 222/313 [00:06<00:01, 47.49it/s, loss=4.31]
Train Epoch 3/10:  71%|███████   | 222/313 [00:06<00:01, 47.49it/s, loss=4.3]
Train Epoch 3/10:  71%|███████   | 222/313 [00:06<00:01, 47.49it/s, loss=4.29]
Train Epoch 3/10:  71%|███████   | 222/313 [00:06<00:01, 47.49it/s, loss=4.32]
Train Epoch 3/10:  73%|███████▎  | 227/313 [00:06<00:01, 44.89it/s, loss=4.32]
Train Epoch 3/10:  73%|███████▎  | 227/313 [00:06<00:01, 44.89it/s, loss=4.24]
Train Epoch 3/10:  73%|███████▎  | 227/313 [00:06<00:01, 44.89it/s, loss=4.31]
Train Epoch 3/10:  73%|███████▎  | 227/313 [00:06<00:01, 44.89it/s, loss=4.27]
Train Epoch 3/10:  73%|███████▎  | 227/313 [00:06<00:01, 44.89it/s, loss=4.34]
Train Epoch 3/10:  73%|███████▎  | 227/313 [00:06<00:01, 44.89it/s, loss=4.25]
Train Epoch 3/10:  74%|███████▍  | 232/313 [00:06<00:02, 36.75it/s, loss=4.25]
Train Epoch 3/10:  74%|███████▍  | 232/313 [00:06<00:02, 36.75it/s, loss=4.23]
Train Epoch 3/10:  74%|███████▍  | 232/313 [00:06<00:02, 36.75it/s, loss=4.27]
Train Epoch 3/10:  74%|███████▍  | 232/313 [00:06<00:02, 36.75it/s, loss=4.26]
Train Epoch 3/10:  74%|███████▍  | 232/313 [00:06<00:02, 36.75it/s, loss=4.3]
Train Epoch 3/10:  75%|███████▌  | 236/313 [00:06<00:02, 33.05it/s, loss=4.3]
Train Epoch 3/10:  75%|███████▌  | 236/313 [00:06<00:02, 33.05it/s, loss=4.26]
Train Epoch 3/10:  75%|███████▌  | 236/313 [00:06<00:02, 33.05it/s, loss=4.23]
Train Epoch 3/10:  75%|███████▌  | 236/313 [00:06<00:02, 33.05it/s, loss=4.24]
Train Epoch 3/10:  75%|███████▌  | 236/313 [00:06<00:02, 33.05it/s, loss=4.21]
Train Epoch 3/10:  77%|███████▋  | 240/313 [00:06<00:02, 31.77it/s, loss=4.21]
Train Epoch 3/10:  77%|███████▋  | 240/313 [00:06<00:02, 31.77it/s, loss=4.24]
Train Epoch 3/10:  77%|███████▋  | 240/313 [00:06<00:02, 31.77it/s, loss=4.32]
Train Epoch 3/10:  77%|███████▋  | 240/313 [00:06<00:02, 31.77it/s, loss=4.26]
Train Epoch 3/10:  77%|███████▋  | 240/313 [00:06<00:02, 31.77it/s, loss=4.32]
Train Epoch 3/10:  78%|███████▊  | 244/313 [00:06<00:02, 31.86it/s, loss=4.32]
Train Epoch 3/10:  78%|███████▊  | 244/313 [00:06<00:02, 31.86it/s, loss=4.29]
Train Epoch 3/10:  78%|███████▊  | 244/313 [00:06<00:02, 31.86it/s, loss=4.24]
Train Epoch 3/10:  78%|███████▊  | 244/313 [00:06<00:02, 31.86it/s, loss=4.23]
Train Epoch 3/10:  78%|███████▊  | 244/313 [00:06<00:02, 31.86it/s, loss=4.14]
Train Epoch 3/10:  79%|███████▉  | 248/313 [00:06<00:01, 32.94it/s, loss=4.14]
Train Epoch 3/10:  79%|███████▉  | 248/313 [00:06<00:01, 32.94it/s, loss=4.22]
Train Epoch 3/10:  79%|███████▉  | 248/313 [00:06<00:01, 32.94it/s, loss=4.25]
Train Epoch 3/10:  79%|███████▉  | 248/313 [00:06<00:01, 32.94it/s, loss=4.21]
Train Epoch 3/10:  79%|███████▉  | 248/313 [00:06<00:01, 32.94it/s, loss=4.27]
Train Epoch 3/10:  79%|███████▉  | 248/313 [00:06<00:01, 32.94it/s, loss=4.19]
Train Epoch 3/10:  81%|████████  | 253/313 [00:06<00:01, 35.32it/s, loss=4.19]
Train Epoch 3/10:  81%|████████  | 253/313 [00:06<00:01, 35.32it/s, loss=4.18]
Train Epoch 3/10:  81%|████████  | 253/313 [00:06<00:01, 35.32it/s, loss=4.2]
Train Epoch 3/10:  81%|████████  | 253/313 [00:07<00:01, 35.32it/s, loss=4.21]
Train Epoch 3/10:  81%|████████  | 253/313 [00:07<00:01, 35.32it/s, loss=4.15]
Train Epoch 3/10:  81%|████████  | 253/313 [00:07<00:01, 35.32it/s, loss=4.2]
Train Epoch 3/10:  82%|████████▏ | 258/313 [00:07<00:01, 37.65it/s, loss=4.2]
Train Epoch 3/10:  82%|████████▏ | 258/313 [00:07<00:01, 37.65it/s, loss=4.23]
Train Epoch 3/10:  82%|████████▏ | 258/313 [00:07<00:01, 37.65it/s, loss=4.2]
Train Epoch 3/10:  82%|████████▏ | 258/313 [00:07<00:01, 37.65it/s, loss=4.22]
Train Epoch 3/10:  82%|████████▏ | 258/313 [00:07<00:01, 37.65it/s, loss=4.16]
Train Epoch 3/10:  82%|████████▏ | 258/313 [00:07<00:01, 37.65it/s, loss=4.12]
Train Epoch 3/10:  84%|████████▍ | 263/313 [00:07<00:01, 39.71it/s, loss=4.12]
Train Epoch 3/10:  84%|████████▍ | 263/313 [00:07<00:01, 39.71it/s, loss=4.18]
Train Epoch 3/10:  84%|████████▍ | 263/313 [00:07<00:01, 39.71it/s, loss=4.12]
Train Epoch 3/10:  84%|████████▍ | 263/313 [00:07<00:01, 39.71it/s, loss=4.16]
Train Epoch 3/10:  84%|████████▍ | 263/313 [00:07<00:01, 39.71it/s, loss=4.11]
Train Epoch 3/10:  84%|████████▍ | 263/313 [00:07<00:01, 39.71it/s, loss=4.15]
Train Epoch 3/10:  86%|████████▌ | 268/313 [00:07<00:01, 41.61it/s, loss=4.15]
Train Epoch 3/10:  86%|████████▌ | 268/313 [00:07<00:01, 41.61it/s, loss=4.05]
Train Epoch 3/10:  86%|████████▌ | 268/313 [00:07<00:01, 41.61it/s, loss=4.12]
Train Epoch 3/10:  86%|████████▌ | 268/313 [00:07<00:01, 41.61it/s, loss=4.13]
Train Epoch 3/10:  86%|████████▌ | 268/313 [00:07<00:01, 41.61it/s, loss=4.05]
Train Epoch 3/10:  86%|████████▌ | 268/313 [00:07<00:01, 41.61it/s, loss=4.13]
Train Epoch 3/10:  87%|████████▋ | 273/313 [00:07<00:00, 43.09it/s, loss=4.13]
Train Epoch 3/10:  87%|████████▋ | 273/313 [00:07<00:00, 43.09it/s, loss=4.26]
Train Epoch 3/10:  87%|████████▋ | 273/313 [00:07<00:00, 43.09it/s, loss=4.13]
Train Epoch 3/10:  87%|████████▋ | 273/313 [00:07<00:00, 43.09it/s, loss=4.02]
Train Epoch 3/10:  87%|████████▋ | 273/313 [00:07<00:00, 43.09it/s, loss=4.07]
Train Epoch 3/10:  87%|████████▋ | 273/313 [00:07<00:00, 43.09it/s, loss=4.07]
Train Epoch 3/10:  89%|████████▉ | 278/313 [00:07<00:00, 38.23it/s, loss=4.07]
Train Epoch 3/10:  89%|████████▉ | 278/313 [00:07<00:00, 38.23it/s, loss=4]
Train Epoch 3/10:  89%|████████▉ | 278/313 [00:07<00:00, 38.23it/s, loss=4.07]
Train Epoch 3/10:  89%|████████▉ | 278/313 [00:07<00:00, 38.23it/s, loss=4.03]
Train Epoch 3/10:  89%|████████▉ | 278/313 [00:07<00:00, 38.23it/s, loss=4.09]
Train Epoch 3/10:  90%|█████████ | 282/313 [00:07<00:01, 27.98it/s, loss=4.09]
Train Epoch 3/10:  90%|█████████ | 282/313 [00:07<00:01, 27.98it/s, loss=4.1]
Train Epoch 3/10:  90%|█████████ | 282/313 [00:07<00:01, 27.98it/s, loss=3.98]
Train Epoch 3/10:  90%|█████████ | 282/313 [00:07<00:01, 27.98it/s, loss=4.08]
Train Epoch 3/10:  90%|█████████ | 282/313 [00:07<00:01, 27.98it/s, loss=4.05]
Train Epoch 3/10:  91%|█████████▏| 286/313 [00:07<00:01, 25.27it/s, loss=4.05]
Train Epoch 3/10:  91%|█████████▏| 286/313 [00:08<00:01, 25.27it/s, loss=4]
Train Epoch 3/10:  91%|█████████▏| 286/313 [00:08<00:01, 25.27it/s, loss=4.03]
Train Epoch 3/10:  91%|█████████▏| 286/313 [00:08<00:01, 25.27it/s, loss=4]
Train Epoch 3/10:  92%|█████████▏| 289/313 [00:08<00:00, 25.85it/s, loss=4]
Train Epoch 3/10:  92%|█████████▏| 289/313 [00:08<00:00, 25.85it/s, loss=4.12]
Train Epoch 3/10:  92%|█████████▏| 289/313 [00:08<00:00, 25.85it/s, loss=3.93]
Train Epoch 3/10:  92%|█████████▏| 289/313 [00:08<00:00, 25.85it/s, loss=4.15]
Train Epoch 3/10:  92%|█████████▏| 289/313 [00:08<00:00, 25.85it/s, loss=4.07]
Train Epoch 3/10:  94%|█████████▎| 293/313 [00:08<00:00, 27.85it/s, loss=4.07]
Train Epoch 3/10:  94%|█████████▎| 293/313 [00:08<00:00, 27.85it/s, loss=4.03]
Train Epoch 3/10:  94%|█████████▎| 293/313 [00:08<00:00, 27.85it/s, loss=4.04]
Train Epoch 3/10:  94%|█████████▎| 293/313 [00:08<00:00, 27.85it/s, loss=4.04]
Train Epoch 3/10:  94%|█████████▎| 293/313 [00:08<00:00, 27.85it/s, loss=4]
Train Epoch 3/10:  95%|█████████▍| 297/313 [00:08<00:00, 30.45it/s, loss=4]
Train Epoch 3/10:  95%|█████████▍| 297/313 [00:08<00:00, 30.45it/s, loss=4.04]
Train Epoch 3/10:  95%|█████████▍| 297/313 [00:08<00:00, 30.45it/s, loss=4]
Train Epoch 3/10:  95%|█████████▍| 297/313 [00:08<00:00, 30.45it/s, loss=4.05]
Train Epoch 3/10:  95%|█████████▍| 297/313 [00:08<00:00, 30.45it/s, loss=3.9]
Train Epoch 3/10:  95%|█████████▍| 297/313 [00:08<00:00, 30.45it/s, loss=3.95]
Train Epoch 3/10:  96%|█████████▋| 302/313 [00:08<00:00, 33.74it/s, loss=3.95]
Train Epoch 3/10:  96%|█████████▋| 302/313 [00:08<00:00, 33.74it/s, loss=3.92]
Train Epoch 3/10:  96%|█████████▋| 302/313 [00:08<00:00, 33.74it/s, loss=4.04]
Train Epoch 3/10:  96%|█████████▋| 302/313 [00:08<00:00, 33.74it/s, loss=3.97]
Train Epoch 3/10:  96%|█████████▋| 302/313 [00:08<00:00, 33.74it/s, loss=3.92]
Train Epoch 3/10:  96%|█████████▋| 302/313 [00:08<00:00, 33.74it/s, loss=3.98]
Train Epoch 3/10:  98%|█████████▊| 307/313 [00:08<00:00, 36.95it/s, loss=3.98]
Train Epoch 3/10:  98%|█████████▊| 307/313 [00:08<00:00, 36.95it/s, loss=3.89]
Train Epoch 3/10:  98%|█████████▊| 307/313 [00:08<00:00, 36.95it/s, loss=4]
Train Epoch 3/10:  98%|█████████▊| 307/313 [00:08<00:00, 36.95it/s, loss=4.04]
Train Epoch 3/10:  98%|█████████▊| 307/313 [00:08<00:00, 36.95it/s, loss=4.04]
Train Epoch 3/10:  98%|█████████▊| 307/313 [00:08<00:00, 36.95it/s, loss=3.96]
Train Epoch 3/10: 100%|█████████▉| 312/313 [00:08<00:00, 39.62it/s, loss=3.96]
Train Epoch 3/10: 100%|█████████▉| 312/313 [00:08<00:00, 39.62it/s, loss=3.9]
Train Epoch 3/10: 100%|██████████| 313/313 [00:08<00:00, 36.07it/s, loss=3.9]

Valid Epoch 3/10:   0%|          | 0/32 [00:00<?, ?it/s, acc=-, loss=-]
Valid Epoch 3/10:  31%|███▏      | 10/32 [00:00<00:00, 90.24it/s, acc=-, loss=-]
Valid Epoch 3/10:  66%|██████▌   | 21/32 [00:00<00:00, 99.97it/s, acc=-, loss=-]
Valid Epoch 3/10: 100%|██████████| 32/32 [00:00<00:00, 103.32it/s, acc=-, loss=-]
Valid Epoch 3/10: 100%|██████████| 32/32 [00:00<00:00, 103.32it/s, valid/loss=3.93, valid/accuracy=0.0587]
Valid Epoch 3/10: 100%|██████████| 32/32 [00:00<00:00, 100.60it/s, valid/loss=3.93, valid/accuracy=0.0587]

Train Epoch 4/10:   0%|          | 0/313 [00:00<?, ?it/s]
Train Epoch 4/10:   0%|          | 0/313 [00:00<?, ?it/s, loss=3.88]
Train Epoch 4/10:   0%|          | 0/313 [00:00<?, ?it/s, loss=3.91]
Train Epoch 4/10:   0%|          | 0/313 [00:00<?, ?it/s, loss=3.96]
Train Epoch 4/10:   0%|          | 0/313 [00:00<?, ?it/s, loss=3.97]
Train Epoch 4/10:   1%|▏         | 4/313 [00:00<00:10, 30.59it/s, loss=3.97]
Train Epoch 4/10:   1%|▏         | 4/313 [00:00<00:10, 30.59it/s, loss=3.99]
Train Epoch 4/10:   1%|▏         | 4/313 [00:00<00:10, 30.59it/s, loss=3.94]
Train Epoch 4/10:   1%|▏         | 4/313 [00:00<00:10, 30.59it/s, loss=3.99]
Train Epoch 4/10:   1%|▏         | 4/313 [00:00<00:10, 30.59it/s, loss=3.96]
Train Epoch 4/10:   3%|▎         | 8/313 [00:00<00:10, 29.71it/s, loss=3.96]
Train Epoch 4/10:   3%|▎         | 8/313 [00:00<00:10, 29.71it/s, loss=3.95]
Train Epoch 4/10:   3%|▎         | 8/313 [00:00<00:10, 29.71it/s, loss=3.91]
Train Epoch 4/10:   3%|▎         | 8/313 [00:00<00:10, 29.71it/s, loss=3.88]
Train Epoch 4/10:   4%|▎         | 11/313 [00:00<00:11, 26.57it/s, loss=3.88]
Train Epoch 4/10:   4%|▎         | 11/313 [00:00<00:11, 26.57it/s, loss=3.91]
Train Epoch 4/10:   4%|▎         | 11/313 [00:00<00:11, 26.57it/s, loss=3.84]
Train Epoch 4/10:   4%|▎         | 11/313 [00:00<00:11, 26.57it/s, loss=3.95]
Train Epoch 4/10:   4%|▎         | 11/313 [00:00<00:11, 26.57it/s, loss=3.93]
Train Epoch 4/10:   5%|▍         | 15/313 [00:00<00:10, 28.33it/s, loss=3.93]
Train Epoch 4/10:   5%|▍         | 15/313 [00:00<00:10, 28.33it/s, loss=3.95]
Train Epoch 4/10:   5%|▍         | 15/313 [00:00<00:10, 28.33it/s, loss=4.05]
Train Epoch 4/10:   5%|▍         | 15/313 [00:00<00:10, 28.33it/s, loss=3.83]
Train Epoch 4/10:   5%|▍         | 15/313 [00:00<00:10, 28.33it/s, loss=3.78]
Train Epoch 4/10:   6%|▌         | 19/313 [00:00<00:09, 30.76it/s, loss=3.78]
Train Epoch 4/10:   6%|▌         | 19/313 [00:00<00:09, 30.76it/s, loss=3.89]
Train Epoch 4/10:   6%|▌         | 19/313 [00:00<00:09, 30.76it/s, loss=3.88]
Train Epoch 4/10:   6%|▌         | 19/313 [00:00<00:09, 30.76it/s, loss=3.87]
Train Epoch 4/10:   6%|▌         | 19/313 [00:00<00:09, 30.76it/s, loss=3.86]
Train Epoch 4/10:   7%|▋         | 23/313 [00:00<00:08, 33.44it/s, loss=3.86]
Train Epoch 4/10:   7%|▋         | 23/313 [00:00<00:08, 33.44it/s, loss=3.94]
Train Epoch 4/10:   7%|▋         | 23/313 [00:00<00:08, 33.44it/s, loss=3.88]
Train Epoch 4/10:   7%|▋         | 23/313 [00:00<00:08, 33.44it/s, loss=3.83]
Train Epoch 4/10:   7%|▋         | 23/313 [00:00<00:08, 33.44it/s, loss=3.97]
Train Epoch 4/10:   7%|▋         | 23/313 [00:00<00:08, 33.44it/s, loss=3.87]
Train Epoch 4/10:   9%|▉         | 28/313 [00:00<00:07, 35.88it/s, loss=3.87]
Train Epoch 4/10:   9%|▉         | 28/313 [00:00<00:07, 35.88it/s, loss=3.86]
Train Epoch 4/10:   9%|▉         | 28/313 [00:00<00:07, 35.88it/s, loss=3.9]
Train Epoch 4/10:   9%|▉         | 28/313 [00:00<00:07, 35.88it/s, loss=3.92]
Train Epoch 4/10:   9%|▉         | 28/313 [00:00<00:07, 35.88it/s, loss=3.91]
Train Epoch 4/10:   9%|▉         | 28/313 [00:00<00:07, 35.88it/s, loss=3.75]
Train Epoch 4/10:  11%|█         | 33/313 [00:00<00:07, 38.22it/s, loss=3.75]
Train Epoch 4/10:  11%|█         | 33/313 [00:01<00:07, 38.22it/s, loss=3.83]
Train Epoch 4/10:  11%|█         | 33/313 [00:01<00:07, 38.22it/s, loss=3.8]
Train Epoch 4/10:  11%|█         | 33/313 [00:01<00:07, 38.22it/s, loss=3.83]
Train Epoch 4/10:  11%|█         | 33/313 [00:01<00:07, 38.22it/s, loss=3.88]
Train Epoch 4/10:  11%|█         | 33/313 [00:01<00:07, 38.22it/s, loss=3.79]
Train Epoch 4/10:  12%|█▏        | 38/313 [00:01<00:06, 40.14it/s, loss=3.79]
Train Epoch 4/10:  12%|█▏        | 38/313 [00:01<00:06, 40.14it/s, loss=3.84]
Train Epoch 4/10:  12%|█▏        | 38/313 [00:01<00:06, 40.14it/s, loss=3.81]
Train Epoch 4/10:  12%|█▏        | 38/313 [00:01<00:06, 40.14it/s, loss=3.86]
Train Epoch 4/10:  12%|█▏        | 38/313 [00:01<00:06, 40.14it/s, loss=3.91]
Train Epoch 4/10:  12%|█▏        | 38/313 [00:01<00:06, 40.14it/s, loss=3.92]
Train Epoch 4/10:  14%|█▎        | 43/313 [00:01<00:06, 40.87it/s, loss=3.92]
Train Epoch 4/10:  14%|█▎        | 43/313 [00:01<00:06, 40.87it/s, loss=3.8]
Train Epoch 4/10:  14%|█▎        | 43/313 [00:01<00:06, 40.87it/s, loss=3.86]
Train Epoch 4/10:  14%|█▎        | 43/313 [00:01<00:06, 40.87it/s, loss=3.86]
Train Epoch 4/10:  14%|█▎        | 43/313 [00:01<00:06, 40.87it/s, loss=3.84]
Train Epoch 4/10:  14%|█▎        | 43/313 [00:01<00:06, 40.87it/s, loss=3.86]
Train Epoch 4/10:  15%|█▌        | 48/313 [00:01<00:06, 42.62it/s, loss=3.86]
Train Epoch 4/10:  15%|█▌        | 48/313 [00:01<00:06, 42.62it/s, loss=3.88]
Train Epoch 4/10:  15%|█▌        | 48/313 [00:01<00:06, 42.62it/s, loss=3.86]
Train Epoch 4/10:  15%|█▌        | 48/313 [00:01<00:06, 42.62it/s, loss=3.91]
Train Epoch 4/10:  15%|█▌        | 48/313 [00:01<00:06, 42.62it/s, loss=3.76]
Train Epoch 4/10:  15%|█▌        | 48/313 [00:01<00:06, 42.62it/s, loss=3.87]
Train Epoch 4/10:  15%|█▌        | 48/313 [00:01<00:06, 42.62it/s, loss=3.86]
Train Epoch 4/10:  17%|█▋        | 54/313 [00:01<00:05, 45.31it/s, loss=3.86]
Train Epoch 4/10:  17%|█▋        | 54/313 [00:01<00:05, 45.31it/s, loss=3.86]
Train Epoch 4/10:  17%|█▋        | 54/313 [00:01<00:05, 45.31it/s, loss=3.91]
Train Epoch 4/10:  17%|█▋        | 54/313 [00:01<00:05, 45.31it/s, loss=3.82]
Train Epoch 4/10:  17%|█▋        | 54/313 [00:01<00:05, 45.31it/s, loss=3.72]
Train Epoch 4/10:  17%|█▋        | 54/313 [00:01<00:05, 45.31it/s, loss=3.82]
Train Epoch 4/10:  19%|█▉        | 59/313 [00:01<00:06, 37.52it/s, loss=3.82]
Train Epoch 4/10:  19%|█▉        | 59/313 [00:01<00:06, 37.52it/s, loss=3.88]
Train Epoch 4/10:  19%|█▉        | 59/313 [00:01<00:06, 37.52it/s, loss=3.8]
Train Epoch 4/10:  19%|█▉        | 59/313 [00:01<00:06, 37.52it/s, loss=3.86]
Train Epoch 4/10:  19%|█▉        | 59/313 [00:01<00:06, 37.52it/s, loss=3.73]
Train Epoch 4/10:  20%|██        | 63/313 [00:01<00:07, 34.21it/s, loss=3.73]
Train Epoch 4/10:  20%|██        | 63/313 [00:01<00:07, 34.21it/s, loss=3.89]
Train Epoch 4/10:  20%|██        | 63/313 [00:01<00:07, 34.21it/s, loss=3.83]
Train Epoch 4/10:  20%|██        | 63/313 [00:01<00:07, 34.21it/s, loss=3.86]
Train Epoch 4/10:  20%|██        | 63/313 [00:01<00:07, 34.21it/s, loss=3.86]
Train Epoch 4/10:  21%|██▏       | 67/313 [00:01<00:07, 30.82it/s, loss=3.86]
Train Epoch 4/10:  21%|██▏       | 67/313 [00:01<00:07, 30.82it/s, loss=3.78]
Train Epoch 4/10:  21%|██▏       | 67/313 [00:02<00:07, 30.82it/s, loss=3.61]
Train Epoch 4/10:  21%|██▏       | 67/313 [00:02<00:07, 30.82it/s, loss=3.73]
Train Epoch 4/10:  21%|██▏       | 67/313 [00:02<00:07, 30.82it/s, loss=3.81]
Train Epoch 4/10:  23%|██▎       | 71/313 [00:02<00:08, 28.06it/s, loss=3.81]
Train Epoch 4/10:  23%|██▎       | 71/313 [00:02<00:08, 28.06it/s, loss=3.85]
Train Epoch 4/10:  23%|██▎       | 71/313 [00:02<00:08, 28.06it/s, loss=3.82]
Train Epoch 4/10:  23%|██▎       | 71/313 [00:02<00:08, 28.06it/s, loss=3.86]
Train Epoch 4/10:  24%|██▎       | 74/313 [00:02<00:08, 26.72it/s, loss=3.86]
Train Epoch 4/10:  24%|██▎       | 74/313 [00:02<00:08, 26.72it/s, loss=3.87]
Train Epoch 4/10:  24%|██▎       | 74/313 [00:02<00:08, 26.72it/s, loss=3.76]
Train Epoch 4/10:  24%|██▎       | 74/313 [00:02<00:08, 26.72it/s, loss=3.77]
Train Epoch 4/10:  25%|██▍       | 77/313 [00:02<00:08, 26.85it/s, loss=3.77]
Train Epoch 4/10:  25%|██▍       | 77/313 [00:02<00:08, 26.85it/s, loss=3.83]
Train Epoch 4/10:  25%|██▍       | 77/313 [00:02<00:08, 26.85it/s, loss=3.74]
Train Epoch 4/10:  25%|██▍       | 77/313 [00:02<00:08, 26.85it/s, loss=3.72]
Train Epoch 4/10:  26%|██▌       | 80/313 [00:02<00:08, 26.23it/s, loss=3.72]
Train Epoch 4/10:  26%|██▌       | 80/313 [00:02<00:08, 26.23it/s, loss=3.8]
Train Epoch 4/10:  26%|██▌       | 80/313 [00:02<00:08, 26.23it/s, loss=3.85]
Train Epoch 4/10:  26%|██▌       | 80/313 [00:02<00:08, 26.23it/s, loss=3.77]
Train Epoch 4/10:  27%|██▋       | 83/313 [00:02<00:08, 26.34it/s, loss=3.77]
Train Epoch 4/10:  27%|██▋       | 83/313 [00:02<00:08, 26.34it/s, loss=3.72]
Train Epoch 4/10:  27%|██▋       | 83/313 [00:02<00:08, 26.34it/s, loss=3.65]
Train Epoch 4/10:  27%|██▋       | 83/313 [00:02<00:08, 26.34it/s, loss=3.83]
Train Epoch 4/10:  27%|██▋       | 83/313 [00:02<00:08, 26.34it/s, loss=3.75]
Train Epoch 4/10:  28%|██▊       | 87/313 [00:02<00:08, 27.67it/s, loss=3.75]
Train Epoch 4/10:  28%|██▊       | 87/313 [00:02<00:08, 27.67it/s, loss=3.86]
Train Epoch 4/10:  28%|██▊       | 87/313 [00:02<00:08, 27.67it/s, loss=3.84]
Train Epoch 4/10:  28%|██▊       | 87/313 [00:02<00:08, 27.67it/s, loss=3.87]
Train Epoch 4/10:  29%|██▉       | 90/313 [00:02<00:08, 27.55it/s, loss=3.87]
Train Epoch 4/10:  29%|██▉       | 90/313 [00:02<00:08, 27.55it/s, loss=3.7]
Train Epoch 4/10:  29%|██▉       | 90/313 [00:02<00:08, 27.55it/s, loss=3.74]
Train Epoch 4/10:  29%|██▉       | 90/313 [00:02<00:08, 27.55it/s, loss=3.72]
Train Epoch 4/10:  29%|██▉       | 90/313 [00:02<00:08, 27.55it/s, loss=3.78]
Train Epoch 4/10:  30%|███       | 94/313 [00:02<00:07, 29.55it/s, loss=3.78]
Train Epoch 4/10:  30%|███       | 94/313 [00:02<00:07, 29.55it/s, loss=3.71]
Train Epoch 4/10:  30%|███       | 94/313 [00:02<00:07, 29.55it/s, loss=3.8]
Train Epoch 4/10:  30%|███       | 94/313 [00:03<00:07, 29.55it/s, loss=3.76]
Train Epoch 4/10:  30%|███       | 94/313 [00:03<00:07, 29.55it/s, loss=3.68]
Train Epoch 4/10:  31%|███▏      | 98/313 [00:03<00:06, 32.15it/s, loss=3.68]
Train Epoch 4/10:  31%|███▏      | 98/313 [00:03<00:06, 32.15it/s, loss=3.82]
Train Epoch 4/10:  31%|███▏      | 98/313 [00:03<00:06, 32.15it/s, loss=3.74]
Train Epoch 4/10:  31%|███▏      | 98/313 [00:03<00:06, 32.15it/s, loss=3.77]
Train Epoch 4/10:  31%|███▏      | 98/313 [00:03<00:06, 32.15it/s, loss=3.63]
Train Epoch 4/10:  31%|███▏      | 98/313 [00:03<00:06, 32.15it/s, loss=3.7]
Train Epoch 4/10:  33%|███▎      | 103/313 [00:03<00:05, 35.47it/s, loss=3.7]
Train Epoch 4/10:  33%|███▎      | 103/313 [00:03<00:05, 35.47it/s, loss=3.71]
Train Epoch 4/10:  33%|███▎      | 103/313 [00:03<00:05, 35.47it/s, loss=3.61]
Train Epoch 4/10:  33%|███▎      | 103/313 [00:03<00:05, 35.47it/s, loss=3.76]
Train Epoch 4/10:  33%|███▎      | 103/313 [00:03<00:05, 35.47it/s, loss=3.59]
Train Epoch 4/10:  33%|███▎      | 103/313 [00:03<00:05, 35.47it/s, loss=3.73]
Train Epoch 4/10:  35%|███▍      | 108/313 [00:03<00:05, 37.44it/s, loss=3.73]
Train Epoch 4/10:  35%|███▍      | 108/313 [00:03<00:05, 37.44it/s, loss=3.71]
Train Epoch 4/10:  35%|███▍      | 108/313 [00:03<00:05, 37.44it/s, loss=3.85]
Train Epoch 4/10:  35%|███▍      | 108/313 [00:03<00:05, 37.44it/s, loss=3.67]
Train Epoch 4/10:  35%|███▍      | 108/313 [00:03<00:05, 37.44it/s, loss=3.72]
Train Epoch 4/10:  36%|███▌      | 112/313 [00:03<00:06, 32.75it/s, loss=3.72]
Train Epoch 4/10:  36%|███▌      | 112/313 [00:03<00:06, 32.75it/s, loss=3.68]
Train Epoch 4/10:  36%|███▌      | 112/313 [00:03<00:06, 32.75it/s, loss=3.75]
Train Epoch 4/10:  36%|███▌      | 112/313 [00:03<00:06, 32.75it/s, loss=3.7]
Train Epoch 4/10:  36%|███▌      | 112/313 [00:03<00:06, 32.75it/s, loss=3.73]
Train Epoch 4/10:  37%|███▋      | 116/313 [00:03<00:06, 29.70it/s, loss=3.73]
Train Epoch 4/10:  37%|███▋      | 116/313 [00:03<00:06, 29.70it/s, loss=3.73]
Train Epoch 4/10:  37%|███▋      | 116/313 [00:03<00:06, 29.70it/s, loss=3.59]
Train Epoch 4/10:  37%|███▋      | 116/313 [00:03<00:06, 29.70it/s, loss=3.78]
Train Epoch 4/10:  37%|███▋      | 116/313 [00:03<00:06, 29.70it/s, loss=3.53]
Train Epoch 4/10:  38%|███▊      | 120/313 [00:03<00:06, 27.84it/s, loss=3.53]
Train Epoch 4/10:  38%|███▊      | 120/313 [00:03<00:06, 27.84it/s, loss=3.88]
Train Epoch 4/10:  38%|███▊      | 120/313 [00:03<00:06, 27.84it/s, loss=3.72]
Train Epoch 4/10:  38%|███▊      | 120/313 [00:03<00:06, 27.84it/s, loss=3.74]
Train Epoch 4/10:  39%|███▉      | 123/313 [00:03<00:06, 28.21it/s, loss=3.74]
Train Epoch 4/10:  39%|███▉      | 123/313 [00:03<00:06, 28.21it/s, loss=3.75]
Train Epoch 4/10:  39%|███▉      | 123/313 [00:03<00:06, 28.21it/s, loss=3.81]
Train Epoch 4/10:  39%|███▉      | 123/313 [00:03<00:06, 28.21it/s, loss=3.73]
Train Epoch 4/10:  39%|███▉      | 123/313 [00:03<00:06, 28.21it/s, loss=3.71]
Train Epoch 4/10:  41%|████      | 127/313 [00:03<00:06, 29.66it/s, loss=3.71]
Train Epoch 4/10:  41%|████      | 127/313 [00:04<00:06, 29.66it/s, loss=3.62]
Train Epoch 4/10:  41%|████      | 127/313 [00:04<00:06, 29.66it/s, loss=3.74]
Train Epoch 4/10:  41%|████      | 127/313 [00:04<00:06, 29.66it/s, loss=3.59]
Train Epoch 4/10:  41%|████      | 127/313 [00:04<00:06, 29.66it/s, loss=3.7]
Train Epoch 4/10:  42%|████▏     | 131/313 [00:04<00:05, 30.98it/s, loss=3.7]
Train Epoch 4/10:  42%|████▏     | 131/313 [00:04<00:05, 30.98it/s, loss=3.67]
Train Epoch 4/10:  42%|████▏     | 131/313 [00:04<00:05, 30.98it/s, loss=3.69]
Train Epoch 4/10:  42%|████▏     | 131/313 [00:04<00:05, 30.98it/s, loss=3.69]
Train Epoch 4/10:  42%|████▏     | 131/313 [00:04<00:05, 30.98it/s, loss=3.64]
Train Epoch 4/10:  43%|████▎     | 135/313 [00:04<00:05, 31.77it/s, loss=3.64]
Train Epoch 4/10:  43%|████▎     | 135/313 [00:04<00:05, 31.77it/s, loss=3.71]
Train Epoch 4/10:  43%|████▎     | 135/313 [00:04<00:05, 31.77it/s, loss=3.86]
Train Epoch 4/10:  43%|████▎     | 135/313 [00:04<00:05, 31.77it/s, loss=3.56]
Train Epoch 4/10:  43%|████▎     | 135/313 [00:04<00:05, 31.77it/s, loss=3.62]
Train Epoch 4/10:  44%|████▍     | 139/313 [00:04<00:05, 33.51it/s, loss=3.62]
Train Epoch 4/10:  44%|████▍     | 139/313 [00:04<00:05, 33.51it/s, loss=3.59]
Train Epoch 4/10:  44%|████▍     | 139/313 [00:04<00:05, 33.51it/s, loss=3.62]
Train Epoch 4/10:  44%|████▍     | 139/313 [00:04<00:05, 33.51it/s, loss=3.55]
Train Epoch 4/10:  44%|████▍     | 139/313 [00:04<00:05, 33.51it/s, loss=3.61]
Train Epoch 4/10:  46%|████▌     | 143/313 [00:04<00:05, 33.20it/s, loss=3.61]
Train Epoch 4/10:  46%|████▌     | 143/313 [00:04<00:05, 33.20it/s, loss=3.58]
Train Epoch 4/10:  46%|████▌     | 143/313 [00:04<00:05, 33.20it/s, loss=3.68]
Train Epoch 4/10:  46%|████▌     | 143/313 [00:04<00:05, 33.20it/s, loss=3.67]
Train Epoch 4/10:  46%|████▌     | 143/313 [00:04<00:05, 33.20it/s, loss=3.65]
Train Epoch 4/10:  47%|████▋     | 147/313 [00:04<00:05, 28.90it/s, loss=3.65]
Train Epoch 4/10:  47%|████▋     | 147/313 [00:04<00:05, 28.90it/s, loss=3.63]
Train Epoch 4/10:  47%|████▋     | 147/313 [00:04<00:05, 28.90it/s, loss=3.58]
Train Epoch 4/10:  47%|████▋     | 147/313 [00:04<00:05, 28.90it/s, loss=3.7]
Train Epoch 4/10:  47%|████▋     | 147/313 [00:04<00:05, 28.90it/s, loss=3.57]
Train Epoch 4/10:  48%|████▊     | 151/313 [00:04<00:06, 26.23it/s, loss=3.57]
Train Epoch 4/10:  48%|████▊     | 151/313 [00:04<00:06, 26.23it/s, loss=3.5]
Train Epoch 4/10:  48%|████▊     | 151/313 [00:04<00:06, 26.23it/s, loss=3.75]
Train Epoch 4/10:  48%|████▊     | 151/313 [00:04<00:06, 26.23it/s, loss=3.62]
Train Epoch 4/10:  49%|████▉     | 154/313 [00:04<00:06, 23.98it/s, loss=3.62]
Train Epoch 4/10:  49%|████▉     | 154/313 [00:05<00:06, 23.98it/s, loss=3.51]
Train Epoch 4/10:  49%|████▉     | 154/313 [00:05<00:06, 23.98it/s, loss=3.62]
Train Epoch 4/10:  49%|████▉     | 154/313 [00:05<00:06, 23.98it/s, loss=3.61]
Train Epoch 4/10:  50%|█████     | 157/313 [00:05<00:06, 22.31it/s, loss=3.61]
Train Epoch 4/10:  50%|█████     | 157/313 [00:05<00:06, 22.31it/s, loss=3.45]
Train Epoch 4/10:  50%|█████     | 157/313 [00:05<00:06, 22.31it/s, loss=3.58]
Train Epoch 4/10:  50%|█████     | 157/313 [00:05<00:06, 22.31it/s, loss=3.52]
Train Epoch 4/10:  51%|█████     | 160/313 [00:05<00:06, 22.35it/s, loss=3.52]
Train Epoch 4/10:  51%|█████     | 160/313 [00:05<00:06, 22.35it/s, loss=3.61]
Train Epoch 4/10:  51%|█████     | 160/313 [00:05<00:06, 22.35it/s, loss=3.46]
Train Epoch 4/10:  51%|█████     | 160/313 [00:05<00:06, 22.35it/s, loss=3.48]
Train Epoch 4/10:  51%|█████     | 160/313 [00:05<00:06, 22.35it/s, loss=3.52]
Train Epoch 4/10:  52%|█████▏    | 164/313 [00:05<00:05, 25.10it/s, loss=3.52]
Train Epoch 4/10:  52%|█████▏    | 164/313 [00:05<00:05, 25.10it/s, loss=3.57]
Train Epoch 4/10:  52%|█████▏    | 164/313 [00:05<00:05, 25.10it/s, loss=3.49]
Train Epoch 4/10:  52%|█████▏    | 164/313 [00:05<00:05, 25.10it/s, loss=3.52]
Train Epoch 4/10:  52%|█████▏    | 164/313 [00:05<00:05, 25.10it/s, loss=3.49]
Train Epoch 4/10:  54%|█████▎    | 168/313 [00:05<00:05, 27.78it/s, loss=3.49]
Train Epoch 4/10:  54%|█████▎    | 168/313 [00:05<00:05, 27.78it/s, loss=3.51]
Train Epoch 4/10:  54%|█████▎    | 168/313 [00:05<00:05, 27.78it/s, loss=3.57]
Train Epoch 4/10:  54%|█████▎    | 168/313 [00:05<00:05, 27.78it/s, loss=3.54]
Train Epoch 4/10:  54%|█████▎    | 168/313 [00:05<00:05, 27.78it/s, loss=3.45]
Train Epoch 4/10:  55%|█████▍    | 172/313 [00:05<00:04, 30.26it/s, loss=3.45]
Train Epoch 4/10:  55%|█████▍    | 172/313 [00:05<00:04, 30.26it/s, loss=3.44]
Train Epoch 4/10:  55%|█████▍    | 172/313 [00:05<00:04, 30.26it/s, loss=3.45]
Train Epoch 4/10:  55%|█████▍    | 172/313 [00:05<00:04, 30.26it/s, loss=3.48]
Train Epoch 4/10:  55%|█████▍    | 172/313 [00:05<00:04, 30.26it/s, loss=3.36]
Train Epoch 4/10:  56%|█████▌    | 176/313 [00:05<00:04, 32.11it/s, loss=3.36]
Train Epoch 4/10:  56%|█████▌    | 176/313 [00:05<00:04, 32.11it/s, loss=3.56]
Train Epoch 4/10:  56%|█████▌    | 176/313 [00:05<00:04, 32.11it/s, loss=3.44]
Train Epoch 4/10:  56%|█████▌    | 176/313 [00:05<00:04, 32.11it/s, loss=3.54]
Train Epoch 4/10:  56%|█████▌    | 176/313 [00:05<00:04, 32.11it/s, loss=3.44]
Train Epoch 4/10:  58%|█████▊    | 180/313 [00:05<00:03, 34.04it/s, loss=3.44]
Train Epoch 4/10:  58%|█████▊    | 180/313 [00:05<00:03, 34.04it/s, loss=3.37]
Train Epoch 4/10:  58%|█████▊    | 180/313 [00:05<00:03, 34.04it/s, loss=3.4]
Train Epoch 4/10:  58%|█████▊    | 180/313 [00:05<00:03, 34.04it/s, loss=3.48]
Train Epoch 4/10:  58%|█████▊    | 180/313 [00:05<00:03, 34.04it/s, loss=3.27]
Train Epoch 4/10:  58%|█████▊    | 180/313 [00:05<00:03, 34.04it/s, loss=3.39]
Train Epoch 4/10:  59%|█████▉    | 185/313 [00:05<00:03, 36.21it/s, loss=3.39]
Train Epoch 4/10:  59%|█████▉    | 185/313 [00:05<00:03, 36.21it/s, loss=3.28]
Train Epoch 4/10:  59%|█████▉    | 185/313 [00:05<00:03, 36.21it/s, loss=3.45]
Train Epoch 4/10:  59%|█████▉    | 185/313 [00:06<00:03, 36.21it/s, loss=3.38]
Train Epoch 4/10:  59%|█████▉    | 185/313 [00:06<00:03, 36.21it/s, loss=3.42]
Train Epoch 4/10:  59%|█████▉    | 185/313 [00:06<00:03, 36.21it/s, loss=3.53]
Train Epoch 4/10:  61%|██████    | 190/313 [00:06<00:03, 37.88it/s, loss=3.53]
Train Epoch 4/10:  61%|██████    | 190/313 [00:06<00:03, 37.88it/s, loss=3.41]
Train Epoch 4/10:  61%|██████    | 190/313 [00:06<00:03, 37.88it/s, loss=3.36]
Train Epoch 4/10:  61%|██████    | 190/313 [00:06<00:03, 37.88it/s, loss=3.51]
Train Epoch 4/10:  61%|██████    | 190/313 [00:06<00:03, 37.88it/s, loss=3.34]
Train Epoch 4/10:  61%|██████    | 190/313 [00:06<00:03, 37.88it/s, loss=3.42]
Train Epoch 4/10:  62%|██████▏   | 195/313 [00:06<00:03, 39.12it/s, loss=3.42]
Train Epoch 4/10:  62%|██████▏   | 195/313 [00:06<00:03, 39.12it/s, loss=3.44]
Train Epoch 4/10:  62%|██████▏   | 195/313 [00:06<00:03, 39.12it/s, loss=3.47]
Train Epoch 4/10:  62%|██████▏   | 195/313 [00:06<00:03, 39.12it/s, loss=3.34]
Train Epoch 4/10:  62%|██████▏   | 195/313 [00:06<00:03, 39.12it/s, loss=3.38]
Train Epoch 4/10:  64%|██████▎   | 199/313 [00:06<00:02, 39.28it/s, loss=3.38]
Train Epoch 4/10:  64%|██████▎   | 199/313 [00:06<00:02, 39.28it/s, loss=3.37]
Train Epoch 4/10:  64%|██████▎   | 199/313 [00:06<00:02, 39.28it/s, loss=3.53]
Train Epoch 4/10:  64%|██████▎   | 199/313 [00:06<00:02, 39.28it/s, loss=3.32]
Train Epoch 4/10:  64%|██████▎   | 199/313 [00:06<00:02, 39.28it/s, loss=3.31]
Train Epoch 4/10:  65%|██████▍   | 203/313 [00:06<00:02, 39.39it/s, loss=3.31]
Train Epoch 4/10:  65%|██████▍   | 203/313 [00:06<00:02, 39.39it/s, loss=3.38]
Train Epoch 4/10:  65%|██████▍   | 203/313 [00:06<00:02, 39.39it/s, loss=3.35]
Train Epoch 4/10:  65%|██████▍   | 203/313 [00:06<00:02, 39.39it/s, loss=3.36]
Train Epoch 4/10:  65%|██████▍   | 203/313 [00:06<00:02, 39.39it/s, loss=3.42]
Train Epoch 4/10:  65%|██████▍   | 203/313 [00:06<00:02, 39.39it/s, loss=3.29]
Train Epoch 4/10:  66%|██████▋   | 208/313 [00:06<00:02, 39.95it/s, loss=3.29]
Train Epoch 4/10:  66%|██████▋   | 208/313 [00:06<00:02, 39.95it/s, loss=3.35]
Train Epoch 4/10:  66%|██████▋   | 208/313 [00:06<00:02, 39.95it/s, loss=3.28]
Train Epoch 4/10:  66%|██████▋   | 208/313 [00:06<00:02, 39.95it/s, loss=3.32]
Train Epoch 4/10:  66%|██████▋   | 208/313 [00:06<00:02, 39.95it/s, loss=3.29]
Train Epoch 4/10:  66%|██████▋   | 208/313 [00:06<00:02, 39.95it/s, loss=3.31]
Train Epoch 4/10:  68%|██████▊   | 213/313 [00:06<00:02, 41.63it/s, loss=3.31]
Train Epoch 4/10:  68%|██████▊   | 213/313 [00:06<00:02, 41.63it/s, loss=3.35]
Train Epoch 4/10:  68%|██████▊   | 213/313 [00:06<00:02, 41.63it/s, loss=3.37]
Train Epoch 4/10:  68%|██████▊   | 213/313 [00:06<00:02, 41.63it/s, loss=3.19]
Train Epoch 4/10:  68%|██████▊   | 213/313 [00:06<00:02, 41.63it/s, loss=3.19]
Train Epoch 4/10:  68%|██████▊   | 213/313 [00:06<00:02, 41.63it/s, loss=3.34]
Train Epoch 4/10:  70%|██████▉   | 218/313 [00:06<00:02, 43.60it/s, loss=3.34]
Train Epoch 4/10:  70%|██████▉   | 218/313 [00:06<00:02, 43.60it/s, loss=3.23]
Train Epoch 4/10:  70%|██████▉   | 218/313 [00:06<00:02, 43.60it/s, loss=3.24]
Train Epoch 4/10:  70%|██████▉   | 218/313 [00:06<00:02, 43.60it/s, loss=3.43]
Train Epoch 4/10:  70%|██████▉   | 218/313 [00:06<00:02, 43.60it/s, loss=3.22]
Train Epoch 4/10:  70%|██████▉   | 218/313 [00:06<00:02, 43.60it/s, loss=3.24]
Train Epoch 4/10:  71%|███████   | 223/313 [00:06<00:01, 45.28it/s, loss=3.24]
Train Epoch 4/10:  71%|███████   | 223/313 [00:06<00:01, 45.28it/s, loss=3.18]
Train Epoch 4/10:  71%|███████   | 223/313 [00:06<00:01, 45.28it/s, loss=3.26]
Train Epoch 4/10:  71%|███████   | 223/313 [00:06<00:01, 45.28it/s, loss=3.33]
Train Epoch 4/10:  71%|███████   | 223/313 [00:06<00:01, 45.28it/s, loss=3.28]
Train Epoch 4/10:  71%|███████   | 223/313 [00:06<00:01, 45.28it/s, loss=3.21]
Train Epoch 4/10:  73%|███████▎  | 228/313 [00:06<00:01, 46.50it/s, loss=3.21]
Train Epoch 4/10:  73%|███████▎  | 228/313 [00:06<00:01, 46.50it/s, loss=3.34]
Train Epoch 4/10:  73%|███████▎  | 228/313 [00:06<00:01, 46.50it/s, loss=3.22]
Train Epoch 4/10:  73%|███████▎  | 228/313 [00:06<00:01, 46.50it/s, loss=3.32]
Train Epoch 4/10:  73%|███████▎  | 228/313 [00:07<00:01, 46.50it/s, loss=3.23]
Train Epoch 4/10:  73%|███████▎  | 228/313 [00:07<00:01, 46.50it/s, loss=3.17]
Train Epoch 4/10:  74%|███████▍  | 233/313 [00:07<00:01, 47.38it/s, loss=3.17]
Train Epoch 4/10:  74%|███████▍  | 233/313 [00:07<00:01, 47.38it/s, loss=3.22]
Train Epoch 4/10:  74%|███████▍  | 233/313 [00:07<00:01, 47.38it/s, loss=3.22]
Train Epoch 4/10:  74%|███████▍  | 233/313 [00:07<00:01, 47.38it/s, loss=3.31]
Train Epoch 4/10:  74%|███████▍  | 233/313 [00:07<00:01, 47.38it/s, loss=3.14]
Train Epoch 4/10:  74%|███████▍  | 233/313 [00:07<00:01, 47.38it/s, loss=3.08]
Train Epoch 4/10:  76%|███████▌  | 238/313 [00:07<00:01, 48.05it/s, loss=3.08]
Train Epoch 4/10:  76%|███████▌  | 238/313 [00:07<00:01, 48.05it/s, loss=3.09]
Train Epoch 4/10:  76%|███████▌  | 238/313 [00:07<00:01, 48.05it/s, loss=3.01]
Train Epoch 4/10:  76%|███████▌  | 238/313 [00:07<00:01, 48.05it/s, loss=3.29]
Train Epoch 4/10:  76%|███████▌  | 238/313 [00:07<00:01, 48.05it/s, loss=3.38]
Train Epoch 4/10:  76%|███████▌  | 238/313 [00:07<00:01, 48.05it/s, loss=3.16]
Train Epoch 4/10:  78%|███████▊  | 243/313 [00:07<00:01, 48.46it/s, loss=3.16]
Train Epoch 4/10:  78%|███████▊  | 243/313 [00:07<00:01, 48.46it/s, loss=3.1]
Train Epoch 4/10:  78%|███████▊  | 243/313 [00:07<00:01, 48.46it/s, loss=3.24]
Train Epoch 4/10:  78%|███████▊  | 243/313 [00:07<00:01, 48.46it/s, loss=3.28]
Train Epoch 4/10:  78%|███████▊  | 243/313 [00:07<00:01, 48.46it/s, loss=3.19]
Train Epoch 4/10:  78%|███████▊  | 243/313 [00:07<00:01, 48.46it/s, loss=3.12]
Train Epoch 4/10:  79%|███████▉  | 248/313 [00:07<00:01, 48.79it/s, loss=3.12]
Train Epoch 4/10:  79%|███████▉  | 248/313 [00:07<00:01, 48.79it/s, loss=3]
Train Epoch 4/10:  79%|███████▉  | 248/313 [00:07<00:01, 48.79it/s, loss=3.18]
Train Epoch 4/10:  79%|███████▉  | 248/313 [00:07<00:01, 48.79it/s, loss=3.16]
Train Epoch 4/10:  79%|███████▉  | 248/313 [00:07<00:01, 48.79it/s, loss=3.21]
Train Epoch 4/10:  79%|███████▉  | 248/313 [00:07<00:01, 48.79it/s, loss=3.08]
Train Epoch 4/10:  81%|████████  | 253/313 [00:07<00:01, 49.02it/s, loss=3.08]
Train Epoch 4/10:  81%|████████  | 253/313 [00:07<00:01, 49.02it/s, loss=3.09]
Train Epoch 4/10:  81%|████████  | 253/313 [00:07<00:01, 49.02it/s, loss=3.14]
Train Epoch 4/10:  81%|████████  | 253/313 [00:07<00:01, 49.02it/s, loss=3.08]
Train Epoch 4/10:  81%|████████  | 253/313 [00:07<00:01, 49.02it/s, loss=3.03]
Train Epoch 4/10:  81%|████████  | 253/313 [00:07<00:01, 49.02it/s, loss=3.26]
Train Epoch 4/10:  82%|████████▏ | 258/313 [00:07<00:01, 48.83it/s, loss=3.26]
Train Epoch 4/10:  82%|████████▏ | 258/313 [00:07<00:01, 48.83it/s, loss=3.18]
Train Epoch 4/10:  82%|████████▏ | 258/313 [00:07<00:01, 48.83it/s, loss=3.03]
Train Epoch 4/10:  82%|████████▏ | 258/313 [00:07<00:01, 48.83it/s, loss=3.13]
Train Epoch 4/10:  82%|████████▏ | 258/313 [00:07<00:01, 48.83it/s, loss=2.97]
Train Epoch 4/10:  82%|████████▏ | 258/313 [00:07<00:01, 48.83it/s, loss=2.96]
Train Epoch 4/10:  84%|████████▍ | 263/313 [00:07<00:01, 49.04it/s, loss=2.96]
Train Epoch 4/10:  84%|████████▍ | 263/313 [00:07<00:01, 49.04it/s, loss=3.08]
Train Epoch 4/10:  84%|████████▍ | 263/313 [00:07<00:01, 49.04it/s, loss=3.08]
Train Epoch 4/10:  84%|████████▍ | 263/313 [00:07<00:01, 49.04it/s, loss=3.03]
Train Epoch 4/10:  84%|████████▍ | 263/313 [00:07<00:01, 49.04it/s, loss=3.09]
Train Epoch 4/10:  84%|████████▍ | 263/313 [00:07<00:01, 49.04it/s, loss=3.09]
Train Epoch 4/10:  86%|████████▌ | 268/313 [00:07<00:00, 49.19it/s, loss=3.09]
Train Epoch 4/10:  86%|████████▌ | 268/313 [00:07<00:00, 49.19it/s, loss=2.98]
Train Epoch 4/10:  86%|████████▌ | 268/313 [00:07<00:00, 49.19it/s, loss=3.08]
Train Epoch 4/10:  86%|████████▌ | 268/313 [00:07<00:00, 49.19it/s, loss=3.03]
Train Epoch 4/10:  86%|████████▌ | 268/313 [00:07<00:00, 49.19it/s, loss=3]
Train Epoch 4/10:  86%|████████▌ | 268/313 [00:07<00:00, 49.19it/s, loss=3.08]
Train Epoch 4/10:  87%|████████▋ | 273/313 [00:07<00:00, 49.27it/s, loss=3.08]
Train Epoch 4/10:  87%|████████▋ | 273/313 [00:07<00:00, 49.27it/s, loss=3.13]
Train Epoch 4/10:  87%|████████▋ | 273/313 [00:07<00:00, 49.27it/s, loss=2.89]
Train Epoch 4/10:  87%|████████▋ | 273/313 [00:07<00:00, 49.27it/s, loss=2.92]
Train Epoch 4/10:  87%|████████▋ | 273/313 [00:07<00:00, 49.27it/s, loss=2.97]
Train Epoch 4/10:  87%|████████▋ | 273/313 [00:07<00:00, 49.27it/s, loss=2.99]
Train Epoch 4/10:  89%|████████▉ | 278/313 [00:07<00:00, 49.36it/s, loss=2.99]
Train Epoch 4/10:  89%|████████▉ | 278/313 [00:07<00:00, 49.36it/s, loss=2.86]
Train Epoch 4/10:  89%|████████▉ | 278/313 [00:07<00:00, 49.36it/s, loss=2.89]
Train Epoch 4/10:  89%|████████▉ | 278/313 [00:07<00:00, 49.36it/s, loss=2.97]
Train Epoch 4/10:  89%|████████▉ | 278/313 [00:08<00:00, 49.36it/s, loss=2.94]
Train Epoch 4/10:  89%|████████▉ | 278/313 [00:08<00:00, 49.36it/s, loss=3.06]
Train Epoch 4/10:  90%|█████████ | 283/313 [00:08<00:00, 49.43it/s, loss=3.06]
Train Epoch 4/10:  90%|█████████ | 283/313 [00:08<00:00, 49.43it/s, loss=2.89]
Train Epoch 4/10:  90%|█████████ | 283/313 [00:08<00:00, 49.43it/s, loss=2.85]
Train Epoch 4/10:  90%|█████████ | 283/313 [00:08<00:00, 49.43it/s, loss=2.89]
Train Epoch 4/10:  90%|█████████ | 283/313 [00:08<00:00, 49.43it/s, loss=2.89]
Train Epoch 4/10:  90%|█████████ | 283/313 [00:08<00:00, 49.43it/s, loss=3.04]
Train Epoch 4/10:  92%|█████████▏| 288/313 [00:08<00:00, 49.48it/s, loss=3.04]
Train Epoch 4/10:  92%|█████████▏| 288/313 [00:08<00:00, 49.48it/s, loss=2.9]
Train Epoch 4/10:  92%|█████████▏| 288/313 [00:08<00:00, 49.48it/s, loss=2.96]
Train Epoch 4/10:  92%|█████████▏| 288/313 [00:08<00:00, 49.48it/s, loss=2.93]
Train Epoch 4/10:  92%|█████████▏| 288/313 [00:08<00:00, 49.48it/s, loss=3.04]
Train Epoch 4/10:  92%|█████████▏| 288/313 [00:08<00:00, 49.48it/s, loss=2.9]
Train Epoch 4/10:  94%|█████████▎| 293/313 [00:08<00:00, 49.53it/s, loss=2.9]
Train Epoch 4/10:  94%|█████████▎| 293/313 [00:08<00:00, 49.53it/s, loss=2.87]
Train Epoch 4/10:  94%|█████████▎| 293/313 [00:08<00:00, 49.53it/s, loss=2.88]
Train Epoch 4/10:  94%|█████████▎| 293/313 [00:08<00:00, 49.53it/s, loss=2.88]
Train Epoch 4/10:  94%|█████████▎| 293/313 [00:08<00:00, 49.53it/s, loss=2.99]
Train Epoch 4/10:  94%|█████████▎| 293/313 [00:08<00:00, 49.53it/s, loss=2.94]
Train Epoch 4/10:  95%|█████████▌| 298/313 [00:08<00:00, 49.55it/s, loss=2.94]
Train Epoch 4/10:  95%|█████████▌| 298/313 [00:08<00:00, 49.55it/s, loss=2.85]
Train Epoch 4/10:  95%|█████████▌| 298/313 [00:08<00:00, 49.55it/s, loss=2.97]
Train Epoch 4/10:  95%|█████████▌| 298/313 [00:08<00:00, 49.55it/s, loss=2.82]
Train Epoch 4/10:  95%|█████████▌| 298/313 [00:08<00:00, 49.55it/s, loss=2.84]
Train Epoch 4/10:  95%|█████████▌| 298/313 [00:08<00:00, 49.55it/s, loss=2.87]
Train Epoch 4/10:  97%|█████████▋| 303/313 [00:08<00:00, 49.58it/s, loss=2.87]
Train Epoch 4/10:  97%|█████████▋| 303/313 [00:08<00:00, 49.58it/s, loss=2.81]
Train Epoch 4/10:  97%|█████████▋| 303/313 [00:08<00:00, 49.58it/s, loss=2.72]
Train Epoch 4/10:  97%|█████████▋| 303/313 [00:08<00:00, 49.58it/s, loss=2.92]
Train Epoch 4/10:  97%|█████████▋| 303/313 [00:08<00:00, 49.58it/s, loss=2.91]
Train Epoch 4/10:  97%|█████████▋| 303/313 [00:08<00:00, 49.58it/s, loss=2.95]
Train Epoch 4/10:  98%|█████████▊| 308/313 [00:08<00:00, 49.57it/s, loss=2.95]
Train Epoch 4/10:  98%|█████████▊| 308/313 [00:08<00:00, 49.57it/s, loss=2.96]
Train Epoch 4/10:  98%|█████████▊| 308/313 [00:08<00:00, 49.57it/s, loss=2.93]
Train Epoch 4/10:  98%|█████████▊| 308/313 [00:08<00:00, 49.57it/s, loss=2.77]
Train Epoch 4/10:  98%|█████████▊| 308/313 [00:08<00:00, 49.57it/s, loss=2.79]
Train Epoch 4/10:  98%|█████████▊| 308/313 [00:08<00:00, 49.57it/s, loss=2.68]
Train Epoch 4/10: 100%|██████████| 313/313 [00:08<00:00, 49.69it/s, loss=2.68]
Train Epoch 4/10: 100%|██████████| 313/313 [00:08<00:00, 36.24it/s, loss=2.68]

Valid Epoch 4/10:   0%|          | 0/32 [00:00<?, ?it/s, acc=-, loss=-]
Valid Epoch 4/10:  34%|███▍      | 11/32 [00:00<00:00, 105.94it/s, acc=-, loss=-]
Valid Epoch 4/10:  69%|██████▉   | 22/32 [00:00<00:00, 106.14it/s, acc=-, loss=-]
Valid Epoch 4/10: 100%|██████████| 32/32 [00:00<00:00, 106.14it/s, valid/loss=2.85, valid/accuracy=0.197]
Valid Epoch 4/10: 100%|██████████| 32/32 [00:00<00:00, 106.07it/s, valid/loss=2.85, valid/accuracy=0.197]

Train Epoch 5/10:   0%|          | 0/313 [00:00<?, ?it/s]
Train Epoch 5/10:   0%|          | 0/313 [00:00<?, ?it/s, loss=2.89]
Train Epoch 5/10:   0%|          | 0/313 [00:00<?, ?it/s, loss=2.85]
Train Epoch 5/10:   0%|          | 0/313 [00:00<?, ?it/s, loss=2.83]
Train Epoch 5/10:   0%|          | 0/313 [00:00<?, ?it/s, loss=2.83]
Train Epoch 5/10:   0%|          | 0/313 [00:00<?, ?it/s, loss=2.86]
Train Epoch 5/10:   2%|▏         | 5/313 [00:00<00:06, 46.58it/s, loss=2.86]
Train Epoch 5/10:   2%|▏         | 5/313 [00:00<00:06, 46.58it/s, loss=2.79]
Train Epoch 5/10:   2%|▏         | 5/313 [00:00<00:06, 46.58it/s, loss=2.69]
Train Epoch 5/10:   2%|▏         | 5/313 [00:00<00:06, 46.58it/s, loss=2.84]
Train Epoch 5/10:   2%|▏         | 5/313 [00:00<00:06, 46.58it/s, loss=2.9]
Train Epoch 5/10:   2%|▏         | 5/313 [00:00<00:06, 46.58it/s, loss=2.73]
Train Epoch 5/10:   3%|▎         | 10/313 [00:00<00:08, 37.32it/s, loss=2.73]
Train Epoch 5/10:   3%|▎         | 10/313 [00:00<00:08, 37.32it/s, loss=2.72]
Train Epoch 5/10:   3%|▎         | 10/313 [00:00<00:08, 37.32it/s, loss=2.8]
Train Epoch 5/10:   3%|▎         | 10/313 [00:00<00:08, 37.32it/s, loss=2.79]
Train Epoch 5/10:   3%|▎         | 10/313 [00:00<00:08, 37.32it/s, loss=2.75]
Train Epoch 5/10:   4%|▍         | 14/313 [00:00<00:08, 35.46it/s, loss=2.75]
Train Epoch 5/10:   4%|▍         | 14/313 [00:00<00:08, 35.46it/s, loss=2.77]
Train Epoch 5/10:   4%|▍         | 14/313 [00:00<00:08, 35.46it/s, loss=2.84]
Train Epoch 5/10:   4%|▍         | 14/313 [00:00<00:08, 35.46it/s, loss=2.91]
Train Epoch 5/10:   4%|▍         | 14/313 [00:00<00:08, 35.46it/s, loss=2.82]
Train Epoch 5/10:   6%|▌         | 18/313 [00:00<00:08, 33.11it/s, loss=2.82]
Train Epoch 5/10:   6%|▌         | 18/313 [00:00<00:08, 33.11it/s, loss=2.87]
Train Epoch 5/10:   6%|▌         | 18/313 [00:00<00:08, 33.11it/s, loss=2.76]
Train Epoch 5/10:   6%|▌         | 18/313 [00:00<00:08, 33.11it/s, loss=2.89]
Train Epoch 5/10:   6%|▌         | 18/313 [00:00<00:08, 33.11it/s, loss=2.73]
Train Epoch 5/10:   6%|▌         | 18/313 [00:00<00:08, 33.11it/s, loss=2.77]
Train Epoch 5/10:   7%|▋         | 23/313 [00:00<00:07, 36.46it/s, loss=2.77]
Train Epoch 5/10:   7%|▋         | 23/313 [00:00<00:07, 36.46it/s, loss=2.84]
Train Epoch 5/10:   7%|▋         | 23/313 [00:00<00:07, 36.46it/s, loss=2.72]
Train Epoch 5/10:   7%|▋         | 23/313 [00:00<00:07, 36.46it/s, loss=2.81]
Train Epoch 5/10:   7%|▋         | 23/313 [00:00<00:07, 36.46it/s, loss=2.86]
Train Epoch 5/10:   7%|▋         | 23/313 [00:00<00:07, 36.46it/s, loss=2.65]
Train Epoch 5/10:   9%|▉         | 28/313 [00:00<00:07, 39.68it/s, loss=2.65]
Train Epoch 5/10:   9%|▉         | 28/313 [00:00<00:07, 39.68it/s, loss=2.69]
Train Epoch 5/10:   9%|▉         | 28/313 [00:00<00:07, 39.68it/s, loss=2.75]
Train Epoch 5/10:   9%|▉         | 28/313 [00:00<00:07, 39.68it/s, loss=2.76]
Train Epoch 5/10:   9%|▉         | 28/313 [00:00<00:07, 39.68it/s, loss=2.77]
Train Epoch 5/10:   9%|▉         | 28/313 [00:00<00:07, 39.68it/s, loss=2.62]
Train Epoch 5/10:  11%|█         | 33/313 [00:00<00:06, 42.50it/s, loss=2.62]
Train Epoch 5/10:  11%|█         | 33/313 [00:00<00:06, 42.50it/s, loss=2.77]
Train Epoch 5/10:  11%|█         | 33/313 [00:00<00:06, 42.50it/s, loss=2.58]
Train Epoch 5/10:  11%|█         | 33/313 [00:00<00:06, 42.50it/s, loss=2.77]
Train Epoch 5/10:  11%|█         | 33/313 [00:00<00:06, 42.50it/s, loss=2.81]
Train Epoch 5/10:  11%|█         | 33/313 [00:00<00:06, 42.50it/s, loss=2.66]
Train Epoch 5/10:  12%|█▏        | 38/313 [00:00<00:06, 44.50it/s, loss=2.66]
Train Epoch 5/10:  12%|█▏        | 38/313 [00:00<00:06, 44.50it/s, loss=2.81]
Train Epoch 5/10:  12%|█▏        | 38/313 [00:00<00:06, 44.50it/s, loss=2.81]
Train Epoch 5/10:  12%|█▏        | 38/313 [00:01<00:06, 44.50it/s, loss=2.69]
Train Epoch 5/10:  12%|█▏        | 38/313 [00:01<00:06, 44.50it/s, loss=2.77]
Train Epoch 5/10:  12%|█▏        | 38/313 [00:01<00:06, 44.50it/s, loss=2.74]
Train Epoch 5/10:  14%|█▎        | 43/313 [00:01<00:05, 45.97it/s, loss=2.74]
Train Epoch 5/10:  14%|█▎        | 43/313 [00:01<00:05, 45.97it/s, loss=2.69]
Train Epoch 5/10:  14%|█▎        | 43/313 [00:01<00:05, 45.97it/s, loss=2.74]
Train Epoch 5/10:  14%|█▎        | 43/313 [00:01<00:05, 45.97it/s, loss=2.61]
Train Epoch 5/10:  14%|█▎        | 43/313 [00:01<00:05, 45.97it/s, loss=2.69]
Train Epoch 5/10:  14%|█▎        | 43/313 [00:01<00:05, 45.97it/s, loss=2.71]
Train Epoch 5/10:  15%|█▌        | 48/313 [00:01<00:05, 46.96it/s, loss=2.71]
Train Epoch 5/10:  15%|█▌        | 48/313 [00:01<00:05, 46.96it/s, loss=2.64]
Train Epoch 5/10:  15%|█▌        | 48/313 [00:01<00:05, 46.96it/s, loss=2.59]
Train Epoch 5/10:  15%|█▌        | 48/313 [00:01<00:05, 46.96it/s, loss=2.75]
Train Epoch 5/10:  15%|█▌        | 48/313 [00:01<00:05, 46.96it/s, loss=2.57]
Train Epoch 5/10:  15%|█▌        | 48/313 [00:01<00:05, 46.96it/s, loss=2.93]
Train Epoch 5/10:  17%|█▋        | 53/313 [00:01<00:05, 47.59it/s, loss=2.93]
Train Epoch 5/10:  17%|█▋        | 53/313 [00:01<00:05, 47.59it/s, loss=2.81]
Train Epoch 5/10:  17%|█▋        | 53/313 [00:01<00:05, 47.59it/s, loss=2.67]
Train Epoch 5/10:  17%|█▋        | 53/313 [00:01<00:05, 47.59it/s, loss=2.84]
Train Epoch 5/10:  17%|█▋        | 53/313 [00:01<00:05, 47.59it/s, loss=2.67]
Train Epoch 5/10:  17%|█▋        | 53/313 [00:01<00:05, 47.59it/s, loss=2.59]
Train Epoch 5/10:  19%|█▊        | 58/313 [00:01<00:05, 48.11it/s, loss=2.59]
Train Epoch 5/10:  19%|█▊        | 58/313 [00:01<00:05, 48.11it/s, loss=2.65]
Train Epoch 5/10:  19%|█▊        | 58/313 [00:01<00:05, 48.11it/s, loss=2.49]
Train Epoch 5/10:  19%|█▊        | 58/313 [00:01<00:05, 48.11it/s, loss=2.68]
Train Epoch 5/10:  19%|█▊        | 58/313 [00:01<00:05, 48.11it/s, loss=2.58]
Train Epoch 5/10:  19%|█▊        | 58/313 [00:01<00:05, 48.11it/s, loss=2.65]
Train Epoch 5/10:  20%|██        | 63/313 [00:01<00:05, 48.46it/s, loss=2.65]
Train Epoch 5/10:  20%|██        | 63/313 [00:01<00:05, 48.46it/s, loss=2.67]
Train Epoch 5/10:  20%|██        | 63/313 [00:01<00:05, 48.46it/s, loss=2.7]
Train Epoch 5/10:  20%|██        | 63/313 [00:01<00:05, 48.46it/s, loss=2.71]
Train Epoch 5/10:  20%|██        | 63/313 [00:01<00:05, 48.46it/s, loss=2.66]
Train Epoch 5/10:  20%|██        | 63/313 [00:01<00:05, 48.46it/s, loss=2.76]
Train Epoch 5/10:  22%|██▏       | 68/313 [00:01<00:05, 48.72it/s, loss=2.76]
Train Epoch 5/10:  22%|██▏       | 68/313 [00:01<00:05, 48.72it/s, loss=2.45]
Train Epoch 5/10:  22%|██▏       | 68/313 [00:01<00:05, 48.72it/s, loss=2.58]
Train Epoch 5/10:  22%|██▏       | 68/313 [00:01<00:05, 48.72it/s, loss=2.61]
Train Epoch 5/10:  22%|██▏       | 68/313 [00:01<00:05, 48.72it/s, loss=2.76]
Train Epoch 5/10:  22%|██▏       | 68/313 [00:01<00:05, 48.72it/s, loss=2.65]
Train Epoch 5/10:  23%|██▎       | 73/313 [00:01<00:04, 48.64it/s, loss=2.65]
Train Epoch 5/10:  23%|██▎       | 73/313 [00:01<00:04, 48.64it/s, loss=2.47]
Train Epoch 5/10:  23%|██▎       | 73/313 [00:01<00:04, 48.64it/s, loss=2.57]
Train Epoch 5/10:  23%|██▎       | 73/313 [00:01<00:04, 48.64it/s, loss=2.52]
Train Epoch 5/10:  23%|██▎       | 73/313 [00:01<00:04, 48.64it/s, loss=2.5]
Train Epoch 5/10:  23%|██▎       | 73/313 [00:01<00:04, 48.64it/s, loss=2.67]
Train Epoch 5/10:  25%|██▍       | 78/313 [00:01<00:04, 48.85it/s, loss=2.67]
Train Epoch 5/10:  25%|██▍       | 78/313 [00:01<00:04, 48.85it/s, loss=2.55]
Train Epoch 5/10:  25%|██▍       | 78/313 [00:01<00:04, 48.85it/s, loss=2.57]
Train Epoch 5/10:  25%|██▍       | 78/313 [00:01<00:04, 48.85it/s, loss=2.5]
Train Epoch 5/10:  25%|██▍       | 78/313 [00:01<00:04, 48.85it/s, loss=2.56]
Train Epoch 5/10:  25%|██▍       | 78/313 [00:01<00:04, 48.85it/s, loss=2.42]
Train Epoch 5/10:  27%|██▋       | 83/313 [00:01<00:04, 48.98it/s, loss=2.42]
Train Epoch 5/10:  27%|██▋       | 83/313 [00:01<00:04, 48.98it/s, loss=2.59]
Train Epoch 5/10:  27%|██▋       | 83/313 [00:01<00:04, 48.98it/s, loss=2.48]
Train Epoch 5/10:  27%|██▋       | 83/313 [00:01<00:04, 48.98it/s, loss=2.7]
Train Epoch 5/10:  27%|██▋       | 83/313 [00:01<00:04, 48.98it/s, loss=2.6]
Train Epoch 5/10:  27%|██▋       | 83/313 [00:01<00:04, 48.98it/s, loss=2.6]
Train Epoch 5/10:  27%|██▋       | 83/313 [00:01<00:04, 48.98it/s, loss=2.49]
Train Epoch 5/10:  28%|██▊       | 89/313 [00:01<00:04, 49.75it/s, loss=2.49]
Train Epoch 5/10:  28%|██▊       | 89/313 [00:01<00:04, 49.75it/s, loss=2.65]
Train Epoch 5/10:  28%|██▊       | 89/313 [00:02<00:04, 49.75it/s, loss=2.56]
Train Epoch 5/10:  28%|██▊       | 89/313 [00:02<00:04, 49.75it/s, loss=2.49]
Train Epoch 5/10:  28%|██▊       | 89/313 [00:02<00:04, 49.75it/s, loss=2.52]
Train Epoch 5/10:  28%|██▊       | 89/313 [00:02<00:04, 49.75it/s, loss=2.52]
Train Epoch 5/10:  28%|██▊       | 89/313 [00:02<00:04, 49.75it/s, loss=2.57]
Train Epoch 5/10:  30%|███       | 95/313 [00:02<00:04, 50.27it/s, loss=2.57]
Train Epoch 5/10:  30%|███       | 95/313 [00:02<00:04, 50.27it/s, loss=2.5]
Train Epoch 5/10:  30%|███       | 95/313 [00:02<00:04, 50.27it/s, loss=2.48]
Train Epoch 5/10:  30%|███       | 95/313 [00:02<00:04, 50.27it/s, loss=2.4]
Train Epoch 5/10:  30%|███       | 95/313 [00:02<00:04, 50.27it/s, loss=2.67]
Train Epoch 5/10:  30%|███       | 95/313 [00:02<00:04, 50.27it/s, loss=2.62]
Train Epoch 5/10:  30%|███       | 95/313 [00:02<00:04, 50.27it/s, loss=2.45]
Train Epoch 5/10:  32%|███▏      | 101/313 [00:02<00:04, 50.58it/s, loss=2.45]
Train Epoch 5/10:  32%|███▏      | 101/313 [00:02<00:04, 50.58it/s, loss=2.38]
Train Epoch 5/10:  32%|███▏      | 101/313 [00:02<00:04, 50.58it/s, loss=2.48]
Train Epoch 5/10:  32%|███▏      | 101/313 [00:02<00:04, 50.58it/s, loss=2.49]
Train Epoch 5/10:  32%|███▏      | 101/313 [00:02<00:04, 50.58it/s, loss=2.47]
Train Epoch 5/10:  32%|███▏      | 101/313 [00:02<00:04, 50.58it/s, loss=2.46]
Train Epoch 5/10:  32%|███▏      | 101/313 [00:02<00:04, 50.58it/s, loss=2.38]
Train Epoch 5/10:  34%|███▍      | 107/313 [00:02<00:04, 50.58it/s, loss=2.38]
Train Epoch 5/10:  34%|███▍      | 107/313 [00:02<00:04, 50.58it/s, loss=2.44]
Train Epoch 5/10:  34%|███▍      | 107/313 [00:02<00:04, 50.58it/s, loss=2.56]
Train Epoch 5/10:  34%|███▍      | 107/313 [00:02<00:04, 50.58it/s, loss=2.62]
Train Epoch 5/10:  34%|███▍      | 107/313 [00:02<00:04, 50.58it/s, loss=2.49]
Train Epoch 5/10:  34%|███▍      | 107/313 [00:02<00:04, 50.58it/s, loss=2.35]
Train Epoch 5/10:  34%|███▍      | 107/313 [00:02<00:04, 50.58it/s, loss=2.4]
Train Epoch 5/10:  36%|███▌      | 113/313 [00:02<00:05, 39.31it/s, loss=2.4]
Train Epoch 5/10:  36%|███▌      | 113/313 [00:02<00:05, 39.31it/s, loss=2.39]
Train Epoch 5/10:  36%|███▌      | 113/313 [00:02<00:05, 39.31it/s, loss=2.47]
Train Epoch 5/10:  36%|███▌      | 113/313 [00:02<00:05, 39.31it/s, loss=2.55]
Train Epoch 5/10:  36%|███▌      | 113/313 [00:02<00:05, 39.31it/s, loss=2.53]
Train Epoch 5/10:  36%|███▌      | 113/313 [00:02<00:05, 39.31it/s, loss=2.32]
Train Epoch 5/10:  38%|███▊      | 118/313 [00:02<00:05, 33.51it/s, loss=2.32]
Train Epoch 5/10:  38%|███▊      | 118/313 [00:02<00:05, 33.51it/s, loss=2.5]
Train Epoch 5/10:  38%|███▊      | 118/313 [00:02<00:05, 33.51it/s, loss=2.23]
Train Epoch 5/10:  38%|███▊      | 118/313 [00:02<00:05, 33.51it/s, loss=2.5]
Train Epoch 5/10:  38%|███▊      | 118/313 [00:02<00:05, 33.51it/s, loss=2.54]
Train Epoch 5/10:  39%|███▉      | 122/313 [00:02<00:05, 33.18it/s, loss=2.54]
Train Epoch 5/10:  39%|███▉      | 122/313 [00:02<00:05, 33.18it/s, loss=2.48]
Train Epoch 5/10:  39%|███▉      | 122/313 [00:02<00:05, 33.18it/s, loss=2.36]
Train Epoch 5/10:  39%|███▉      | 122/313 [00:02<00:05, 33.18it/s, loss=2.53]
Train Epoch 5/10:  39%|███▉      | 122/313 [00:02<00:05, 33.18it/s, loss=2.48]
Train Epoch 5/10:  40%|████      | 126/313 [00:02<00:05, 33.80it/s, loss=2.48]
Train Epoch 5/10:  40%|████      | 126/313 [00:03<00:05, 33.80it/s, loss=2.45]
Train Epoch 5/10:  40%|████      | 126/313 [00:03<00:05, 33.80it/s, loss=2.39]
Train Epoch 5/10:  40%|████      | 126/313 [00:03<00:05, 33.80it/s, loss=2.45]
Train Epoch 5/10:  40%|████      | 126/313 [00:03<00:05, 33.80it/s, loss=2.28]
Train Epoch 5/10:  40%|████      | 126/313 [00:03<00:05, 33.80it/s, loss=2.5]
Train Epoch 5/10:  42%|████▏     | 131/313 [00:03<00:05, 35.79it/s, loss=2.5]
Train Epoch 5/10:  42%|████▏     | 131/313 [00:03<00:05, 35.79it/s, loss=2.48]
Train Epoch 5/10:  42%|████▏     | 131/313 [00:03<00:05, 35.79it/s, loss=2.3]
Train Epoch 5/10:  42%|████▏     | 131/313 [00:03<00:05, 35.79it/s, loss=2.41]
Train Epoch 5/10:  42%|████▏     | 131/313 [00:03<00:05, 35.79it/s, loss=2.35]
Train Epoch 5/10:  43%|████▎     | 135/313 [00:03<00:04, 36.27it/s, loss=2.35]
Train Epoch 5/10:  43%|████▎     | 135/313 [00:03<00:04, 36.27it/s, loss=2.56]
Train Epoch 5/10:  43%|████▎     | 135/313 [00:03<00:04, 36.27it/s, loss=2.62]
Train Epoch 5/10:  43%|████▎     | 135/313 [00:03<00:04, 36.27it/s, loss=2.47]
Train Epoch 5/10:  43%|████▎     | 135/313 [00:03<00:04, 36.27it/s, loss=2.24]
Train Epoch 5/10:  44%|████▍     | 139/313 [00:03<00:05, 31.78it/s, loss=2.24]
Train Epoch 5/10:  44%|████▍     | 139/313 [00:03<00:05, 31.78it/s, loss=2.39]
Train Epoch 5/10:  44%|████▍     | 139/313 [00:03<00:05, 31.78it/s, loss=2.49]
Train Epoch 5/10:  44%|████▍     | 139/313 [00:03<00:05, 31.78it/s, loss=2.39]
Train Epoch 5/10:  44%|████▍     | 139/313 [00:03<00:05, 31.78it/s, loss=2.32]
Train Epoch 5/10:  46%|████▌     | 143/313 [00:03<00:05, 29.37it/s, loss=2.32]
Train Epoch 5/10:  46%|████▌     | 143/313 [00:03<00:05, 29.37it/s, loss=2.45]
Train Epoch 5/10:  46%|████▌     | 143/313 [00:03<00:05, 29.37it/s, loss=2.39]
Train Epoch 5/10:  46%|████▌     | 143/313 [00:03<00:05, 29.37it/s, loss=2.39]
Train Epoch 5/10:  46%|████▌     | 143/313 [00:03<00:05, 29.37it/s, loss=2.35]
Train Epoch 5/10:  47%|████▋     | 147/313 [00:03<00:05, 28.98it/s, loss=2.35]
Train Epoch 5/10:  47%|████▋     | 147/313 [00:03<00:05, 28.98it/s, loss=2.44]
Train Epoch 5/10:  47%|████▋     | 147/313 [00:03<00:05, 28.98it/s, loss=2.52]
Train Epoch 5/10:  47%|████▋     | 147/313 [00:03<00:05, 28.98it/s, loss=2.34]
Train Epoch 5/10:  47%|████▋     | 147/313 [00:03<00:05, 28.98it/s, loss=2.32]
Train Epoch 5/10:  48%|████▊     | 151/313 [00:03<00:05, 30.21it/s, loss=2.32]
Train Epoch 5/10:  48%|████▊     | 151/313 [00:03<00:05, 30.21it/s, loss=2.23]
Train Epoch 5/10:  48%|████▊     | 151/313 [00:03<00:05, 30.21it/s, loss=2.42]
Train Epoch 5/10:  48%|████▊     | 151/313 [00:03<00:05, 30.21it/s, loss=2.35]
Train Epoch 5/10:  48%|████▊     | 151/313 [00:03<00:05, 30.21it/s, loss=2.35]
Train Epoch 5/10:  50%|████▉     | 155/313 [00:03<00:04, 32.01it/s, loss=2.35]
Train Epoch 5/10:  50%|████▉     | 155/313 [00:03<00:04, 32.01it/s, loss=2.26]
Train Epoch 5/10:  50%|████▉     | 155/313 [00:03<00:04, 32.01it/s, loss=2.44]
Train Epoch 5/10:  50%|████▉     | 155/313 [00:03<00:04, 32.01it/s, loss=2.28]
Train Epoch 5/10:  50%|████▉     | 155/313 [00:04<00:04, 32.01it/s, loss=2.34]
Train Epoch 5/10:  50%|████▉     | 155/313 [00:04<00:04, 32.01it/s, loss=2.3]
Train Epoch 5/10:  51%|█████     | 160/313 [00:04<00:04, 34.94it/s, loss=2.3]
Train Epoch 5/10:  51%|█████     | 160/313 [00:04<00:04, 34.94it/s, loss=2.39]
Train Epoch 5/10:  51%|█████     | 160/313 [00:04<00:04, 34.94it/s, loss=2.34]
Train Epoch 5/10:  51%|█████     | 160/313 [00:04<00:04, 34.94it/s, loss=2.26]
Train Epoch 5/10:  51%|█████     | 160/313 [00:04<00:04, 34.94it/s, loss=2.38]
Train Epoch 5/10:  51%|█████     | 160/313 [00:04<00:04, 34.94it/s, loss=2.35]
Train Epoch 5/10:  53%|█████▎    | 165/313 [00:04<00:03, 37.69it/s, loss=2.35]
Train Epoch 5/10:  53%|█████▎    | 165/313 [00:04<00:03, 37.69it/s, loss=2.23]
Train Epoch 5/10:  53%|█████▎    | 165/313 [00:04<00:03, 37.69it/s, loss=2.3]
Train Epoch 5/10:  53%|█████▎    | 165/313 [00:04<00:03, 37.69it/s, loss=2.13]
Train Epoch 5/10:  53%|█████▎    | 165/313 [00:04<00:03, 37.69it/s, loss=2.34]
Train Epoch 5/10:  53%|█████▎    | 165/313 [00:04<00:03, 37.69it/s, loss=2.28]
Train Epoch 5/10:  54%|█████▍    | 170/313 [00:04<00:03, 40.07it/s, loss=2.28]
Train Epoch 5/10:  54%|█████▍    | 170/313 [00:04<00:03, 40.07it/s, loss=2.16]
Train Epoch 5/10:  54%|█████▍    | 170/313 [00:04<00:03, 40.07it/s, loss=2.27]
Train Epoch 5/10:  54%|█████▍    | 170/313 [00:04<00:03, 40.07it/s, loss=2.17]
Train Epoch 5/10:  54%|█████▍    | 170/313 [00:04<00:03, 40.07it/s, loss=2.28]
Train Epoch 5/10:  54%|█████▍    | 170/313 [00:04<00:03, 40.07it/s, loss=2.3]
Train Epoch 5/10:  56%|█████▌    | 175/313 [00:04<00:03, 42.04it/s, loss=2.3]
Train Epoch 5/10:  56%|█████▌    | 175/313 [00:04<00:03, 42.04it/s, loss=2.06]
Train Epoch 5/10:  56%|█████▌    | 175/313 [00:04<00:03, 42.04it/s, loss=2.31]
Train Epoch 5/10:  56%|█████▌    | 175/313 [00:04<00:03, 42.04it/s, loss=2.29]
Train Epoch 5/10:  56%|█████▌    | 175/313 [00:04<00:03, 42.04it/s, loss=2.28]
Train Epoch 5/10:  56%|█████▌    | 175/313 [00:04<00:03, 42.04it/s, loss=2.17]
Train Epoch 5/10:  58%|█████▊    | 180/313 [00:04<00:03, 41.30it/s, loss=2.17]
Train Epoch 5/10:  58%|█████▊    | 180/313 [00:04<00:03, 41.30it/s, loss=2.16]
Train Epoch 5/10:  58%|█████▊    | 180/313 [00:04<00:03, 41.30it/s, loss=2.27]
Train Epoch 5/10:  58%|█████▊    | 180/313 [00:04<00:03, 41.30it/s, loss=2.23]
Train Epoch 5/10:  58%|█████▊    | 180/313 [00:04<00:03, 41.30it/s, loss=2.09]
Train Epoch 5/10:  58%|█████▊    | 180/313 [00:04<00:03, 41.30it/s, loss=2.21]
Train Epoch 5/10:  59%|█████▉    | 185/313 [00:04<00:03, 33.36it/s, loss=2.21]
Train Epoch 5/10:  59%|█████▉    | 185/313 [00:04<00:03, 33.36it/s, loss=2.06]
Train Epoch 5/10:  59%|█████▉    | 185/313 [00:04<00:03, 33.36it/s, loss=2.33]
Train Epoch 5/10:  59%|█████▉    | 185/313 [00:04<00:03, 33.36it/s, loss=2.2]
Train Epoch 5/10:  59%|█████▉    | 185/313 [00:04<00:03, 33.36it/s, loss=2.37]
Train Epoch 5/10:  60%|██████    | 189/313 [00:04<00:03, 31.60it/s, loss=2.37]
Train Epoch 5/10:  60%|██████    | 189/313 [00:04<00:03, 31.60it/s, loss=2.32]
Train Epoch 5/10:  60%|██████    | 189/313 [00:04<00:03, 31.60it/s, loss=2.25]
Train Epoch 5/10:  60%|██████    | 189/313 [00:04<00:03, 31.60it/s, loss=2.25]
Train Epoch 5/10:  60%|██████    | 189/313 [00:04<00:03, 31.60it/s, loss=2.35]
Train Epoch 5/10:  62%|██████▏   | 193/313 [00:04<00:03, 32.62it/s, loss=2.35]
Train Epoch 5/10:  62%|██████▏   | 193/313 [00:04<00:03, 32.62it/s, loss=2.14]
Train Epoch 5/10:  62%|██████▏   | 193/313 [00:05<00:03, 32.62it/s, loss=2.23]
Train Epoch 5/10:  62%|██████▏   | 193/313 [00:05<00:03, 32.62it/s, loss=2.3]
Train Epoch 5/10:  62%|██████▏   | 193/313 [00:05<00:03, 32.62it/s, loss=2.34]
Train Epoch 5/10:  63%|██████▎   | 197/313 [00:05<00:03, 34.24it/s, loss=2.34]
Train Epoch 5/10:  63%|██████▎   | 197/313 [00:05<00:03, 34.24it/s, loss=2.12]
Train Epoch 5/10:  63%|██████▎   | 197/313 [00:05<00:03, 34.24it/s, loss=2.25]
Train Epoch 5/10:  63%|██████▎   | 197/313 [00:05<00:03, 34.24it/s, loss=2.14]
Train Epoch 5/10:  63%|██████▎   | 197/313 [00:05<00:03, 34.24it/s, loss=2.2]
Train Epoch 5/10:  63%|██████▎   | 197/313 [00:05<00:03, 34.24it/s, loss=2.15]
Train Epoch 5/10:  65%|██████▍   | 202/313 [00:05<00:03, 36.17it/s, loss=2.15]
Train Epoch 5/10:  65%|██████▍   | 202/313 [00:05<00:03, 36.17it/s, loss=2.23]
Train Epoch 5/10:  65%|██████▍   | 202/313 [00:05<00:03, 36.17it/s, loss=2.28]
Train Epoch 5/10:  65%|██████▍   | 202/313 [00:05<00:03, 36.17it/s, loss=2.15]
Train Epoch 5/10:  65%|██████▍   | 202/313 [00:05<00:03, 36.17it/s, loss=2.18]
Train Epoch 5/10:  65%|██████▍   | 202/313 [00:05<00:03, 36.17it/s, loss=2.36]
Train Epoch 5/10:  66%|██████▌   | 207/313 [00:05<00:02, 38.23it/s, loss=2.36]
Train Epoch 5/10:  66%|██████▌   | 207/313 [00:05<00:02, 38.23it/s, loss=2.16]
Train Epoch 5/10:  66%|██████▌   | 207/313 [00:05<00:02, 38.23it/s, loss=2.07]
Train Epoch 5/10:  66%|██████▌   | 207/313 [00:05<00:02, 38.23it/s, loss=2.08]
Train Epoch 5/10:  66%|██████▌   | 207/313 [00:05<00:02, 38.23it/s, loss=2.2]
Train Epoch 5/10:  66%|██████▌   | 207/313 [00:05<00:02, 38.23it/s, loss=2.17]
Train Epoch 5/10:  68%|██████▊   | 212/313 [00:05<00:02, 40.18it/s, loss=2.17]
Train Epoch 5/10:  68%|██████▊   | 212/313 [00:05<00:02, 40.18it/s, loss=2.31]
Train Epoch 5/10:  68%|██████▊   | 212/313 [00:05<00:02, 40.18it/s, loss=2.12]
Train Epoch 5/10:  68%|██████▊   | 212/313 [00:05<00:02, 40.18it/s, loss=2.18]
Train Epoch 5/10:  68%|██████▊   | 212/313 [00:05<00:02, 40.18it/s, loss=2.08]
Train Epoch 5/10:  68%|██████▊   | 212/313 [00:05<00:02, 40.18it/s, loss=2.03]
Train Epoch 5/10:  69%|██████▉   | 217/313 [00:05<00:02, 41.67it/s, loss=2.03]
Train Epoch 5/10:  69%|██████▉   | 217/313 [00:05<00:02, 41.67it/s, loss=2.24]
Train Epoch 5/10:  69%|██████▉   | 217/313 [00:05<00:02, 41.67it/s, loss=2.05]
Train Epoch 5/10:  69%|██████▉   | 217/313 [00:05<00:02, 41.67it/s, loss=2.04]
Train Epoch 5/10:  69%|██████▉   | 217/313 [00:05<00:02, 41.67it/s, loss=2.13]
Train Epoch 5/10:  69%|██████▉   | 217/313 [00:05<00:02, 41.67it/s, loss=2.09]
Train Epoch 5/10:  71%|███████   | 222/313 [00:05<00:02, 42.68it/s, loss=2.09]
Train Epoch 5/10:  71%|███████   | 222/313 [00:05<00:02, 42.68it/s, loss=2.31]
Train Epoch 5/10:  71%|███████   | 222/313 [00:05<00:02, 42.68it/s, loss=2.16]
Train Epoch 5/10:  71%|███████   | 222/313 [00:05<00:02, 42.68it/s, loss=2.14]
Train Epoch 5/10:  71%|███████   | 222/313 [00:05<00:02, 42.68it/s, loss=2.17]
Train Epoch 5/10:  71%|███████   | 222/313 [00:05<00:02, 42.68it/s, loss=2.09]
Train Epoch 5/10:  73%|███████▎  | 227/313 [00:05<00:01, 43.97it/s, loss=2.09]
Train Epoch 5/10:  73%|███████▎  | 227/313 [00:05<00:01, 43.97it/s, loss=2.22]
Train Epoch 5/10:  73%|███████▎  | 227/313 [00:05<00:01, 43.97it/s, loss=2.16]
Train Epoch 5/10:  73%|███████▎  | 227/313 [00:05<00:01, 43.97it/s, loss=2.21]
Train Epoch 5/10:  73%|███████▎  | 227/313 [00:05<00:01, 43.97it/s, loss=2.1]
Train Epoch 5/10:  73%|███████▎  | 227/313 [00:05<00:01, 43.97it/s, loss=2.09]
Train Epoch 5/10:  74%|███████▍  | 232/313 [00:05<00:01, 44.97it/s, loss=2.09]
Train Epoch 5/10:  74%|███████▍  | 232/313 [00:05<00:01, 44.97it/s, loss=2.02]
Train Epoch 5/10:  74%|███████▍  | 232/313 [00:05<00:01, 44.97it/s, loss=2.05]
Train Epoch 5/10:  74%|███████▍  | 232/313 [00:05<00:01, 44.97it/s, loss=2.19]
Train Epoch 5/10:  74%|███████▍  | 232/313 [00:05<00:01, 44.97it/s, loss=2.08]
Train Epoch 5/10:  74%|███████▍  | 232/313 [00:05<00:01, 44.97it/s, loss=2.06]
Train Epoch 5/10:  76%|███████▌  | 237/313 [00:05<00:01, 45.54it/s, loss=2.06]
Train Epoch 5/10:  76%|███████▌  | 237/313 [00:05<00:01, 45.54it/s, loss=2.1]
Train Epoch 5/10:  76%|███████▌  | 237/313 [00:05<00:01, 45.54it/s, loss=2.02]
Train Epoch 5/10:  76%|███████▌  | 237/313 [00:06<00:01, 45.54it/s, loss=2.02]
Train Epoch 5/10:  76%|███████▌  | 237/313 [00:06<00:01, 45.54it/s, loss=2.15]
Train Epoch 5/10:  76%|███████▌  | 237/313 [00:06<00:01, 45.54it/s, loss=2.37]
Train Epoch 5/10:  77%|███████▋  | 242/313 [00:06<00:01, 46.28it/s, loss=2.37]
Train Epoch 5/10:  77%|███████▋  | 242/313 [00:06<00:01, 46.28it/s, loss=1.91]
Train Epoch 5/10:  77%|███████▋  | 242/313 [00:06<00:01, 46.28it/s, loss=2.13]
Train Epoch 5/10:  77%|███████▋  | 242/313 [00:06<00:01, 46.28it/s, loss=2.11]
Train Epoch 5/10:  77%|███████▋  | 242/313 [00:06<00:01, 46.28it/s, loss=2.2]
Train Epoch 5/10:  77%|███████▋  | 242/313 [00:06<00:01, 46.28it/s, loss=2.16]
Train Epoch 5/10:  79%|███████▉  | 247/313 [00:06<00:01, 46.81it/s, loss=2.16]
Train Epoch 5/10:  79%|███████▉  | 247/313 [00:06<00:01, 46.81it/s, loss=1.98]
Train Epoch 5/10:  79%|███████▉  | 247/313 [00:06<00:01, 46.81it/s, loss=2]
Train Epoch 5/10:  79%|███████▉  | 247/313 [00:06<00:01, 46.81it/s, loss=2.18]
Train Epoch 5/10:  79%|███████▉  | 247/313 [00:06<00:01, 46.81it/s, loss=2.13]
Train Epoch 5/10:  79%|███████▉  | 247/313 [00:06<00:01, 46.81it/s, loss=2.04]
Train Epoch 5/10:  81%|████████  | 252/313 [00:06<00:01, 47.17it/s, loss=2.04]
Train Epoch 5/10:  81%|████████  | 252/313 [00:06<00:01, 47.17it/s, loss=1.91]
Train Epoch 5/10:  81%|████████  | 252/313 [00:06<00:01, 47.17it/s, loss=2]
Train Epoch 5/10:  81%|████████  | 252/313 [00:06<00:01, 47.17it/s, loss=1.96]
Train Epoch 5/10:  81%|████████  | 252/313 [00:06<00:01, 47.17it/s, loss=1.94]
Train Epoch 5/10:  81%|████████  | 252/313 [00:06<00:01, 47.17it/s, loss=1.95]
Train Epoch 5/10:  82%|████████▏ | 257/313 [00:06<00:01, 47.44it/s, loss=1.95]
Train Epoch 5/10:  82%|████████▏ | 257/313 [00:06<00:01, 47.44it/s, loss=2.12]
Train Epoch 5/10:  82%|████████▏ | 257/313 [00:06<00:01, 47.44it/s, loss=1.97]
Train Epoch 5/10:  82%|████████▏ | 257/313 [00:06<00:01, 47.44it/s, loss=1.94]
Train Epoch 5/10:  82%|████████▏ | 257/313 [00:06<00:01, 47.44it/s, loss=2.12]
Train Epoch 5/10:  82%|████████▏ | 257/313 [00:06<00:01, 47.44it/s, loss=1.86]
Train Epoch 5/10:  84%|████████▎ | 262/313 [00:06<00:01, 47.61it/s, loss=1.86]
Train Epoch 5/10:  84%|████████▎ | 262/313 [00:06<00:01, 47.61it/s, loss=2]
Train Epoch 5/10:  84%|████████▎ | 262/313 [00:06<00:01, 47.61it/s, loss=2.08]
Train Epoch 5/10:  84%|████████▎ | 262/313 [00:06<00:01, 47.61it/s, loss=2.15]
Train Epoch 5/10:  84%|████████▎ | 262/313 [00:06<00:01, 47.61it/s, loss=1.9]
Train Epoch 5/10:  84%|████████▎ | 262/313 [00:06<00:01, 47.61it/s, loss=2]
Train Epoch 5/10:  85%|████████▌ | 267/313 [00:06<00:00, 47.74it/s, loss=2]
Train Epoch 5/10:  85%|████████▌ | 267/313 [00:06<00:00, 47.74it/s, loss=2]
Train Epoch 5/10:  85%|████████▌ | 267/313 [00:06<00:00, 47.74it/s, loss=2.02]
Train Epoch 5/10:  85%|████████▌ | 267/313 [00:06<00:00, 47.74it/s, loss=2.08]
Train Epoch 5/10:  85%|████████▌ | 267/313 [00:06<00:00, 47.74it/s, loss=2.02]
Train Epoch 5/10:  85%|████████▌ | 267/313 [00:06<00:00, 47.74it/s, loss=2.04]
Train Epoch 5/10:  87%|████████▋ | 272/313 [00:06<00:00, 47.84it/s, loss=2.04]
Train Epoch 5/10:  87%|████████▋ | 272/313 [00:06<00:00, 47.84it/s, loss=2.11]
Train Epoch 5/10:  87%|████████▋ | 272/313 [00:06<00:00, 47.84it/s, loss=2]
Train Epoch 5/10:  87%|████████▋ | 272/313 [00:06<00:00, 47.84it/s, loss=1.91]
Train Epoch 5/10:  87%|████████▋ | 272/313 [00:06<00:00, 47.84it/s, loss=1.94]
Train Epoch 5/10:  87%|████████▋ | 272/313 [00:06<00:00, 47.84it/s, loss=1.93]
Train Epoch 5/10:  88%|████████▊ | 277/313 [00:06<00:00, 47.90it/s, loss=1.93]
Train Epoch 5/10:  88%|████████▊ | 277/313 [00:06<00:00, 47.90it/s, loss=1.95]
Train Epoch 5/10:  88%|████████▊ | 277/313 [00:06<00:00, 47.90it/s, loss=1.96]
Train Epoch 5/10:  88%|████████▊ | 277/313 [00:06<00:00, 47.90it/s, loss=1.91]
Train Epoch 5/10:  88%|████████▊ | 277/313 [00:06<00:00, 47.90it/s, loss=1.95]
Train Epoch 5/10:  88%|████████▊ | 277/313 [00:06<00:00, 47.90it/s, loss=1.9]
Train Epoch 5/10:  90%|█████████ | 282/313 [00:06<00:00, 47.93it/s, loss=1.9]
Train Epoch 5/10:  90%|█████████ | 282/313 [00:06<00:00, 47.93it/s, loss=2.12]
Train Epoch 5/10:  90%|█████████ | 282/313 [00:06<00:00, 47.93it/s, loss=1.86]
Train Epoch 5/10:  90%|█████████ | 282/313 [00:06<00:00, 47.93it/s, loss=1.96]
Train Epoch 5/10:  90%|█████████ | 282/313 [00:06<00:00, 47.93it/s, loss=1.95]
Train Epoch 5/10:  90%|█████████ | 282/313 [00:06<00:00, 47.93it/s, loss=1.95]
Train Epoch 5/10:  92%|█████████▏| 287/313 [00:06<00:00, 47.95it/s, loss=1.95]
Train Epoch 5/10:  92%|█████████▏| 287/313 [00:07<00:00, 47.95it/s, loss=1.96]
Train Epoch 5/10:  92%|█████████▏| 287/313 [00:07<00:00, 47.95it/s, loss=1.84]
Train Epoch 5/10:  92%|█████████▏| 287/313 [00:07<00:00, 47.95it/s, loss=1.89]
Train Epoch 5/10:  92%|█████████▏| 287/313 [00:07<00:00, 47.95it/s, loss=1.99]
Train Epoch 5/10:  92%|█████████▏| 287/313 [00:07<00:00, 47.95it/s, loss=2.01]
Train Epoch 5/10:  93%|█████████▎| 292/313 [00:07<00:00, 47.97it/s, loss=2.01]
Train Epoch 5/10:  93%|█████████▎| 292/313 [00:07<00:00, 47.97it/s, loss=1.93]
Train Epoch 5/10:  93%|█████████▎| 292/313 [00:07<00:00, 47.97it/s, loss=1.93]
Train Epoch 5/10:  93%|█████████▎| 292/313 [00:07<00:00, 47.97it/s, loss=1.95]
Train Epoch 5/10:  93%|█████████▎| 292/313 [00:07<00:00, 47.97it/s, loss=1.95]
Train Epoch 5/10:  93%|█████████▎| 292/313 [00:07<00:00, 47.97it/s, loss=2.05]
Train Epoch 5/10:  95%|█████████▍| 297/313 [00:07<00:00, 48.00it/s, loss=2.05]
Train Epoch 5/10:  95%|█████████▍| 297/313 [00:07<00:00, 48.00it/s, loss=1.94]
Train Epoch 5/10:  95%|█████████▍| 297/313 [00:07<00:00, 48.00it/s, loss=1.84]
Train Epoch 5/10:  95%|█████████▍| 297/313 [00:07<00:00, 48.00it/s, loss=1.99]
Train Epoch 5/10:  95%|█████████▍| 297/313 [00:07<00:00, 48.00it/s, loss=1.86]
Train Epoch 5/10:  95%|█████████▍| 297/313 [00:07<00:00, 48.00it/s, loss=1.8]
Train Epoch 5/10:  96%|█████████▋| 302/313 [00:07<00:00, 48.03it/s, loss=1.8]
Train Epoch 5/10:  96%|█████████▋| 302/313 [00:07<00:00, 48.03it/s, loss=1.92]
Train Epoch 5/10:  96%|█████████▋| 302/313 [00:07<00:00, 48.03it/s, loss=1.8]
Train Epoch 5/10:  96%|█████████▋| 302/313 [00:07<00:00, 48.03it/s, loss=1.81]
Train Epoch 5/10:  96%|█████████▋| 302/313 [00:07<00:00, 48.03it/s, loss=1.97]
Train Epoch 5/10:  96%|█████████▋| 302/313 [00:07<00:00, 48.03it/s, loss=1.84]
Train Epoch 5/10:  98%|█████████▊| 307/313 [00:07<00:00, 47.99it/s, loss=1.84]
Train Epoch 5/10:  98%|█████████▊| 307/313 [00:07<00:00, 47.99it/s, loss=1.92]
Train Epoch 5/10:  98%|█████████▊| 307/313 [00:07<00:00, 47.99it/s, loss=1.97]
Train Epoch 5/10:  98%|█████████▊| 307/313 [00:07<00:00, 47.99it/s, loss=1.99]
Train Epoch 5/10:  98%|█████████▊| 307/313 [00:07<00:00, 47.99it/s, loss=1.76]
Train Epoch 5/10:  98%|█████████▊| 307/313 [00:07<00:00, 47.99it/s, loss=1.72]
Train Epoch 5/10: 100%|█████████▉| 312/313 [00:07<00:00, 47.98it/s, loss=1.72]
Train Epoch 5/10: 100%|█████████▉| 312/313 [00:07<00:00, 47.98it/s, loss=1.68]
Train Epoch 5/10: 100%|██████████| 313/313 [00:07<00:00, 41.53it/s, loss=1.68]

Valid Epoch 5/10:   0%|          | 0/32 [00:00<?, ?it/s, acc=-, loss=-]
Valid Epoch 5/10:  34%|███▍      | 11/32 [00:00<00:00, 101.00it/s, acc=-, loss=-]
Valid Epoch 5/10:  69%|██████▉   | 22/32 [00:00<00:00, 103.39it/s, acc=-, loss=-]
Valid Epoch 5/10: 100%|██████████| 32/32 [00:00<00:00, 103.39it/s, valid/loss=1.92, valid/accuracy=0.345]
Valid Epoch 5/10: 100%|██████████| 32/32 [00:00<00:00, 104.52it/s, valid/loss=1.92, valid/accuracy=0.345]

Train Epoch 6/10:   0%|          | 0/313 [00:00<?, ?it/s]
Train Epoch 6/10:   0%|          | 0/313 [00:00<?, ?it/s, loss=1.99]
Train Epoch 6/10:   0%|          | 0/313 [00:00<?, ?it/s, loss=1.91]
Train Epoch 6/10:   0%|          | 0/313 [00:00<?, ?it/s, loss=1.86]
Train Epoch 6/10:   0%|          | 0/313 [00:00<?, ?it/s, loss=1.86]
Train Epoch 6/10:   0%|          | 0/313 [00:00<?, ?it/s, loss=1.92]
Train Epoch 6/10:   0%|          | 0/313 [00:00<?, ?it/s, loss=1.78]
Train Epoch 6/10:   2%|▏         | 6/313 [00:00<00:05, 51.59it/s, loss=1.78]
Train Epoch 6/10:   2%|▏         | 6/313 [00:00<00:05, 51.59it/s, loss=1.87]
Train Epoch 6/10:   2%|▏         | 6/313 [00:00<00:05, 51.59it/s, loss=1.9]
Train Epoch 6/10:   2%|▏         | 6/313 [00:00<00:05, 51.59it/s, loss=1.93]
Train Epoch 6/10:   2%|▏         | 6/313 [00:00<00:05, 51.59it/s, loss=1.82]
Train Epoch 6/10:   2%|▏         | 6/313 [00:00<00:05, 51.59it/s, loss=1.76]
Train Epoch 6/10:   2%|▏         | 6/313 [00:00<00:05, 51.59it/s, loss=1.96]
Train Epoch 6/10:   4%|▍         | 12/313 [00:00<00:07, 40.39it/s, loss=1.96]
Train Epoch 6/10:   4%|▍         | 12/313 [00:00<00:07, 40.39it/s, loss=1.84]
Train Epoch 6/10:   4%|▍         | 12/313 [00:00<00:07, 40.39it/s, loss=1.85]
Train Epoch 6/10:   4%|▍         | 12/313 [00:00<00:07, 40.39it/s, loss=1.82]
Train Epoch 6/10:   4%|▍         | 12/313 [00:00<00:07, 40.39it/s, loss=1.87]
Train Epoch 6/10:   4%|▍         | 12/313 [00:00<00:07, 40.39it/s, loss=1.93]
Train Epoch 6/10:   5%|▌         | 17/313 [00:00<00:07, 39.99it/s, loss=1.93]
Train Epoch 6/10:   5%|▌         | 17/313 [00:00<00:07, 39.99it/s, loss=1.84]
Train Epoch 6/10:   5%|▌         | 17/313 [00:00<00:07, 39.99it/s, loss=1.98]
Train Epoch 6/10:   5%|▌         | 17/313 [00:00<00:07, 39.99it/s, loss=1.8]
Train Epoch 6/10:   5%|▌         | 17/313 [00:00<00:07, 39.99it/s, loss=1.93]
Train Epoch 6/10:   5%|▌         | 17/313 [00:00<00:07, 39.99it/s, loss=1.83]
Train Epoch 6/10:   7%|▋         | 22/313 [00:00<00:07, 40.29it/s, loss=1.83]
Train Epoch 6/10:   7%|▋         | 22/313 [00:00<00:07, 40.29it/s, loss=1.81]
Train Epoch 6/10:   7%|▋         | 22/313 [00:00<00:07, 40.29it/s, loss=1.83]
Train Epoch 6/10:   7%|▋         | 22/313 [00:00<00:07, 40.29it/s, loss=1.73]
Train Epoch 6/10:   7%|▋         | 22/313 [00:00<00:07, 40.29it/s, loss=1.94]
Train Epoch 6/10:   7%|▋         | 22/313 [00:00<00:07, 40.29it/s, loss=1.87]
Train Epoch 6/10:   9%|▊         | 27/313 [00:00<00:06, 41.04it/s, loss=1.87]
Train Epoch 6/10:   9%|▊         | 27/313 [00:00<00:06, 41.04it/s, loss=1.77]
Train Epoch 6/10:   9%|▊         | 27/313 [00:00<00:06, 41.04it/s, loss=1.83]
Train Epoch 6/10:   9%|▊         | 27/313 [00:00<00:06, 41.04it/s, loss=1.77]
Train Epoch 6/10:   9%|▊         | 27/313 [00:00<00:06, 41.04it/s, loss=1.82]
Train Epoch 6/10:   9%|▊         | 27/313 [00:00<00:06, 41.04it/s, loss=1.76]
Train Epoch 6/10:  10%|█         | 32/313 [00:00<00:06, 42.03it/s, loss=1.76]
Train Epoch 6/10:  10%|█         | 32/313 [00:00<00:06, 42.03it/s, loss=1.81]
Train Epoch 6/10:  10%|█         | 32/313 [00:00<00:06, 42.03it/s, loss=1.79]
Train Epoch 6/10:  10%|█         | 32/313 [00:00<00:06, 42.03it/s, loss=1.75]
Train Epoch 6/10:  10%|█         | 32/313 [00:00<00:06, 42.03it/s, loss=1.88]
Train Epoch 6/10:  10%|█         | 32/313 [00:00<00:06, 42.03it/s, loss=1.78]
Train Epoch 6/10:  12%|█▏        | 37/313 [00:00<00:06, 43.06it/s, loss=1.78]
Train Epoch 6/10:  12%|█▏        | 37/313 [00:00<00:06, 43.06it/s, loss=1.7]
Train Epoch 6/10:  12%|█▏        | 37/313 [00:00<00:06, 43.06it/s, loss=1.94]
Train Epoch 6/10:  12%|█▏        | 37/313 [00:00<00:06, 43.06it/s, loss=1.96]
Train Epoch 6/10:  12%|█▏        | 37/313 [00:00<00:06, 43.06it/s, loss=1.79]
Train Epoch 6/10:  12%|█▏        | 37/313 [00:00<00:06, 43.06it/s, loss=1.79]
Train Epoch 6/10:  13%|█▎        | 42/313 [00:00<00:06, 43.88it/s, loss=1.79]
Train Epoch 6/10:  13%|█▎        | 42/313 [00:01<00:06, 43.88it/s, loss=1.8]
Train Epoch 6/10:  13%|█▎        | 42/313 [00:01<00:06, 43.88it/s, loss=1.8]
Train Epoch 6/10:  13%|█▎        | 42/313 [00:01<00:06, 43.88it/s, loss=1.85]
Train Epoch 6/10:  13%|█▎        | 42/313 [00:01<00:06, 43.88it/s, loss=1.7]
Train Epoch 6/10:  13%|█▎        | 42/313 [00:01<00:06, 43.88it/s, loss=1.75]
Train Epoch 6/10:  15%|█▌        | 47/313 [00:01<00:05, 44.77it/s, loss=1.75]
Train Epoch 6/10:  15%|█▌        | 47/313 [00:01<00:05, 44.77it/s, loss=1.75]
Train Epoch 6/10:  15%|█▌        | 47/313 [00:01<00:05, 44.77it/s, loss=1.71]
Train Epoch 6/10:  15%|█▌        | 47/313 [00:01<00:05, 44.77it/s, loss=1.68]
Train Epoch 6/10:  15%|█▌        | 47/313 [00:01<00:05, 44.77it/s, loss=1.88]
Train Epoch 6/10:  15%|█▌        | 47/313 [00:01<00:05, 44.77it/s, loss=1.7]
Train Epoch 6/10:  17%|█▋        | 52/313 [00:01<00:05, 45.42it/s, loss=1.7]
Train Epoch 6/10:  17%|█▋        | 52/313 [00:01<00:05, 45.42it/s, loss=1.89]
Train Epoch 6/10:  17%|█▋        | 52/313 [00:01<00:05, 45.42it/s, loss=1.88]
Train Epoch 6/10:  17%|█▋        | 52/313 [00:01<00:05, 45.42it/s, loss=1.74]
Train Epoch 6/10:  17%|█▋        | 52/313 [00:01<00:05, 45.42it/s, loss=1.87]
Train Epoch 6/10:  17%|█▋        | 52/313 [00:01<00:05, 45.42it/s, loss=1.73]
Train Epoch 6/10:  18%|█▊        | 57/313 [00:01<00:05, 45.91it/s, loss=1.73]
Train Epoch 6/10:  18%|█▊        | 57/313 [00:01<00:05, 45.91it/s, loss=1.6]
Train Epoch 6/10:  18%|█▊        | 57/313 [00:01<00:05, 45.91it/s, loss=1.76]
Train Epoch 6/10:  18%|█▊        | 57/313 [00:01<00:05, 45.91it/s, loss=1.61]
Train Epoch 6/10:  18%|█▊        | 57/313 [00:01<00:05, 45.91it/s, loss=1.74]
Train Epoch 6/10:  18%|█▊        | 57/313 [00:01<00:05, 45.91it/s, loss=1.67]
Train Epoch 6/10:  20%|█▉        | 62/313 [00:01<00:05, 46.40it/s, loss=1.67]
Train Epoch 6/10:  20%|█▉        | 62/313 [00:01<00:05, 46.40it/s, loss=1.73]
Train Epoch 6/10:  20%|█▉        | 62/313 [00:01<00:05, 46.40it/s, loss=1.68]
Train Epoch 6/10:  20%|█▉        | 62/313 [00:01<00:05, 46.40it/s, loss=1.76]
Train Epoch 6/10:  20%|█▉        | 62/313 [00:01<00:05, 46.40it/s, loss=1.77]
Train Epoch 6/10:  20%|█▉        | 62/313 [00:01<00:05, 46.40it/s, loss=1.73]
Train Epoch 6/10:  21%|██▏       | 67/313 [00:01<00:05, 46.76it/s, loss=1.73]
Train Epoch 6/10:  21%|██▏       | 67/313 [00:01<00:05, 46.76it/s, loss=1.82]
Train Epoch 6/10:  21%|██▏       | 67/313 [00:01<00:05, 46.76it/s, loss=1.69]
Train Epoch 6/10:  21%|██▏       | 67/313 [00:01<00:05, 46.76it/s, loss=1.72]
Train Epoch 6/10:  21%|██▏       | 67/313 [00:01<00:05, 46.76it/s, loss=1.72]
Train Epoch 6/10:  21%|██▏       | 67/313 [00:01<00:05, 46.76it/s, loss=1.81]
Train Epoch 6/10:  23%|██▎       | 72/313 [00:01<00:05, 46.74it/s, loss=1.81]
Train Epoch 6/10:  23%|██▎       | 72/313 [00:01<00:05, 46.74it/s, loss=1.83]
Train Epoch 6/10:  23%|██▎       | 72/313 [00:01<00:05, 46.74it/s, loss=1.67]
Train Epoch 6/10:  23%|██▎       | 72/313 [00:01<00:05, 46.74it/s, loss=1.7]
Train Epoch 6/10:  23%|██▎       | 72/313 [00:01<00:05, 46.74it/s, loss=1.69]
Train Epoch 6/10:  23%|██▎       | 72/313 [00:01<00:05, 46.74it/s, loss=1.65]
Train Epoch 6/10:  25%|██▍       | 77/313 [00:01<00:05, 47.01it/s, loss=1.65]
Train Epoch 6/10:  25%|██▍       | 77/313 [00:01<00:05, 47.01it/s, loss=1.77]
Train Epoch 6/10:  25%|██▍       | 77/313 [00:01<00:05, 47.01it/s, loss=1.72]
Train Epoch 6/10:  25%|██▍       | 77/313 [00:01<00:05, 47.01it/s, loss=1.7]
Train Epoch 6/10:  25%|██▍       | 77/313 [00:01<00:05, 47.01it/s, loss=1.72]
Train Epoch 6/10:  25%|██▍       | 77/313 [00:01<00:05, 47.01it/s, loss=1.69]
Train Epoch 6/10:  26%|██▌       | 82/313 [00:01<00:04, 47.21it/s, loss=1.69]
Train Epoch 6/10:  26%|██▌       | 82/313 [00:01<00:04, 47.21it/s, loss=1.58]
Train Epoch 6/10:  26%|██▌       | 82/313 [00:01<00:04, 47.21it/s, loss=1.7]
Train Epoch 6/10:  26%|██▌       | 82/313 [00:01<00:04, 47.21it/s, loss=1.62]
Train Epoch 6/10:  26%|██▌       | 82/313 [00:01<00:04, 47.21it/s, loss=1.8]
Train Epoch 6/10:  26%|██▌       | 82/313 [00:01<00:04, 47.21it/s, loss=1.77]
Train Epoch 6/10:  28%|██▊       | 87/313 [00:01<00:05, 41.13it/s, loss=1.77]
Train Epoch 6/10:  28%|██▊       | 87/313 [00:02<00:05, 41.13it/s, loss=1.62]
Train Epoch 6/10:  28%|██▊       | 87/313 [00:02<00:05, 41.13it/s, loss=1.67]
Train Epoch 6/10:  28%|██▊       | 87/313 [00:02<00:05, 41.13it/s, loss=1.64]
Train Epoch 6/10:  28%|██▊       | 87/313 [00:02<00:05, 41.13it/s, loss=1.68]
Train Epoch 6/10:  28%|██▊       | 87/313 [00:02<00:05, 41.13it/s, loss=1.62]
Train Epoch 6/10:  29%|██▉       | 92/313 [00:02<00:05, 39.17it/s, loss=1.62]
Train Epoch 6/10:  29%|██▉       | 92/313 [00:02<00:05, 39.17it/s, loss=1.73]
Train Epoch 6/10:  29%|██▉       | 92/313 [00:02<00:05, 39.17it/s, loss=1.74]
Train Epoch 6/10:  29%|██▉       | 92/313 [00:02<00:05, 39.17it/s, loss=1.69]
Train Epoch 6/10:  29%|██▉       | 92/313 [00:02<00:05, 39.17it/s, loss=1.61]
Train Epoch 6/10:  29%|██▉       | 92/313 [00:02<00:05, 39.17it/s, loss=1.6]
Train Epoch 6/10:  31%|███       | 97/313 [00:02<00:05, 38.67it/s, loss=1.6]
Train Epoch 6/10:  31%|███       | 97/313 [00:02<00:05, 38.67it/s, loss=1.71]
Train Epoch 6/10:  31%|███       | 97/313 [00:02<00:05, 38.67it/s, loss=1.75]
Train Epoch 6/10:  31%|███       | 97/313 [00:02<00:05, 38.67it/s, loss=1.75]
Train Epoch 6/10:  31%|███       | 97/313 [00:02<00:05, 38.67it/s, loss=1.58]
Train Epoch 6/10:  32%|███▏      | 101/313 [00:02<00:05, 38.92it/s, loss=1.58]
Train Epoch 6/10:  32%|███▏      | 101/313 [00:02<00:05, 38.92it/s, loss=1.61]
Train Epoch 6/10:  32%|███▏      | 101/313 [00:02<00:05, 38.92it/s, loss=1.69]
Train Epoch 6/10:  32%|███▏      | 101/313 [00:02<00:05, 38.92it/s, loss=1.67]
Train Epoch 6/10:  32%|███▏      | 101/313 [00:02<00:05, 38.92it/s, loss=1.57]
Train Epoch 6/10:  32%|███▏      | 101/313 [00:02<00:05, 38.92it/s, loss=1.64]
Train Epoch 6/10:  34%|███▍      | 106/313 [00:02<00:05, 39.79it/s, loss=1.64]
Train Epoch 6/10:  34%|███▍      | 106/313 [00:02<00:05, 39.79it/s, loss=1.55]
Train Epoch 6/10:  34%|███▍      | 106/313 [00:02<00:05, 39.79it/s, loss=1.6]
Train Epoch 6/10:  34%|███▍      | 106/313 [00:02<00:05, 39.79it/s, loss=1.75]
Train Epoch 6/10:  34%|███▍      | 106/313 [00:02<00:05, 39.79it/s, loss=1.68]
Train Epoch 6/10:  34%|███▍      | 106/313 [00:02<00:05, 39.79it/s, loss=1.62]
Train Epoch 6/10:  35%|███▌      | 111/313 [00:02<00:04, 40.99it/s, loss=1.62]
Train Epoch 6/10:  35%|███▌      | 111/313 [00:02<00:04, 40.99it/s, loss=1.42]
Train Epoch 6/10:  35%|███▌      | 111/313 [00:02<00:04, 40.99it/s, loss=1.62]
Train Epoch 6/10:  35%|███▌      | 111/313 [00:02<00:04, 40.99it/s, loss=1.51]
Train Epoch 6/10:  35%|███▌      | 111/313 [00:02<00:04, 40.99it/s, loss=1.69]
Train Epoch 6/10:  35%|███▌      | 111/313 [00:02<00:04, 40.99it/s, loss=1.68]
Train Epoch 6/10:  37%|███▋      | 116/313 [00:02<00:04, 42.19it/s, loss=1.68]
Train Epoch 6/10:  37%|███▋      | 116/313 [00:02<00:04, 42.19it/s, loss=1.65]
Train Epoch 6/10:  37%|███▋      | 116/313 [00:02<00:04, 42.19it/s, loss=1.56]
Train Epoch 6/10:  37%|███▋      | 116/313 [00:02<00:04, 42.19it/s, loss=1.63]
Train Epoch 6/10:  37%|███▋      | 116/313 [00:02<00:04, 42.19it/s, loss=1.47]
Train Epoch 6/10:  37%|███▋      | 116/313 [00:02<00:04, 42.19it/s, loss=1.59]
Train Epoch 6/10:  39%|███▊      | 121/313 [00:02<00:04, 43.37it/s, loss=1.59]
Train Epoch 6/10:  39%|███▊      | 121/313 [00:02<00:04, 43.37it/s, loss=1.66]
Train Epoch 6/10:  39%|███▊      | 121/313 [00:02<00:04, 43.37it/s, loss=1.67]
Train Epoch 6/10:  39%|███▊      | 121/313 [00:02<00:04, 43.37it/s, loss=1.62]
Train Epoch 6/10:  39%|███▊      | 121/313 [00:02<00:04, 43.37it/s, loss=1.65]
Train Epoch 6/10:  39%|███▊      | 121/313 [00:02<00:04, 43.37it/s, loss=1.66]
Train Epoch 6/10:  40%|████      | 126/313 [00:02<00:04, 44.42it/s, loss=1.66]
Train Epoch 6/10:  40%|████      | 126/313 [00:02<00:04, 44.42it/s, loss=1.58]
Train Epoch 6/10:  40%|████      | 126/313 [00:02<00:04, 44.42it/s, loss=1.54]
Train Epoch 6/10:  40%|████      | 126/313 [00:02<00:04, 44.42it/s, loss=1.6]
Train Epoch 6/10:  40%|████      | 126/313 [00:03<00:04, 44.42it/s, loss=1.51]
Train Epoch 6/10:  40%|████      | 126/313 [00:03<00:04, 44.42it/s, loss=1.68]
Train Epoch 6/10:  40%|████      | 126/313 [00:03<00:04, 44.42it/s, loss=1.62]
Train Epoch 6/10:  42%|████▏     | 132/313 [00:03<00:03, 46.64it/s, loss=1.62]
Train Epoch 6/10:  42%|████▏     | 132/313 [00:03<00:03, 46.64it/s, loss=1.55]
Train Epoch 6/10:  42%|████▏     | 132/313 [00:03<00:03, 46.64it/s, loss=1.59]
Train Epoch 6/10:  42%|████▏     | 132/313 [00:03<00:03, 46.64it/s, loss=1.52]
Train Epoch 6/10:  42%|████▏     | 132/313 [00:03<00:03, 46.64it/s, loss=1.7]
Train Epoch 6/10:  42%|████▏     | 132/313 [00:03<00:03, 46.64it/s, loss=1.64]
Train Epoch 6/10:  42%|████▏     | 132/313 [00:03<00:03, 46.64it/s, loss=1.69]
Train Epoch 6/10:  44%|████▍     | 138/313 [00:03<00:03, 48.06it/s, loss=1.69]
Train Epoch 6/10:  44%|████▍     | 138/313 [00:03<00:03, 48.06it/s, loss=1.45]
Train Epoch 6/10:  44%|████▍     | 138/313 [00:03<00:03, 48.06it/s, loss=1.68]
Train Epoch 6/10:  44%|████▍     | 138/313 [00:03<00:03, 48.06it/s, loss=1.63]
Train Epoch 6/10:  44%|████▍     | 138/313 [00:03<00:03, 48.06it/s, loss=1.53]
Train Epoch 6/10:  44%|████▍     | 138/313 [00:03<00:03, 48.06it/s, loss=1.58]
Train Epoch 6/10:  44%|████▍     | 138/313 [00:03<00:03, 48.06it/s, loss=1.64]
Train Epoch 6/10:  46%|████▌     | 144/313 [00:03<00:03, 48.76it/s, loss=1.64]
Train Epoch 6/10:  46%|████▌     | 144/313 [00:03<00:03, 48.76it/s, loss=1.59]
Train Epoch 6/10:  46%|████▌     | 144/313 [00:03<00:03, 48.76it/s, loss=1.55]
Train Epoch 6/10:  46%|████▌     | 144/313 [00:03<00:03, 48.76it/s, loss=1.54]
Train Epoch 6/10:  46%|████▌     | 144/313 [00:03<00:03, 48.76it/s, loss=1.57]
Train Epoch 6/10:  46%|████▌     | 144/313 [00:03<00:03, 48.76it/s, loss=1.72]
Train Epoch 6/10:  46%|████▌     | 144/313 [00:03<00:03, 48.76it/s, loss=1.58]
Train Epoch 6/10:  48%|████▊     | 150/313 [00:03<00:03, 49.61it/s, loss=1.58]
Train Epoch 6/10:  48%|████▊     | 150/313 [00:03<00:03, 49.61it/s, loss=1.53]
Train Epoch 6/10:  48%|████▊     | 150/313 [00:03<00:03, 49.61it/s, loss=1.47]
Train Epoch 6/10:  48%|████▊     | 150/313 [00:03<00:03, 49.61it/s, loss=1.5]
Train Epoch 6/10:  48%|████▊     | 150/313 [00:03<00:03, 49.61it/s, loss=1.56]
Train Epoch 6/10:  48%|████▊     | 150/313 [00:03<00:03, 49.61it/s, loss=1.52]
Train Epoch 6/10:  48%|████▊     | 150/313 [00:03<00:03, 49.61it/s, loss=1.45]
Train Epoch 6/10:  50%|████▉     | 156/313 [00:03<00:03, 50.20it/s, loss=1.45]
Train Epoch 6/10:  50%|████▉     | 156/313 [00:03<00:03, 50.20it/s, loss=1.52]
Train Epoch 6/10:  50%|████▉     | 156/313 [00:03<00:03, 50.20it/s, loss=1.45]
Train Epoch 6/10:  50%|████▉     | 156/313 [00:03<00:03, 50.20it/s, loss=1.54]
Train Epoch 6/10:  50%|████▉     | 156/313 [00:03<00:03, 50.20it/s, loss=1.5]
Train Epoch 6/10:  50%|████▉     | 156/313 [00:03<00:03, 50.20it/s, loss=1.63]
Train Epoch 6/10:  50%|████▉     | 156/313 [00:03<00:03, 50.20it/s, loss=1.49]
Train Epoch 6/10:  52%|█████▏    | 162/313 [00:03<00:02, 50.61it/s, loss=1.49]
Train Epoch 6/10:  52%|█████▏    | 162/313 [00:03<00:02, 50.61it/s, loss=1.32]
Train Epoch 6/10:  52%|█████▏    | 162/313 [00:03<00:02, 50.61it/s, loss=1.53]
Train Epoch 6/10:  52%|█████▏    | 162/313 [00:03<00:02, 50.61it/s, loss=1.48]
Train Epoch 6/10:  52%|█████▏    | 162/313 [00:03<00:02, 50.61it/s, loss=1.44]
Train Epoch 6/10:  52%|█████▏    | 162/313 [00:03<00:02, 50.61it/s, loss=1.44]
Train Epoch 6/10:  52%|█████▏    | 162/313 [00:03<00:02, 50.61it/s, loss=1.39]
Train Epoch 6/10:  54%|█████▎    | 168/313 [00:03<00:02, 50.89it/s, loss=1.39]
Train Epoch 6/10:  54%|█████▎    | 168/313 [00:03<00:02, 50.89it/s, loss=1.48]
Train Epoch 6/10:  54%|█████▎    | 168/313 [00:03<00:02, 50.89it/s, loss=1.43]
Train Epoch 6/10:  54%|█████▎    | 168/313 [00:03<00:02, 50.89it/s, loss=1.34]
Train Epoch 6/10:  54%|█████▎    | 168/313 [00:03<00:02, 50.89it/s, loss=1.41]
Train Epoch 6/10:  54%|█████▎    | 168/313 [00:03<00:02, 50.89it/s, loss=1.33]
Train Epoch 6/10:  54%|█████▎    | 168/313 [00:03<00:02, 50.89it/s, loss=1.43]
Train Epoch 6/10:  56%|█████▌    | 174/313 [00:03<00:02, 50.92it/s, loss=1.43]
Train Epoch 6/10:  56%|█████▌    | 174/313 [00:03<00:02, 50.92it/s, loss=1.42]
Train Epoch 6/10:  56%|█████▌    | 174/313 [00:03<00:02, 50.92it/s, loss=1.27]
Train Epoch 6/10:  56%|█████▌    | 174/313 [00:03<00:02, 50.92it/s, loss=1.32]
Train Epoch 6/10:  56%|█████▌    | 174/313 [00:03<00:02, 50.92it/s, loss=1.4]
Train Epoch 6/10:  56%|█████▌    | 174/313 [00:03<00:02, 50.92it/s, loss=1.34]
Train Epoch 6/10:  56%|█████▌    | 174/313 [00:03<00:02, 50.92it/s, loss=1.26]
Train Epoch 6/10:  58%|█████▊    | 180/313 [00:03<00:02, 51.12it/s, loss=1.26]
Train Epoch 6/10:  58%|█████▊    | 180/313 [00:03<00:02, 51.12it/s, loss=1.26]
Train Epoch 6/10:  58%|█████▊    | 180/313 [00:04<00:02, 51.12it/s, loss=1.34]
Train Epoch 6/10:  58%|█████▊    | 180/313 [00:04<00:02, 51.12it/s, loss=1.45]
Train Epoch 6/10:  58%|█████▊    | 180/313 [00:04<00:02, 51.12it/s, loss=1.35]
Train Epoch 6/10:  58%|█████▊    | 180/313 [00:04<00:02, 51.12it/s, loss=1.36]
Train Epoch 6/10:  58%|█████▊    | 180/313 [00:04<00:02, 51.12it/s, loss=1.33]
Train Epoch 6/10:  59%|█████▉    | 186/313 [00:04<00:02, 51.24it/s, loss=1.33]
Train Epoch 6/10:  59%|█████▉    | 186/313 [00:04<00:02, 51.24it/s, loss=1.32]
Train Epoch 6/10:  59%|█████▉    | 186/313 [00:04<00:02, 51.24it/s, loss=1.29]
Train Epoch 6/10:  59%|█████▉    | 186/313 [00:04<00:02, 51.24it/s, loss=1.42]
Train Epoch 6/10:  59%|█████▉    | 186/313 [00:04<00:02, 51.24it/s, loss=1.4]
Train Epoch 6/10:  59%|█████▉    | 186/313 [00:04<00:02, 51.24it/s, loss=1.26]
Train Epoch 6/10:  59%|█████▉    | 186/313 [00:04<00:02, 51.24it/s, loss=1.37]
Train Epoch 6/10:  61%|██████▏   | 192/313 [00:04<00:02, 51.29it/s, loss=1.37]
Train Epoch 6/10:  61%|██████▏   | 192/313 [00:04<00:02, 51.29it/s, loss=1.34]
Train Epoch 6/10:  61%|██████▏   | 192/313 [00:04<00:02, 51.29it/s, loss=1.23]
Train Epoch 6/10:  61%|██████▏   | 192/313 [00:04<00:02, 51.29it/s, loss=1.24]
Train Epoch 6/10:  61%|██████▏   | 192/313 [00:04<00:02, 51.29it/s, loss=1.32]
Train Epoch 6/10:  61%|██████▏   | 192/313 [00:04<00:02, 51.29it/s, loss=1.28]
Train Epoch 6/10:  61%|██████▏   | 192/313 [00:04<00:02, 51.29it/s, loss=1.19]
Train Epoch 6/10:  63%|██████▎   | 198/313 [00:04<00:02, 51.32it/s, loss=1.19]
Train Epoch 6/10:  63%|██████▎   | 198/313 [00:04<00:02, 51.32it/s, loss=1.3]
Train Epoch 6/10:  63%|██████▎   | 198/313 [00:04<00:02, 51.32it/s, loss=1.3]
Train Epoch 6/10:  63%|██████▎   | 198/313 [00:04<00:02, 51.32it/s, loss=1.38]
Train Epoch 6/10:  63%|██████▎   | 198/313 [00:04<00:02, 51.32it/s, loss=1.13]
Train Epoch 6/10:  63%|██████▎   | 198/313 [00:04<00:02, 51.32it/s, loss=1.29]
Train Epoch 6/10:  63%|██████▎   | 198/313 [00:04<00:02, 51.32it/s, loss=1.27]
Train Epoch 6/10:  65%|██████▌   | 204/313 [00:04<00:02, 51.31it/s, loss=1.27]
Train Epoch 6/10:  65%|██████▌   | 204/313 [00:04<00:02, 51.31it/s, loss=1.25]
Train Epoch 6/10:  65%|██████▌   | 204/313 [00:04<00:02, 51.31it/s, loss=1.21]
Train Epoch 6/10:  65%|██████▌   | 204/313 [00:04<00:02, 51.31it/s, loss=1.34]
Train Epoch 6/10:  65%|██████▌   | 204/313 [00:04<00:02, 51.31it/s, loss=1.02]
Train Epoch 6/10:  65%|██████▌   | 204/313 [00:04<00:02, 51.31it/s, loss=1.11]
Train Epoch 6/10:  65%|██████▌   | 204/313 [00:04<00:02, 51.31it/s, loss=1.26]
Train Epoch 6/10:  67%|██████▋   | 210/313 [00:04<00:02, 51.34it/s, loss=1.26]
Train Epoch 6/10:  67%|██████▋   | 210/313 [00:04<00:02, 51.34it/s, loss=1.2]
Train Epoch 6/10:  67%|██████▋   | 210/313 [00:04<00:02, 51.34it/s, loss=1.27]
Train Epoch 6/10:  67%|██████▋   | 210/313 [00:04<00:02, 51.34it/s, loss=1.49]
Train Epoch 6/10:  67%|██████▋   | 210/313 [00:04<00:02, 51.34it/s, loss=1.19]
Train Epoch 6/10:  67%|██████▋   | 210/313 [00:04<00:02, 51.34it/s, loss=1.25]
Train Epoch 6/10:  67%|██████▋   | 210/313 [00:04<00:02, 51.34it/s, loss=1.27]
Train Epoch 6/10:  69%|██████▉   | 216/313 [00:04<00:01, 51.40it/s, loss=1.27]
Train Epoch 6/10:  69%|██████▉   | 216/313 [00:04<00:01, 51.40it/s, loss=1.23]
Train Epoch 6/10:  69%|██████▉   | 216/313 [00:04<00:01, 51.40it/s, loss=1.29]
Train Epoch 6/10:  69%|██████▉   | 216/313 [00:04<00:01, 51.40it/s, loss=1.27]
Train Epoch 6/10:  69%|██████▉   | 216/313 [00:04<00:01, 51.40it/s, loss=1.21]
Train Epoch 6/10:  69%|██████▉   | 216/313 [00:04<00:01, 51.40it/s, loss=1.36]
Train Epoch 6/10:  69%|██████▉   | 216/313 [00:04<00:01, 51.40it/s, loss=1.24]
Train Epoch 6/10:  71%|███████   | 222/313 [00:04<00:01, 51.43it/s, loss=1.24]
Train Epoch 6/10:  71%|███████   | 222/313 [00:04<00:01, 51.43it/s, loss=1.39]
Train Epoch 6/10:  71%|███████   | 222/313 [00:04<00:01, 51.43it/s, loss=1.1]
Train Epoch 6/10:  71%|███████   | 222/313 [00:04<00:01, 51.43it/s, loss=1.11]
Train Epoch 6/10:  71%|███████   | 222/313 [00:04<00:01, 51.43it/s, loss=0.996]
Train Epoch 6/10:  71%|███████   | 222/313 [00:04<00:01, 51.43it/s, loss=1.16]
Train Epoch 6/10:  71%|███████   | 222/313 [00:04<00:01, 51.43it/s, loss=1.22]
Train Epoch 6/10:  73%|███████▎  | 228/313 [00:04<00:01, 51.45it/s, loss=1.22]
Train Epoch 6/10:  73%|███████▎  | 228/313 [00:04<00:01, 51.45it/s, loss=1.08]
Train Epoch 6/10:  73%|███████▎  | 228/313 [00:04<00:01, 51.45it/s, loss=1.2]
Train Epoch 6/10:  73%|███████▎  | 228/313 [00:04<00:01, 51.45it/s, loss=1.29]
Train Epoch 6/10:  73%|███████▎  | 228/313 [00:04<00:01, 51.45it/s, loss=1.16]
Train Epoch 6/10:  73%|███████▎  | 228/313 [00:05<00:01, 51.45it/s, loss=1.17]
Train Epoch 6/10:  73%|███████▎  | 228/313 [00:05<00:01, 51.45it/s, loss=1.06]
Train Epoch 6/10:  75%|███████▍  | 234/313 [00:05<00:01, 51.49it/s, loss=1.06]
Train Epoch 6/10:  75%|███████▍  | 234/313 [00:05<00:01, 51.49it/s, loss=1.14]
Train Epoch 6/10:  75%|███████▍  | 234/313 [00:05<00:01, 51.49it/s, loss=1.02]
Train Epoch 6/10:  75%|███████▍  | 234/313 [00:05<00:01, 51.49it/s, loss=1.06]
Train Epoch 6/10:  75%|███████▍  | 234/313 [00:05<00:01, 51.49it/s, loss=1.02]
Train Epoch 6/10:  75%|███████▍  | 234/313 [00:05<00:01, 51.49it/s, loss=1.09]
Train Epoch 6/10:  75%|███████▍  | 234/313 [00:05<00:01, 51.49it/s, loss=1.05]
Train Epoch 6/10:  77%|███████▋  | 240/313 [00:05<00:01, 51.47it/s, loss=1.05]
Train Epoch 6/10:  77%|███████▋  | 240/313 [00:05<00:01, 51.47it/s, loss=1.05]
Train Epoch 6/10:  77%|███████▋  | 240/313 [00:05<00:01, 51.47it/s, loss=1.18]
Train Epoch 6/10:  77%|███████▋  | 240/313 [00:05<00:01, 51.47it/s, loss=1.01]
Train Epoch 6/10:  77%|███████▋  | 240/313 [00:05<00:01, 51.47it/s, loss=1.02]
Train Epoch 6/10:  77%|███████▋  | 240/313 [00:05<00:01, 51.47it/s, loss=1.02]
Train Epoch 6/10:  77%|███████▋  | 240/313 [00:05<00:01, 51.47it/s, loss=0.991]
Train Epoch 6/10:  79%|███████▊  | 246/313 [00:05<00:01, 51.51it/s, loss=0.991]
Train Epoch 6/10:  79%|███████▊  | 246/313 [00:05<00:01, 51.51it/s, loss=1.09]
Train Epoch 6/10:  79%|███████▊  | 246/313 [00:05<00:01, 51.51it/s, loss=0.92]
Train Epoch 6/10:  79%|███████▊  | 246/313 [00:05<00:01, 51.51it/s, loss=0.791]
Train Epoch 6/10:  79%|███████▊  | 246/313 [00:05<00:01, 51.51it/s, loss=1.13]
Train Epoch 6/10:  79%|███████▊  | 246/313 [00:05<00:01, 51.51it/s, loss=0.991]
Train Epoch 6/10:  79%|███████▊  | 246/313 [00:05<00:01, 51.51it/s, loss=0.997]
Train Epoch 6/10:  81%|████████  | 252/313 [00:05<00:01, 51.27it/s, loss=0.997]
Train Epoch 6/10:  81%|████████  | 252/313 [00:05<00:01, 51.27it/s, loss=1]
Train Epoch 6/10:  81%|████████  | 252/313 [00:05<00:01, 51.27it/s, loss=0.898]
Train Epoch 6/10:  81%|████████  | 252/313 [00:05<00:01, 51.27it/s, loss=0.799]
Train Epoch 6/10:  81%|████████  | 252/313 [00:05<00:01, 51.27it/s, loss=0.755]
Train Epoch 6/10:  81%|████████  | 252/313 [00:05<00:01, 51.27it/s, loss=0.889]
Train Epoch 6/10:  81%|████████  | 252/313 [00:05<00:01, 51.27it/s, loss=0.955]
Train Epoch 6/10:  82%|████████▏ | 258/313 [00:05<00:01, 51.26it/s, loss=0.955]
Train Epoch 6/10:  82%|████████▏ | 258/313 [00:05<00:01, 51.26it/s, loss=0.941]
Train Epoch 6/10:  82%|████████▏ | 258/313 [00:05<00:01, 51.26it/s, loss=0.907]
Train Epoch 6/10:  82%|████████▏ | 258/313 [00:05<00:01, 51.26it/s, loss=0.994]
Train Epoch 6/10:  82%|████████▏ | 258/313 [00:05<00:01, 51.26it/s, loss=0.797]
Train Epoch 6/10:  82%|████████▏ | 258/313 [00:05<00:01, 51.26it/s, loss=0.83]
Train Epoch 6/10:  82%|████████▏ | 258/313 [00:05<00:01, 51.26it/s, loss=0.935]
Train Epoch 6/10:  84%|████████▍ | 264/313 [00:05<00:00, 51.37it/s, loss=0.935]
Train Epoch 6/10:  84%|████████▍ | 264/313 [00:05<00:00, 51.37it/s, loss=0.897]
Train Epoch 6/10:  84%|████████▍ | 264/313 [00:05<00:00, 51.37it/s, loss=0.833]
Train Epoch 6/10:  84%|████████▍ | 264/313 [00:05<00:00, 51.37it/s, loss=1]
Train Epoch 6/10:  84%|████████▍ | 264/313 [00:05<00:00, 51.37it/s, loss=1.01]
Train Epoch 6/10:  84%|████████▍ | 264/313 [00:05<00:00, 51.37it/s, loss=1.1]
Train Epoch 6/10:  84%|████████▍ | 264/313 [00:05<00:00, 51.37it/s, loss=0.808]
Train Epoch 6/10:  86%|████████▋ | 270/313 [00:05<00:00, 51.45it/s, loss=0.808]
Train Epoch 6/10:  86%|████████▋ | 270/313 [00:05<00:00, 51.45it/s, loss=0.876]
Train Epoch 6/10:  86%|████████▋ | 270/313 [00:05<00:00, 51.45it/s, loss=0.95]
Train Epoch 6/10:  86%|████████▋ | 270/313 [00:05<00:00, 51.45it/s, loss=0.997]
Train Epoch 6/10:  86%|████████▋ | 270/313 [00:05<00:00, 51.45it/s, loss=0.836]
Train Epoch 6/10:  86%|████████▋ | 270/313 [00:05<00:00, 51.45it/s, loss=0.808]
Train Epoch 6/10:  86%|████████▋ | 270/313 [00:05<00:00, 51.45it/s, loss=0.802]
Train Epoch 6/10:  88%|████████▊ | 276/313 [00:05<00:00, 51.46it/s, loss=0.802]
Train Epoch 6/10:  88%|████████▊ | 276/313 [00:05<00:00, 51.46it/s, loss=0.972]
Train Epoch 6/10:  88%|████████▊ | 276/313 [00:05<00:00, 51.46it/s, loss=0.997]
Train Epoch 6/10:  88%|████████▊ | 276/313 [00:05<00:00, 51.46it/s, loss=0.965]
Train Epoch 6/10:  88%|████████▊ | 276/313 [00:05<00:00, 51.46it/s, loss=0.846]
Train Epoch 6/10:  88%|████████▊ | 276/313 [00:05<00:00, 51.46it/s, loss=0.957]
Train Epoch 6/10:  88%|████████▊ | 276/313 [00:05<00:00, 51.46it/s, loss=0.883]
Train Epoch 6/10:  90%|█████████ | 282/313 [00:05<00:00, 51.51it/s, loss=0.883]
Train Epoch 6/10:  90%|█████████ | 282/313 [00:05<00:00, 51.51it/s, loss=0.906]
Train Epoch 6/10:  90%|█████████ | 282/313 [00:05<00:00, 51.51it/s, loss=0.779]
Train Epoch 6/10:  90%|█████████ | 282/313 [00:06<00:00, 51.51it/s, loss=1.02]
Train Epoch 6/10:  90%|█████████ | 282/313 [00:06<00:00, 51.51it/s, loss=0.963]
Train Epoch 6/10:  90%|█████████ | 282/313 [00:06<00:00, 51.51it/s, loss=0.904]
Train Epoch 6/10:  90%|█████████ | 282/313 [00:06<00:00, 51.51it/s, loss=0.886]
Train Epoch 6/10:  92%|█████████▏| 288/313 [00:06<00:00, 51.55it/s, loss=0.886]
Train Epoch 6/10:  92%|█████████▏| 288/313 [00:06<00:00, 51.55it/s, loss=0.754]
Train Epoch 6/10:  92%|█████████▏| 288/313 [00:06<00:00, 51.55it/s, loss=0.764]
Train Epoch 6/10:  92%|█████████▏| 288/313 [00:06<00:00, 51.55it/s, loss=0.704]
Train Epoch 6/10:  92%|█████████▏| 288/313 [00:06<00:00, 51.55it/s, loss=1.01]
Train Epoch 6/10:  92%|█████████▏| 288/313 [00:06<00:00, 51.55it/s, loss=0.837]
Train Epoch 6/10:  92%|█████████▏| 288/313 [00:06<00:00, 51.55it/s, loss=0.815]
Train Epoch 6/10:  94%|█████████▍| 294/313 [00:06<00:00, 51.57it/s, loss=0.815]
Train Epoch 6/10:  94%|█████████▍| 294/313 [00:06<00:00, 51.57it/s, loss=1.02]
Train Epoch 6/10:  94%|█████████▍| 294/313 [00:06<00:00, 51.57it/s, loss=0.748]
Train Epoch 6/10:  94%|█████████▍| 294/313 [00:06<00:00, 51.57it/s, loss=0.998]
Train Epoch 6/10:  94%|█████████▍| 294/313 [00:06<00:00, 51.57it/s, loss=0.765]
Train Epoch 6/10:  94%|█████████▍| 294/313 [00:06<00:00, 51.57it/s, loss=0.637]
Train Epoch 6/10:  94%|█████████▍| 294/313 [00:06<00:00, 51.57it/s, loss=0.821]
Train Epoch 6/10:  96%|█████████▌| 300/313 [00:06<00:00, 51.57it/s, loss=0.821]
Train Epoch 6/10:  96%|█████████▌| 300/313 [00:06<00:00, 51.57it/s, loss=0.871]
Train Epoch 6/10:  96%|█████████▌| 300/313 [00:06<00:00, 51.57it/s, loss=0.704]
Train Epoch 6/10:  96%|█████████▌| 300/313 [00:06<00:00, 51.57it/s, loss=0.673]
Train Epoch 6/10:  96%|█████████▌| 300/313 [00:06<00:00, 51.57it/s, loss=0.96]
Train Epoch 6/10:  96%|█████████▌| 300/313 [00:06<00:00, 51.57it/s, loss=0.653]
Train Epoch 6/10:  96%|█████████▌| 300/313 [00:06<00:00, 51.57it/s, loss=0.89]
Train Epoch 6/10:  98%|█████████▊| 306/313 [00:06<00:00, 51.15it/s, loss=0.89]
Train Epoch 6/10:  98%|█████████▊| 306/313 [00:06<00:00, 51.15it/s, loss=0.662]
Train Epoch 6/10:  98%|█████████▊| 306/313 [00:06<00:00, 51.15it/s, loss=0.848]
Train Epoch 6/10:  98%|█████████▊| 306/313 [00:06<00:00, 51.15it/s, loss=0.769]
Train Epoch 6/10:  98%|█████████▊| 306/313 [00:06<00:00, 51.15it/s, loss=0.867]
Train Epoch 6/10:  98%|█████████▊| 306/313 [00:06<00:00, 51.15it/s, loss=0.808]
Train Epoch 6/10:  98%|█████████▊| 306/313 [00:06<00:00, 51.15it/s, loss=0.875]
Train Epoch 6/10: 100%|█████████▉| 312/313 [00:06<00:00, 51.27it/s, loss=0.875]
Train Epoch 6/10: 100%|█████████▉| 312/313 [00:06<00:00, 51.27it/s, loss=0.582]
Train Epoch 6/10: 100%|██████████| 313/313 [00:06<00:00, 47.68it/s, loss=0.582]

Valid Epoch 6/10:   0%|          | 0/32 [00:00<?, ?it/s, acc=-, loss=-]
Valid Epoch 6/10:  34%|███▍      | 11/32 [00:00<00:00, 107.77it/s, acc=-, loss=-]
Valid Epoch 6/10:  69%|██████▉   | 22/32 [00:00<00:00, 107.78it/s, acc=-, loss=-]
Valid Epoch 6/10: 100%|██████████| 32/32 [00:00<00:00, 107.78it/s, valid/loss=0.815, valid/accuracy=0.716]
Valid Epoch 6/10: 100%|██████████| 32/32 [00:00<00:00, 107.80it/s, valid/loss=0.815, valid/accuracy=0.716]

Train Epoch 7/10:   0%|          | 0/313 [00:00<?, ?it/s]
Train Epoch 7/10:   0%|          | 0/313 [00:00<?, ?it/s, loss=0.69]
Train Epoch 7/10:   0%|          | 0/313 [00:00<?, ?it/s, loss=0.786]
Train Epoch 7/10:   0%|          | 0/313 [00:00<?, ?it/s, loss=0.623]
Train Epoch 7/10:   0%|          | 0/313 [00:00<?, ?it/s, loss=0.693]
Train Epoch 7/10:   0%|          | 0/313 [00:00<?, ?it/s, loss=0.739]
Train Epoch 7/10:   2%|▏         | 5/313 [00:00<00:06, 46.93it/s, loss=0.739]
Train Epoch 7/10:   2%|▏         | 5/313 [00:00<00:06, 46.93it/s, loss=0.747]
Train Epoch 7/10:   2%|▏         | 5/313 [00:00<00:06, 46.93it/s, loss=0.8]
Train Epoch 7/10:   2%|▏         | 5/313 [00:00<00:06, 46.93it/s, loss=0.749]
Train Epoch 7/10:   2%|▏         | 5/313 [00:00<00:06, 46.93it/s, loss=0.526]
Train Epoch 7/10:   2%|▏         | 5/313 [00:00<00:06, 46.93it/s, loss=0.811]
Train Epoch 7/10:   3%|▎         | 10/313 [00:00<00:06, 47.33it/s, loss=0.811]
Train Epoch 7/10:   3%|▎         | 10/313 [00:00<00:06, 47.33it/s, loss=0.768]
Train Epoch 7/10:   3%|▎         | 10/313 [00:00<00:06, 47.33it/s, loss=0.762]
Train Epoch 7/10:   3%|▎         | 10/313 [00:00<00:06, 47.33it/s, loss=0.858]
Train Epoch 7/10:   3%|▎         | 10/313 [00:00<00:06, 47.33it/s, loss=0.722]
Train Epoch 7/10:   3%|▎         | 10/313 [00:00<00:06, 47.33it/s, loss=0.634]
Train Epoch 7/10:   5%|▍         | 15/313 [00:00<00:06, 48.28it/s, loss=0.634]
Train Epoch 7/10:   5%|▍         | 15/313 [00:00<00:06, 48.28it/s, loss=0.797]
Train Epoch 7/10:   5%|▍         | 15/313 [00:00<00:06, 48.28it/s, loss=0.965]
Train Epoch 7/10:   5%|▍         | 15/313 [00:00<00:06, 48.28it/s, loss=0.803]
Train Epoch 7/10:   5%|▍         | 15/313 [00:00<00:06, 48.28it/s, loss=0.802]
Train Epoch 7/10:   5%|▍         | 15/313 [00:00<00:06, 48.28it/s, loss=0.841]
Train Epoch 7/10:   5%|▍         | 15/313 [00:00<00:06, 48.28it/s, loss=0.981]
Train Epoch 7/10:   7%|▋         | 21/313 [00:00<00:05, 49.03it/s, loss=0.981]
Train Epoch 7/10:   7%|▋         | 21/313 [00:00<00:05, 49.03it/s, loss=0.676]
Train Epoch 7/10:   7%|▋         | 21/313 [00:00<00:05, 49.03it/s, loss=0.779]
Train Epoch 7/10:   7%|▋         | 21/313 [00:00<00:05, 49.03it/s, loss=0.811]
Train Epoch 7/10:   7%|▋         | 21/313 [00:00<00:05, 49.03it/s, loss=0.628]
Train Epoch 7/10:   7%|▋         | 21/313 [00:00<00:05, 49.03it/s, loss=0.845]
Train Epoch 7/10:   8%|▊         | 26/313 [00:00<00:05, 49.34it/s, loss=0.845]
Train Epoch 7/10:   8%|▊         | 26/313 [00:00<00:05, 49.34it/s, loss=0.695]
Train Epoch 7/10:   8%|▊         | 26/313 [00:00<00:05, 49.34it/s, loss=0.656]
Train Epoch 7/10:   8%|▊         | 26/313 [00:00<00:05, 49.34it/s, loss=0.709]
Train Epoch 7/10:   8%|▊         | 26/313 [00:00<00:05, 49.34it/s, loss=0.747]
Train Epoch 7/10:   8%|▊         | 26/313 [00:00<00:05, 49.34it/s, loss=0.756]
Train Epoch 7/10:   8%|▊         | 26/313 [00:00<00:05, 49.34it/s, loss=0.772]
Train Epoch 7/10:  10%|█         | 32/313 [00:00<00:05, 49.58it/s, loss=0.772]
Train Epoch 7/10:  10%|█         | 32/313 [00:00<00:05, 49.58it/s, loss=0.834]
Train Epoch 7/10:  10%|█         | 32/313 [00:00<00:05, 49.58it/s, loss=0.866]
Train Epoch 7/10:  10%|█         | 32/313 [00:00<00:05, 49.58it/s, loss=0.747]
Train Epoch 7/10:  10%|█         | 32/313 [00:00<00:05, 49.58it/s, loss=0.755]
Train Epoch 7/10:  10%|█         | 32/313 [00:00<00:05, 49.58it/s, loss=0.777]
Train Epoch 7/10:  12%|█▏        | 37/313 [00:00<00:05, 49.69it/s, loss=0.777]
Train Epoch 7/10:  12%|█▏        | 37/313 [00:00<00:05, 49.69it/s, loss=0.722]
Train Epoch 7/10:  12%|█▏        | 37/313 [00:00<00:05, 49.69it/s, loss=0.781]
Train Epoch 7/10:  12%|█▏        | 37/313 [00:00<00:05, 49.69it/s, loss=0.741]
Train Epoch 7/10:  12%|█▏        | 37/313 [00:00<00:05, 49.69it/s, loss=0.829]
Train Epoch 7/10:  12%|█▏        | 37/313 [00:00<00:05, 49.69it/s, loss=0.709]
Train Epoch 7/10:  13%|█▎        | 42/313 [00:00<00:06, 44.18it/s, loss=0.709]
Train Epoch 7/10:  13%|█▎        | 42/313 [00:00<00:06, 44.18it/s, loss=0.707]
Train Epoch 7/10:  13%|█▎        | 42/313 [00:01<00:06, 44.18it/s, loss=0.927]
Train Epoch 7/10:  13%|█▎        | 42/313 [00:01<00:06, 44.18it/s, loss=0.809]
Train Epoch 7/10:  13%|█▎        | 42/313 [00:01<00:06, 44.18it/s, loss=0.755]
Train Epoch 7/10:  13%|█▎        | 42/313 [00:01<00:06, 44.18it/s, loss=0.833]
Train Epoch 7/10:  15%|█▌        | 47/313 [00:01<00:07, 33.33it/s, loss=0.833]
Train Epoch 7/10:  15%|█▌        | 47/313 [00:01<00:07, 33.33it/s, loss=0.676]
Train Epoch 7/10:  15%|█▌        | 47/313 [00:01<00:07, 33.33it/s, loss=0.697]
Train Epoch 7/10:  15%|█▌        | 47/313 [00:01<00:07, 33.33it/s, loss=0.647]
Train Epoch 7/10:  15%|█▌        | 47/313 [00:01<00:07, 33.33it/s, loss=0.929]
Train Epoch 7/10:  16%|█▋        | 51/313 [00:01<00:08, 31.44it/s, loss=0.929]
Train Epoch 7/10:  16%|█▋        | 51/313 [00:01<00:08, 31.44it/s, loss=0.776]
Train Epoch 7/10:  16%|█▋        | 51/313 [00:01<00:08, 31.44it/s, loss=0.655]
Train Epoch 7/10:  16%|█▋        | 51/313 [00:01<00:08, 31.44it/s, loss=0.645]
Train Epoch 7/10:  16%|█▋        | 51/313 [00:01<00:08, 31.44it/s, loss=0.669]
Train Epoch 7/10:  18%|█▊        | 55/313 [00:01<00:08, 31.82it/s, loss=0.669]
Train Epoch 7/10:  18%|█▊        | 55/313 [00:01<00:08, 31.82it/s, loss=0.806]
Train Epoch 7/10:  18%|█▊        | 55/313 [00:01<00:08, 31.82it/s, loss=0.761]
Train Epoch 7/10:  18%|█▊        | 55/313 [00:01<00:08, 31.82it/s, loss=0.607]
Train Epoch 7/10:  18%|█▊        | 55/313 [00:01<00:08, 31.82it/s, loss=0.768]
Train Epoch 7/10:  19%|█▉        | 59/313 [00:01<00:07, 33.36it/s, loss=0.768]
Train Epoch 7/10:  19%|█▉        | 59/313 [00:01<00:07, 33.36it/s, loss=0.65]
Train Epoch 7/10:  19%|█▉        | 59/313 [00:01<00:07, 33.36it/s, loss=0.795]
Train Epoch 7/10:  19%|█▉        | 59/313 [00:01<00:07, 33.36it/s, loss=0.734]
Train Epoch 7/10:  19%|█▉        | 59/313 [00:01<00:07, 33.36it/s, loss=0.736]
Train Epoch 7/10:  20%|██        | 63/313 [00:01<00:07, 34.97it/s, loss=0.736]
Train Epoch 7/10:  20%|██        | 63/313 [00:01<00:07, 34.97it/s, loss=0.714]
Train Epoch 7/10:  20%|██        | 63/313 [00:01<00:07, 34.97it/s, loss=0.683]
Train Epoch 7/10:  20%|██        | 63/313 [00:01<00:07, 34.97it/s, loss=0.763]
Train Epoch 7/10:  20%|██        | 63/313 [00:01<00:07, 34.97it/s, loss=0.763]
Train Epoch 7/10:  20%|██        | 63/313 [00:01<00:07, 34.97it/s, loss=0.754]
Train Epoch 7/10:  22%|██▏       | 68/313 [00:01<00:06, 36.54it/s, loss=0.754]
Train Epoch 7/10:  22%|██▏       | 68/313 [00:01<00:06, 36.54it/s, loss=0.683]
Train Epoch 7/10:  22%|██▏       | 68/313 [00:01<00:06, 36.54it/s, loss=0.542]
Train Epoch 7/10:  22%|██▏       | 68/313 [00:01<00:06, 36.54it/s, loss=0.842]
Train Epoch 7/10:  22%|██▏       | 68/313 [00:01<00:06, 36.54it/s, loss=0.849]
Train Epoch 7/10:  22%|██▏       | 68/313 [00:01<00:06, 36.54it/s, loss=0.768]
Train Epoch 7/10:  23%|██▎       | 73/313 [00:01<00:06, 38.40it/s, loss=0.768]
Train Epoch 7/10:  23%|██▎       | 73/313 [00:01<00:06, 38.40it/s, loss=0.672]
Train Epoch 7/10:  23%|██▎       | 73/313 [00:01<00:06, 38.40it/s, loss=0.8]
Train Epoch 7/10:  23%|██▎       | 73/313 [00:01<00:06, 38.40it/s, loss=0.752]
Train Epoch 7/10:  23%|██▎       | 73/313 [00:01<00:06, 38.40it/s, loss=0.697]
Train Epoch 7/10:  23%|██▎       | 73/313 [00:01<00:06, 38.40it/s, loss=0.783]
Train Epoch 7/10:  25%|██▍       | 78/313 [00:01<00:05, 40.14it/s, loss=0.783]
Train Epoch 7/10:  25%|██▍       | 78/313 [00:01<00:05, 40.14it/s, loss=0.663]
Train Epoch 7/10:  25%|██▍       | 78/313 [00:02<00:05, 40.14it/s, loss=0.672]
Train Epoch 7/10:  25%|██▍       | 78/313 [00:02<00:05, 40.14it/s, loss=0.679]
Train Epoch 7/10:  25%|██▍       | 78/313 [00:02<00:05, 40.14it/s, loss=0.849]
Train Epoch 7/10:  25%|██▍       | 78/313 [00:02<00:05, 40.14it/s, loss=0.628]
Train Epoch 7/10:  27%|██▋       | 83/313 [00:02<00:05, 41.73it/s, loss=0.628]
Train Epoch 7/10:  27%|██▋       | 83/313 [00:02<00:05, 41.73it/s, loss=0.746]
Train Epoch 7/10:  27%|██▋       | 83/313 [00:02<00:05, 41.73it/s, loss=0.712]
Train Epoch 7/10:  27%|██▋       | 83/313 [00:02<00:05, 41.73it/s, loss=0.742]
Train Epoch 7/10:  27%|██▋       | 83/313 [00:02<00:05, 41.73it/s, loss=0.842]
Train Epoch 7/10:  27%|██▋       | 83/313 [00:02<00:05, 41.73it/s, loss=0.839]
Train Epoch 7/10:  28%|██▊       | 88/313 [00:02<00:05, 43.07it/s, loss=0.839]
Train Epoch 7/10:  28%|██▊       | 88/313 [00:02<00:05, 43.07it/s, loss=0.742]
Train Epoch 7/10:  28%|██▊       | 88/313 [00:02<00:05, 43.07it/s, loss=0.546]
Train Epoch 7/10:  28%|██▊       | 88/313 [00:02<00:05, 43.07it/s, loss=0.822]
Train Epoch 7/10:  28%|██▊       | 88/313 [00:02<00:05, 43.07it/s, loss=0.671]
Train Epoch 7/10:  28%|██▊       | 88/313 [00:02<00:05, 43.07it/s, loss=0.64]
Train Epoch 7/10:  30%|██▉       | 93/313 [00:02<00:04, 44.15it/s, loss=0.64]
Train Epoch 7/10:  30%|██▉       | 93/313 [00:02<00:04, 44.15it/s, loss=0.681]
Train Epoch 7/10:  30%|██▉       | 93/313 [00:02<00:04, 44.15it/s, loss=0.566]
Train Epoch 7/10:  30%|██▉       | 93/313 [00:02<00:04, 44.15it/s, loss=0.601]
Train Epoch 7/10:  30%|██▉       | 93/313 [00:02<00:04, 44.15it/s, loss=0.871]
Train Epoch 7/10:  30%|██▉       | 93/313 [00:02<00:04, 44.15it/s, loss=0.908]
Train Epoch 7/10:  30%|██▉       | 93/313 [00:02<00:04, 44.15it/s, loss=0.804]
Train Epoch 7/10:  32%|███▏      | 99/313 [00:02<00:04, 46.24it/s, loss=0.804]
Train Epoch 7/10:  32%|███▏      | 99/313 [00:02<00:04, 46.24it/s, loss=0.651]
Train Epoch 7/10:  32%|███▏      | 99/313 [00:02<00:04, 46.24it/s, loss=0.633]
Train Epoch 7/10:  32%|███▏      | 99/313 [00:02<00:04, 46.24it/s, loss=0.637]
Train Epoch 7/10:  32%|███▏      | 99/313 [00:02<00:04, 46.24it/s, loss=0.68]
Train Epoch 7/10:  32%|███▏      | 99/313 [00:02<00:04, 46.24it/s, loss=0.723]
Train Epoch 7/10:  32%|███▏      | 99/313 [00:02<00:04, 46.24it/s, loss=0.669]
Train Epoch 7/10:  34%|███▎      | 105/313 [00:02<00:04, 47.30it/s, loss=0.669]
Train Epoch 7/10:  34%|███▎      | 105/313 [00:02<00:04, 47.30it/s, loss=0.74]
Train Epoch 7/10:  34%|███▎      | 105/313 [00:02<00:04, 47.30it/s, loss=0.646]
Train Epoch 7/10:  34%|███▎      | 105/313 [00:02<00:04, 47.30it/s, loss=0.681]
Train Epoch 7/10:  34%|███▎      | 105/313 [00:02<00:04, 47.30it/s, loss=0.574]
Train Epoch 7/10:  34%|███▎      | 105/313 [00:02<00:04, 47.30it/s, loss=0.753]
Train Epoch 7/10:  34%|███▎      | 105/313 [00:02<00:04, 47.30it/s, loss=0.659]
Train Epoch 7/10:  35%|███▌      | 111/313 [00:02<00:04, 48.72it/s, loss=0.659]
Train Epoch 7/10:  35%|███▌      | 111/313 [00:02<00:04, 48.72it/s, loss=0.687]
Train Epoch 7/10:  35%|███▌      | 111/313 [00:02<00:04, 48.72it/s, loss=0.724]
Train Epoch 7/10:  35%|███▌      | 111/313 [00:02<00:04, 48.72it/s, loss=0.71]
Train Epoch 7/10:  35%|███▌      | 111/313 [00:02<00:04, 48.72it/s, loss=0.78]
Train Epoch 7/10:  35%|███▌      | 111/313 [00:02<00:04, 48.72it/s, loss=0.788]
Train Epoch 7/10:  35%|███▌      | 111/313 [00:02<00:04, 48.72it/s, loss=0.743]
Train Epoch 7/10:  37%|███▋      | 117/313 [00:02<00:03, 49.79it/s, loss=0.743]
Train Epoch 7/10:  37%|███▋      | 117/313 [00:02<00:03, 49.79it/s, loss=0.672]
Train Epoch 7/10:  37%|███▋      | 117/313 [00:02<00:03, 49.79it/s, loss=0.741]
Train Epoch 7/10:  37%|███▋      | 117/313 [00:02<00:03, 49.79it/s, loss=0.837]
Train Epoch 7/10:  37%|███▋      | 117/313 [00:02<00:03, 49.79it/s, loss=0.611]
Train Epoch 7/10:  37%|███▋      | 117/313 [00:02<00:03, 49.79it/s, loss=0.689]
Train Epoch 7/10:  37%|███▋      | 117/313 [00:02<00:03, 49.79it/s, loss=0.899]
Train Epoch 7/10:  39%|███▉      | 123/313 [00:02<00:03, 50.55it/s, loss=0.899]
Train Epoch 7/10:  39%|███▉      | 123/313 [00:02<00:03, 50.55it/s, loss=0.693]
Train Epoch 7/10:  39%|███▉      | 123/313 [00:02<00:03, 50.55it/s, loss=0.759]
Train Epoch 7/10:  39%|███▉      | 123/313 [00:02<00:03, 50.55it/s, loss=0.64]
Train Epoch 7/10:  39%|███▉      | 123/313 [00:02<00:03, 50.55it/s, loss=0.681]
Train Epoch 7/10:  39%|███▉      | 123/313 [00:02<00:03, 50.55it/s, loss=0.817]
Train Epoch 7/10:  39%|███▉      | 123/313 [00:02<00:03, 50.55it/s, loss=0.693]
Train Epoch 7/10:  41%|████      | 129/313 [00:02<00:03, 51.09it/s, loss=0.693]
Train Epoch 7/10:  41%|████      | 129/313 [00:02<00:03, 51.09it/s, loss=0.648]
Train Epoch 7/10:  41%|████      | 129/313 [00:03<00:03, 51.09it/s, loss=0.972]
Train Epoch 7/10:  41%|████      | 129/313 [00:03<00:03, 51.09it/s, loss=0.763]
Train Epoch 7/10:  41%|████      | 129/313 [00:03<00:03, 51.09it/s, loss=0.77]
Train Epoch 7/10:  41%|████      | 129/313 [00:03<00:03, 51.09it/s, loss=0.76]
Train Epoch 7/10:  41%|████      | 129/313 [00:03<00:03, 51.09it/s, loss=0.664]
Train Epoch 7/10:  43%|████▎     | 135/313 [00:03<00:03, 51.43it/s, loss=0.664]
Train Epoch 7/10:  43%|████▎     | 135/313 [00:03<00:03, 51.43it/s, loss=0.72]
Train Epoch 7/10:  43%|████▎     | 135/313 [00:03<00:03, 51.43it/s, loss=0.585]
Train Epoch 7/10:  43%|████▎     | 135/313 [00:03<00:03, 51.43it/s, loss=0.86]
Train Epoch 7/10:  43%|████▎     | 135/313 [00:03<00:03, 51.43it/s, loss=0.708]
Train Epoch 7/10:  43%|████▎     | 135/313 [00:03<00:03, 51.43it/s, loss=0.712]
Train Epoch 7/10:  43%|████▎     | 135/313 [00:03<00:03, 51.43it/s, loss=0.637]
Train Epoch 7/10:  45%|████▌     | 141/313 [00:03<00:03, 51.72it/s, loss=0.637]
Train Epoch 7/10:  45%|████▌     | 141/313 [00:03<00:03, 51.72it/s, loss=0.642]
Train Epoch 7/10:  45%|████▌     | 141/313 [00:03<00:03, 51.72it/s, loss=0.667]
Train Epoch 7/10:  45%|████▌     | 141/313 [00:03<00:03, 51.72it/s, loss=0.669]
Train Epoch 7/10:  45%|████▌     | 141/313 [00:03<00:03, 51.72it/s, loss=0.739]
Train Epoch 7/10:  45%|████▌     | 141/313 [00:03<00:03, 51.72it/s, loss=0.63]
Train Epoch 7/10:  45%|████▌     | 141/313 [00:03<00:03, 51.72it/s, loss=0.599]
Train Epoch 7/10:  47%|████▋     | 147/313 [00:03<00:03, 51.89it/s, loss=0.599]
Train Epoch 7/10:  47%|████▋     | 147/313 [00:03<00:03, 51.89it/s, loss=0.745]
Train Epoch 7/10:  47%|████▋     | 147/313 [00:03<00:03, 51.89it/s, loss=0.706]
Train Epoch 7/10:  47%|████▋     | 147/313 [00:03<00:03, 51.89it/s, loss=0.668]
Train Epoch 7/10:  47%|████▋     | 147/313 [00:03<00:03, 51.89it/s, loss=0.702]
Train Epoch 7/10:  47%|████▋     | 147/313 [00:03<00:03, 51.89it/s, loss=0.649]
Train Epoch 7/10:  47%|████▋     | 147/313 [00:03<00:03, 51.89it/s, loss=0.734]
Train Epoch 7/10:  49%|████▉     | 153/313 [00:03<00:03, 52.02it/s, loss=0.734]
Train Epoch 7/10:  49%|████▉     | 153/313 [00:03<00:03, 52.02it/s, loss=0.602]
Train Epoch 7/10:  49%|████▉     | 153/313 [00:03<00:03, 52.02it/s, loss=0.597]
Train Epoch 7/10:  49%|████▉     | 153/313 [00:03<00:03, 52.02it/s, loss=0.59]
Train Epoch 7/10:  49%|████▉     | 153/313 [00:03<00:03, 52.02it/s, loss=0.667]
Train Epoch 7/10:  49%|████▉     | 153/313 [00:03<00:03, 52.02it/s, loss=0.678]
Train Epoch 7/10:  49%|████▉     | 153/313 [00:03<00:03, 52.02it/s, loss=0.679]
Train Epoch 7/10:  51%|█████     | 159/313 [00:03<00:02, 52.02it/s, loss=0.679]
Train Epoch 7/10:  51%|█████     | 159/313 [00:03<00:02, 52.02it/s, loss=0.655]
Train Epoch 7/10:  51%|█████     | 159/313 [00:03<00:02, 52.02it/s, loss=0.626]
Train Epoch 7/10:  51%|█████     | 159/313 [00:03<00:02, 52.02it/s, loss=0.855]
Train Epoch 7/10:  51%|█████     | 159/313 [00:03<00:02, 52.02it/s, loss=0.573]
Train Epoch 7/10:  51%|█████     | 159/313 [00:03<00:02, 52.02it/s, loss=0.572]
Train Epoch 7/10:  51%|█████     | 159/313 [00:03<00:02, 52.02it/s, loss=0.758]
Train Epoch 7/10:  53%|█████▎    | 165/313 [00:03<00:02, 52.09it/s, loss=0.758]
Train Epoch 7/10:  53%|█████▎    | 165/313 [00:03<00:02, 52.09it/s, loss=0.745]
Train Epoch 7/10:  53%|█████▎    | 165/313 [00:03<00:02, 52.09it/s, loss=0.757]
Train Epoch 7/10:  53%|█████▎    | 165/313 [00:03<00:02, 52.09it/s, loss=0.757]
Train Epoch 7/10:  53%|█████▎    | 165/313 [00:03<00:02, 52.09it/s, loss=0.725]
Train Epoch 7/10:  53%|█████▎    | 165/313 [00:03<00:02, 52.09it/s, loss=0.583]
Train Epoch 7/10:  53%|█████▎    | 165/313 [00:03<00:02, 52.09it/s, loss=0.687]
Train Epoch 7/10:  55%|█████▍    | 171/313 [00:03<00:02, 52.13it/s, loss=0.687]
Train Epoch 7/10:  55%|█████▍    | 171/313 [00:03<00:02, 52.13it/s, loss=0.61]
Train Epoch 7/10:  55%|█████▍    | 171/313 [00:03<00:02, 52.13it/s, loss=0.529]
Train Epoch 7/10:  55%|█████▍    | 171/313 [00:03<00:02, 52.13it/s, loss=0.705]
Train Epoch 7/10:  55%|█████▍    | 171/313 [00:03<00:02, 52.13it/s, loss=0.794]
Train Epoch 7/10:  55%|█████▍    | 171/313 [00:03<00:02, 52.13it/s, loss=0.761]
Train Epoch 7/10:  55%|█████▍    | 171/313 [00:03<00:02, 52.13it/s, loss=0.759]
Train Epoch 7/10:  57%|█████▋    | 177/313 [00:03<00:02, 52.19it/s, loss=0.759]
Train Epoch 7/10:  57%|█████▋    | 177/313 [00:03<00:02, 52.19it/s, loss=0.762]
Train Epoch 7/10:  57%|█████▋    | 177/313 [00:03<00:02, 52.19it/s, loss=0.693]
Train Epoch 7/10:  57%|█████▋    | 177/313 [00:03<00:02, 52.19it/s, loss=0.692]
Train Epoch 7/10:  57%|█████▋    | 177/313 [00:03<00:02, 52.19it/s, loss=0.637]
Train Epoch 7/10:  57%|█████▋    | 177/313 [00:03<00:02, 52.19it/s, loss=0.608]
Train Epoch 7/10:  57%|█████▋    | 177/313 [00:04<00:02, 52.19it/s, loss=0.601]
Train Epoch 7/10:  58%|█████▊    | 183/313 [00:04<00:02, 52.24it/s, loss=0.601]
Train Epoch 7/10:  58%|█████▊    | 183/313 [00:04<00:02, 52.24it/s, loss=0.702]
Train Epoch 7/10:  58%|█████▊    | 183/313 [00:04<00:02, 52.24it/s, loss=0.766]
Train Epoch 7/10:  58%|█████▊    | 183/313 [00:04<00:02, 52.24it/s, loss=0.598]
Train Epoch 7/10:  58%|█████▊    | 183/313 [00:04<00:02, 52.24it/s, loss=0.697]
Train Epoch 7/10:  58%|█████▊    | 183/313 [00:04<00:02, 52.24it/s, loss=0.661]
Train Epoch 7/10:  58%|█████▊    | 183/313 [00:04<00:02, 52.24it/s, loss=0.692]
Train Epoch 7/10:  60%|██████    | 189/313 [00:04<00:02, 52.26it/s, loss=0.692]
Train Epoch 7/10:  60%|██████    | 189/313 [00:04<00:02, 52.26it/s, loss=0.687]
Train Epoch 7/10:  60%|██████    | 189/313 [00:04<00:02, 52.26it/s, loss=0.665]
Train Epoch 7/10:  60%|██████    | 189/313 [00:04<00:02, 52.26it/s, loss=0.832]
Train Epoch 7/10:  60%|██████    | 189/313 [00:04<00:02, 52.26it/s, loss=0.73]
Train Epoch 7/10:  60%|██████    | 189/313 [00:04<00:02, 52.26it/s, loss=0.718]
Train Epoch 7/10:  60%|██████    | 189/313 [00:04<00:02, 52.26it/s, loss=0.669]
Train Epoch 7/10:  62%|██████▏   | 195/313 [00:04<00:02, 52.28it/s, loss=0.669]
Train Epoch 7/10:  62%|██████▏   | 195/313 [00:04<00:02, 52.28it/s, loss=0.72]
Train Epoch 7/10:  62%|██████▏   | 195/313 [00:04<00:02, 52.28it/s, loss=0.725]
Train Epoch 7/10:  62%|██████▏   | 195/313 [00:04<00:02, 52.28it/s, loss=0.647]
Train Epoch 7/10:  62%|██████▏   | 195/313 [00:04<00:02, 52.28it/s, loss=0.642]
Train Epoch 7/10:  62%|██████▏   | 195/313 [00:04<00:02, 52.28it/s, loss=0.598]
Train Epoch 7/10:  62%|██████▏   | 195/313 [00:04<00:02, 52.28it/s, loss=0.915]
Train Epoch 7/10:  64%|██████▍   | 201/313 [00:04<00:02, 52.31it/s, loss=0.915]
Train Epoch 7/10:  64%|██████▍   | 201/313 [00:04<00:02, 52.31it/s, loss=0.6]
Train Epoch 7/10:  64%|██████▍   | 201/313 [00:04<00:02, 52.31it/s, loss=0.697]
Train Epoch 7/10:  64%|██████▍   | 201/313 [00:04<00:02, 52.31it/s, loss=0.769]
Train Epoch 7/10:  64%|██████▍   | 201/313 [00:04<00:02, 52.31it/s, loss=0.717]
Train Epoch 7/10:  64%|██████▍   | 201/313 [00:04<00:02, 52.31it/s, loss=0.74]
Train Epoch 7/10:  64%|██████▍   | 201/313 [00:04<00:02, 52.31it/s, loss=0.679]
Train Epoch 7/10:  66%|██████▌   | 207/313 [00:04<00:02, 52.32it/s, loss=0.679]
Train Epoch 7/10:  66%|██████▌   | 207/313 [00:04<00:02, 52.32it/s, loss=0.522]
Train Epoch 7/10:  66%|██████▌   | 207/313 [00:04<00:02, 52.32it/s, loss=0.647]
Train Epoch 7/10:  66%|██████▌   | 207/313 [00:04<00:02, 52.32it/s, loss=0.773]
Train Epoch 7/10:  66%|██████▌   | 207/313 [00:04<00:02, 52.32it/s, loss=0.605]
Train Epoch 7/10:  66%|██████▌   | 207/313 [00:04<00:02, 52.32it/s, loss=0.643]
Train Epoch 7/10:  66%|██████▌   | 207/313 [00:04<00:02, 52.32it/s, loss=0.826]
Train Epoch 7/10:  68%|██████▊   | 213/313 [00:04<00:01, 52.32it/s, loss=0.826]
Train Epoch 7/10:  68%|██████▊   | 213/313 [00:04<00:01, 52.32it/s, loss=0.614]
Train Epoch 7/10:  68%|██████▊   | 213/313 [00:04<00:01, 52.32it/s, loss=0.497]
Train Epoch 7/10:  68%|██████▊   | 213/313 [00:04<00:01, 52.32it/s, loss=0.771]
Train Epoch 7/10:  68%|██████▊   | 213/313 [00:04<00:01, 52.32it/s, loss=0.652]
Train Epoch 7/10:  68%|██████▊   | 213/313 [00:04<00:01, 52.32it/s, loss=0.529]
Train Epoch 7/10:  68%|██████▊   | 213/313 [00:04<00:01, 52.32it/s, loss=0.706]
Train Epoch 7/10:  70%|██████▉   | 219/313 [00:04<00:01, 52.33it/s, loss=0.706]
Train Epoch 7/10:  70%|██████▉   | 219/313 [00:04<00:01, 52.33it/s, loss=0.666]
Train Epoch 7/10:  70%|██████▉   | 219/313 [00:04<00:01, 52.33it/s, loss=0.752]
Train Epoch 7/10:  70%|██████▉   | 219/313 [00:04<00:01, 52.33it/s, loss=0.684]
Train Epoch 7/10:  70%|██████▉   | 219/313 [00:04<00:01, 52.33it/s, loss=0.726]
Train Epoch 7/10:  70%|██████▉   | 219/313 [00:04<00:01, 52.33it/s, loss=0.6]
Train Epoch 7/10:  70%|██████▉   | 219/313 [00:04<00:01, 52.33it/s, loss=0.483]
Train Epoch 7/10:  72%|███████▏  | 225/313 [00:04<00:01, 52.08it/s, loss=0.483]
Train Epoch 7/10:  72%|███████▏  | 225/313 [00:04<00:01, 52.08it/s, loss=0.57]
Train Epoch 7/10:  72%|███████▏  | 225/313 [00:04<00:01, 52.08it/s, loss=0.574]
Train Epoch 7/10:  72%|███████▏  | 225/313 [00:04<00:01, 52.08it/s, loss=0.717]
Train Epoch 7/10:  72%|███████▏  | 225/313 [00:04<00:01, 52.08it/s, loss=0.697]
Train Epoch 7/10:  72%|███████▏  | 225/313 [00:04<00:01, 52.08it/s, loss=0.704]
Train Epoch 7/10:  72%|███████▏  | 225/313 [00:04<00:01, 52.08it/s, loss=0.663]
Train Epoch 7/10:  74%|███████▍  | 231/313 [00:04<00:01, 52.16it/s, loss=0.663]
Train Epoch 7/10:  74%|███████▍  | 231/313 [00:04<00:01, 52.16it/s, loss=0.605]
Train Epoch 7/10:  74%|███████▍  | 231/313 [00:04<00:01, 52.16it/s, loss=0.623]
Train Epoch 7/10:  74%|███████▍  | 231/313 [00:04<00:01, 52.16it/s, loss=0.593]
Train Epoch 7/10:  74%|███████▍  | 231/313 [00:05<00:01, 52.16it/s, loss=0.709]
Train Epoch 7/10:  74%|███████▍  | 231/313 [00:05<00:01, 52.16it/s, loss=0.562]
Train Epoch 7/10:  74%|███████▍  | 231/313 [00:05<00:01, 52.16it/s, loss=0.634]
Train Epoch 7/10:  76%|███████▌  | 237/313 [00:05<00:01, 52.00it/s, loss=0.634]
Train Epoch 7/10:  76%|███████▌  | 237/313 [00:05<00:01, 52.00it/s, loss=0.563]
Train Epoch 7/10:  76%|███████▌  | 237/313 [00:05<00:01, 52.00it/s, loss=0.717]
Train Epoch 7/10:  76%|███████▌  | 237/313 [00:05<00:01, 52.00it/s, loss=0.675]
Train Epoch 7/10:  76%|███████▌  | 237/313 [00:05<00:01, 52.00it/s, loss=0.667]
Train Epoch 7/10:  76%|███████▌  | 237/313 [00:05<00:01, 52.00it/s, loss=0.799]
Train Epoch 7/10:  76%|███████▌  | 237/313 [00:05<00:01, 52.00it/s, loss=0.524]
Train Epoch 7/10:  78%|███████▊  | 243/313 [00:05<00:01, 52.06it/s, loss=0.524]
Train Epoch 7/10:  78%|███████▊  | 243/313 [00:05<00:01, 52.06it/s, loss=0.628]
Train Epoch 7/10:  78%|███████▊  | 243/313 [00:05<00:01, 52.06it/s, loss=0.669]
Train Epoch 7/10:  78%|███████▊  | 243/313 [00:05<00:01, 52.06it/s, loss=0.676]
Train Epoch 7/10:  78%|███████▊  | 243/313 [00:05<00:01, 52.06it/s, loss=0.711]
Train Epoch 7/10:  78%|███████▊  | 243/313 [00:05<00:01, 52.06it/s, loss=0.57]
Train Epoch 7/10:  78%|███████▊  | 243/313 [00:05<00:01, 52.06it/s, loss=0.515]
Train Epoch 7/10:  80%|███████▉  | 249/313 [00:05<00:01, 52.14it/s, loss=0.515]
Train Epoch 7/10:  80%|███████▉  | 249/313 [00:05<00:01, 52.14it/s, loss=0.796]
Train Epoch 7/10:  80%|███████▉  | 249/313 [00:05<00:01, 52.14it/s, loss=0.663]
Train Epoch 7/10:  80%|███████▉  | 249/313 [00:05<00:01, 52.14it/s, loss=0.66]
Train Epoch 7/10:  80%|███████▉  | 249/313 [00:05<00:01, 52.14it/s, loss=0.64]
Train Epoch 7/10:  80%|███████▉  | 249/313 [00:05<00:01, 52.14it/s, loss=0.577]
Train Epoch 7/10:  80%|███████▉  | 249/313 [00:05<00:01, 52.14it/s, loss=0.538]
Train Epoch 7/10:  81%|████████▏ | 255/313 [00:05<00:01, 52.20it/s, loss=0.538]
Train Epoch 7/10:  81%|████████▏ | 255/313 [00:05<00:01, 52.20it/s, loss=0.484]
Train Epoch 7/10:  81%|████████▏ | 255/313 [00:05<00:01, 52.20it/s, loss=0.563]
Train Epoch 7/10:  81%|████████▏ | 255/313 [00:05<00:01, 52.20it/s, loss=0.628]
Train Epoch 7/10:  81%|████████▏ | 255/313 [00:05<00:01, 52.20it/s, loss=0.627]
Train Epoch 7/10:  81%|████████▏ | 255/313 [00:05<00:01, 52.20it/s, loss=0.654]
Train Epoch 7/10:  81%|████████▏ | 255/313 [00:05<00:01, 52.20it/s, loss=0.644]
Train Epoch 7/10:  83%|████████▎ | 261/313 [00:05<00:00, 52.24it/s, loss=0.644]
Train Epoch 7/10:  83%|████████▎ | 261/313 [00:05<00:00, 52.24it/s, loss=0.572]
Train Epoch 7/10:  83%|████████▎ | 261/313 [00:05<00:00, 52.24it/s, loss=0.554]
Train Epoch 7/10:  83%|████████▎ | 261/313 [00:05<00:00, 52.24it/s, loss=0.601]
Train Epoch 7/10:  83%|████████▎ | 261/313 [00:05<00:00, 52.24it/s, loss=0.648]
Train Epoch 7/10:  83%|████████▎ | 261/313 [00:05<00:00, 52.24it/s, loss=0.651]
Train Epoch 7/10:  83%|████████▎ | 261/313 [00:05<00:00, 52.24it/s, loss=0.627]
Train Epoch 7/10:  85%|████████▌ | 267/313 [00:05<00:00, 52.26it/s, loss=0.627]
Train Epoch 7/10:  85%|████████▌ | 267/313 [00:05<00:00, 52.26it/s, loss=0.721]
Train Epoch 7/10:  85%|████████▌ | 267/313 [00:05<00:00, 52.26it/s, loss=0.876]
Train Epoch 7/10:  85%|████████▌ | 267/313 [00:05<00:00, 52.26it/s, loss=0.557]
Train Epoch 7/10:  85%|████████▌ | 267/313 [00:05<00:00, 52.26it/s, loss=0.646]
Train Epoch 7/10:  85%|████████▌ | 267/313 [00:05<00:00, 52.26it/s, loss=0.698]
Train Epoch 7/10:  85%|████████▌ | 267/313 [00:05<00:00, 52.26it/s, loss=0.767]
Train Epoch 7/10:  87%|████████▋ | 273/313 [00:05<00:00, 52.29it/s, loss=0.767]
Train Epoch 7/10:  87%|████████▋ | 273/313 [00:05<00:00, 52.29it/s, loss=0.578]
Train Epoch 7/10:  87%|████████▋ | 273/313 [00:05<00:00, 52.29it/s, loss=0.598]
Train Epoch 7/10:  87%|████████▋ | 273/313 [00:05<00:00, 52.29it/s, loss=0.555]
Train Epoch 7/10:  87%|████████▋ | 273/313 [00:05<00:00, 52.29it/s, loss=0.681]
Train Epoch 7/10:  87%|████████▋ | 273/313 [00:05<00:00, 52.29it/s, loss=0.685]
Train Epoch 7/10:  87%|████████▋ | 273/313 [00:05<00:00, 52.29it/s, loss=0.728]
Train Epoch 7/10:  89%|████████▉ | 279/313 [00:05<00:00, 52.06it/s, loss=0.728]
Train Epoch 7/10:  89%|████████▉ | 279/313 [00:05<00:00, 52.06it/s, loss=0.613]
Train Epoch 7/10:  89%|████████▉ | 279/313 [00:05<00:00, 52.06it/s, loss=0.743]
Train Epoch 7/10:  89%|████████▉ | 279/313 [00:05<00:00, 52.06it/s, loss=0.677]
Train Epoch 7/10:  89%|████████▉ | 279/313 [00:05<00:00, 52.06it/s, loss=0.621]
Train Epoch 7/10:  89%|████████▉ | 279/313 [00:05<00:00, 52.06it/s, loss=0.583]
Train Epoch 7/10:  89%|████████▉ | 279/313 [00:05<00:00, 52.06it/s, loss=0.808]
Train Epoch 7/10:  91%|█████████ | 285/313 [00:05<00:00, 52.12it/s, loss=0.808]
Train Epoch 7/10:  91%|█████████ | 285/313 [00:05<00:00, 52.12it/s, loss=0.696]
Train Epoch 7/10:  91%|█████████ | 285/313 [00:06<00:00, 52.12it/s, loss=0.647]
Train Epoch 7/10:  91%|█████████ | 285/313 [00:06<00:00, 52.12it/s, loss=0.585]
Train Epoch 7/10:  91%|█████████ | 285/313 [00:06<00:00, 52.12it/s, loss=0.591]
Train Epoch 7/10:  91%|█████████ | 285/313 [00:06<00:00, 52.12it/s, loss=0.583]
Train Epoch 7/10:  91%|█████████ | 285/313 [00:06<00:00, 52.12it/s, loss=0.519]
Train Epoch 7/10:  93%|█████████▎| 291/313 [00:06<00:00, 52.15it/s, loss=0.519]
Train Epoch 7/10:  93%|█████████▎| 291/313 [00:06<00:00, 52.15it/s, loss=0.779]
Train Epoch 7/10:  93%|█████████▎| 291/313 [00:06<00:00, 52.15it/s, loss=0.597]
Train Epoch 7/10:  93%|█████████▎| 291/313 [00:06<00:00, 52.15it/s, loss=0.617]
Train Epoch 7/10:  93%|█████████▎| 291/313 [00:06<00:00, 52.15it/s, loss=0.793]
Train Epoch 7/10:  93%|█████████▎| 291/313 [00:06<00:00, 52.15it/s, loss=0.623]
Train Epoch 7/10:  93%|█████████▎| 291/313 [00:06<00:00, 52.15it/s, loss=0.786]
Train Epoch 7/10:  95%|█████████▍| 297/313 [00:06<00:00, 51.98it/s, loss=0.786]
Train Epoch 7/10:  95%|█████████▍| 297/313 [00:06<00:00, 51.98it/s, loss=0.561]
Train Epoch 7/10:  95%|█████████▍| 297/313 [00:06<00:00, 51.98it/s, loss=0.466]
Train Epoch 7/10:  95%|█████████▍| 297/313 [00:06<00:00, 51.98it/s, loss=0.634]
Train Epoch 7/10:  95%|█████████▍| 297/313 [00:06<00:00, 51.98it/s, loss=0.681]
Train Epoch 7/10:  95%|█████████▍| 297/313 [00:06<00:00, 51.98it/s, loss=0.555]
Train Epoch 7/10:  95%|█████████▍| 297/313 [00:06<00:00, 51.98it/s, loss=0.49]
Train Epoch 7/10:  97%|█████████▋| 303/313 [00:06<00:00, 52.10it/s, loss=0.49]
Train Epoch 7/10:  97%|█████████▋| 303/313 [00:06<00:00, 52.10it/s, loss=0.76]
Train Epoch 7/10:  97%|█████████▋| 303/313 [00:06<00:00, 52.10it/s, loss=0.531]
Train Epoch 7/10:  97%|█████████▋| 303/313 [00:06<00:00, 52.10it/s, loss=0.663]
Train Epoch 7/10:  97%|█████████▋| 303/313 [00:06<00:00, 52.10it/s, loss=0.523]
Train Epoch 7/10:  97%|█████████▋| 303/313 [00:06<00:00, 52.10it/s, loss=0.692]
Train Epoch 7/10:  97%|█████████▋| 303/313 [00:06<00:00, 52.10it/s, loss=0.601]
Train Epoch 7/10:  99%|█████████▊| 309/313 [00:06<00:00, 52.15it/s, loss=0.601]
Train Epoch 7/10:  99%|█████████▊| 309/313 [00:06<00:00, 52.15it/s, loss=0.654]
Train Epoch 7/10:  99%|█████████▊| 309/313 [00:06<00:00, 52.15it/s, loss=0.636]
Train Epoch 7/10:  99%|█████████▊| 309/313 [00:06<00:00, 52.15it/s, loss=0.677]
Train Epoch 7/10:  99%|█████████▊| 309/313 [00:06<00:00, 52.15it/s, loss=0.451]
Train Epoch 7/10: 100%|██████████| 313/313 [00:06<00:00, 48.12it/s, loss=0.451]

Valid Epoch 7/10:   0%|          | 0/32 [00:00<?, ?it/s, acc=-, loss=-]
Valid Epoch 7/10:  34%|███▍      | 11/32 [00:00<00:00, 108.14it/s, acc=-, loss=-]
Valid Epoch 7/10:  69%|██████▉   | 22/32 [00:00<00:00, 108.36it/s, acc=-, loss=-]
Valid Epoch 7/10: 100%|██████████| 32/32 [00:00<00:00, 108.36it/s, valid/loss=0.682, valid/accuracy=0.731]
Valid Epoch 7/10: 100%|██████████| 32/32 [00:00<00:00, 108.51it/s, valid/loss=0.682, valid/accuracy=0.731]

Train Epoch 8/10:   0%|          | 0/313 [00:00<?, ?it/s]
Train Epoch 8/10:   0%|          | 0/313 [00:00<?, ?it/s, loss=0.531]
Train Epoch 8/10:   0%|          | 0/313 [00:00<?, ?it/s, loss=0.629]
Train Epoch 8/10:   0%|          | 0/313 [00:00<?, ?it/s, loss=0.551]
Train Epoch 8/10:   0%|          | 0/313 [00:00<?, ?it/s, loss=0.55]
Train Epoch 8/10:   0%|          | 0/313 [00:00<?, ?it/s, loss=0.588]
Train Epoch 8/10:   2%|▏         | 5/313 [00:00<00:06, 47.28it/s, loss=0.588]
Train Epoch 8/10:   2%|▏         | 5/313 [00:00<00:06, 47.28it/s, loss=0.587]
Train Epoch 8/10:   2%|▏         | 5/313 [00:00<00:06, 47.28it/s, loss=0.658]
Train Epoch 8/10:   2%|▏         | 5/313 [00:00<00:06, 47.28it/s, loss=0.586]
Train Epoch 8/10:   2%|▏         | 5/313 [00:00<00:06, 47.28it/s, loss=0.405]
Train Epoch 8/10:   2%|▏         | 5/313 [00:00<00:06, 47.28it/s, loss=0.684]
Train Epoch 8/10:   3%|▎         | 10/313 [00:00<00:06, 47.50it/s, loss=0.684]
Train Epoch 8/10:   3%|▎         | 10/313 [00:00<00:06, 47.50it/s, loss=0.625]
Train Epoch 8/10:   3%|▎         | 10/313 [00:00<00:06, 47.50it/s, loss=0.656]
Train Epoch 8/10:   3%|▎         | 10/313 [00:00<00:06, 47.50it/s, loss=0.728]
Train Epoch 8/10:   3%|▎         | 10/313 [00:00<00:06, 47.50it/s, loss=0.559]
Train Epoch 8/10:   3%|▎         | 10/313 [00:00<00:06, 47.50it/s, loss=0.519]
Train Epoch 8/10:   5%|▍         | 15/313 [00:00<00:06, 48.53it/s, loss=0.519]
Train Epoch 8/10:   5%|▍         | 15/313 [00:00<00:06, 48.53it/s, loss=0.667]
Train Epoch 8/10:   5%|▍         | 15/313 [00:00<00:06, 48.53it/s, loss=0.743]
Train Epoch 8/10:   5%|▍         | 15/313 [00:00<00:06, 48.53it/s, loss=0.614]
Train Epoch 8/10:   5%|▍         | 15/313 [00:00<00:06, 48.53it/s, loss=0.663]
Train Epoch 8/10:   5%|▍         | 15/313 [00:00<00:06, 48.53it/s, loss=0.661]
Train Epoch 8/10:   5%|▍         | 15/313 [00:00<00:06, 48.53it/s, loss=0.854]
Train Epoch 8/10:   7%|▋         | 21/313 [00:00<00:05, 49.28it/s, loss=0.854]
Train Epoch 8/10:   7%|▋         | 21/313 [00:00<00:05, 49.28it/s, loss=0.561]
Train Epoch 8/10:   7%|▋         | 21/313 [00:00<00:05, 49.28it/s, loss=0.675]
Train Epoch 8/10:   7%|▋         | 21/313 [00:00<00:05, 49.28it/s, loss=0.654]
Train Epoch 8/10:   7%|▋         | 21/313 [00:00<00:05, 49.28it/s, loss=0.488]
Train Epoch 8/10:   7%|▋         | 21/313 [00:00<00:05, 49.28it/s, loss=0.716]
Train Epoch 8/10:   7%|▋         | 21/313 [00:00<00:05, 49.28it/s, loss=0.601]
Train Epoch 8/10:   9%|▊         | 27/313 [00:00<00:05, 49.66it/s, loss=0.601]
Train Epoch 8/10:   9%|▊         | 27/313 [00:00<00:05, 49.66it/s, loss=0.593]
Train Epoch 8/10:   9%|▊         | 27/313 [00:00<00:05, 49.66it/s, loss=0.585]
Train Epoch 8/10:   9%|▊         | 27/313 [00:00<00:05, 49.66it/s, loss=0.624]
Train Epoch 8/10:   9%|▊         | 27/313 [00:00<00:05, 49.66it/s, loss=0.659]
Train Epoch 8/10:   9%|▊         | 27/313 [00:00<00:05, 49.66it/s, loss=0.668]
Train Epoch 8/10:   9%|▊         | 27/313 [00:00<00:05, 49.66it/s, loss=0.666]
Train Epoch 8/10:  11%|█         | 33/313 [00:00<00:05, 49.85it/s, loss=0.666]
Train Epoch 8/10:  11%|█         | 33/313 [00:00<00:05, 49.85it/s, loss=0.745]
Train Epoch 8/10:  11%|█         | 33/313 [00:00<00:05, 49.85it/s, loss=0.586]
Train Epoch 8/10:  11%|█         | 33/313 [00:00<00:05, 49.85it/s, loss=0.617]
Train Epoch 8/10:  11%|█         | 33/313 [00:00<00:05, 49.85it/s, loss=0.61]
Train Epoch 8/10:  11%|█         | 33/313 [00:00<00:05, 49.85it/s, loss=0.601]
Train Epoch 8/10:  12%|█▏        | 38/313 [00:00<00:05, 49.74it/s, loss=0.601]
Train Epoch 8/10:  12%|█▏        | 38/313 [00:00<00:05, 49.74it/s, loss=0.629]
Train Epoch 8/10:  12%|█▏        | 38/313 [00:00<00:05, 49.74it/s, loss=0.6]
Train Epoch 8/10:  12%|█▏        | 38/313 [00:00<00:05, 49.74it/s, loss=0.667]
Train Epoch 8/10:  12%|█▏        | 38/313 [00:00<00:05, 49.74it/s, loss=0.586]
Train Epoch 8/10:  12%|█▏        | 38/313 [00:00<00:05, 49.74it/s, loss=0.58]
Train Epoch 8/10:  12%|█▏        | 38/313 [00:00<00:05, 49.74it/s, loss=0.763]
Train Epoch 8/10:  14%|█▍        | 44/313 [00:00<00:05, 50.21it/s, loss=0.763]
Train Epoch 8/10:  14%|█▍        | 44/313 [00:00<00:05, 50.21it/s, loss=0.686]
Train Epoch 8/10:  14%|█▍        | 44/313 [00:00<00:05, 50.21it/s, loss=0.599]
Train Epoch 8/10:  14%|█▍        | 44/313 [00:00<00:05, 50.21it/s, loss=0.651]
Train Epoch 8/10:  14%|█▍        | 44/313 [00:00<00:05, 50.21it/s, loss=0.557]
Train Epoch 8/10:  14%|█▍        | 44/313 [00:00<00:05, 50.21it/s, loss=0.585]
Train Epoch 8/10:  14%|█▍        | 44/313 [00:01<00:05, 50.21it/s, loss=0.539]
Train Epoch 8/10:  16%|█▌        | 50/313 [00:01<00:05, 50.84it/s, loss=0.539]
Train Epoch 8/10:  16%|█▌        | 50/313 [00:01<00:05, 50.84it/s, loss=0.732]
Train Epoch 8/10:  16%|█▌        | 50/313 [00:01<00:05, 50.84it/s, loss=0.661]
Train Epoch 8/10:  16%|█▌        | 50/313 [00:01<00:05, 50.84it/s, loss=0.517]
Train Epoch 8/10:  16%|█▌        | 50/313 [00:01<00:05, 50.84it/s, loss=0.521]
Train Epoch 8/10:  16%|█▌        | 50/313 [00:01<00:05, 50.84it/s, loss=0.567]
Train Epoch 8/10:  16%|█▌        | 50/313 [00:01<00:05, 50.84it/s, loss=0.688]
Train Epoch 8/10:  18%|█▊        | 56/313 [00:01<00:05, 51.25it/s, loss=0.688]
Train Epoch 8/10:  18%|█▊        | 56/313 [00:01<00:05, 51.25it/s, loss=0.655]
Train Epoch 8/10:  18%|█▊        | 56/313 [00:01<00:05, 51.25it/s, loss=0.501]
Train Epoch 8/10:  18%|█▊        | 56/313 [00:01<00:05, 51.25it/s, loss=0.596]
Train Epoch 8/10:  18%|█▊        | 56/313 [00:01<00:05, 51.25it/s, loss=0.564]
Train Epoch 8/10:  18%|█▊        | 56/313 [00:01<00:05, 51.25it/s, loss=0.655]
Train Epoch 8/10:  18%|█▊        | 56/313 [00:01<00:05, 51.25it/s, loss=0.619]
Train Epoch 8/10:  20%|█▉        | 62/313 [00:01<00:04, 51.57it/s, loss=0.619]
Train Epoch 8/10:  20%|█▉        | 62/313 [00:01<00:04, 51.57it/s, loss=0.574]
Train Epoch 8/10:  20%|█▉        | 62/313 [00:01<00:04, 51.57it/s, loss=0.608]
Train Epoch 8/10:  20%|█▉        | 62/313 [00:01<00:04, 51.57it/s, loss=0.59]
Train Epoch 8/10:  20%|█▉        | 62/313 [00:01<00:04, 51.57it/s, loss=0.654]
Train Epoch 8/10:  20%|█▉        | 62/313 [00:01<00:04, 51.57it/s, loss=0.631]
Train Epoch 8/10:  20%|█▉        | 62/313 [00:01<00:04, 51.57it/s, loss=0.585]
Train Epoch 8/10:  22%|██▏       | 68/313 [00:01<00:04, 51.78it/s, loss=0.585]
Train Epoch 8/10:  22%|██▏       | 68/313 [00:01<00:04, 51.78it/s, loss=0.58]
Train Epoch 8/10:  22%|██▏       | 68/313 [00:01<00:04, 51.78it/s, loss=0.437]
Train Epoch 8/10:  22%|██▏       | 68/313 [00:01<00:04, 51.78it/s, loss=0.688]
Train Epoch 8/10:  22%|██▏       | 68/313 [00:01<00:04, 51.78it/s, loss=0.699]
Train Epoch 8/10:  22%|██▏       | 68/313 [00:01<00:04, 51.78it/s, loss=0.655]
Train Epoch 8/10:  22%|██▏       | 68/313 [00:01<00:04, 51.78it/s, loss=0.535]
Train Epoch 8/10:  24%|██▎       | 74/313 [00:01<00:04, 48.96it/s, loss=0.535]
Train Epoch 8/10:  24%|██▎       | 74/313 [00:01<00:04, 48.96it/s, loss=0.683]
Train Epoch 8/10:  24%|██▎       | 74/313 [00:01<00:04, 48.96it/s, loss=0.615]
Train Epoch 8/10:  24%|██▎       | 74/313 [00:01<00:04, 48.96it/s, loss=0.572]
Train Epoch 8/10:  24%|██▎       | 74/313 [00:01<00:04, 48.96it/s, loss=0.651]
Train Epoch 8/10:  24%|██▎       | 74/313 [00:01<00:04, 48.96it/s, loss=0.574]
Train Epoch 8/10:  25%|██▌       | 79/313 [00:01<00:05, 45.90it/s, loss=0.574]
Train Epoch 8/10:  25%|██▌       | 79/313 [00:01<00:05, 45.90it/s, loss=0.54]
Train Epoch 8/10:  25%|██▌       | 79/313 [00:01<00:05, 45.90it/s, loss=0.558]
Train Epoch 8/10:  25%|██▌       | 79/313 [00:01<00:05, 45.90it/s, loss=0.687]
Train Epoch 8/10:  25%|██▌       | 79/313 [00:01<00:05, 45.90it/s, loss=0.544]
Train Epoch 8/10:  25%|██▌       | 79/313 [00:01<00:05, 45.90it/s, loss=0.631]
Train Epoch 8/10:  27%|██▋       | 84/313 [00:01<00:05, 42.26it/s, loss=0.631]
Train Epoch 8/10:  27%|██▋       | 84/313 [00:01<00:05, 42.26it/s, loss=0.602]
Train Epoch 8/10:  27%|██▋       | 84/313 [00:01<00:05, 42.26it/s, loss=0.642]
Train Epoch 8/10:  27%|██▋       | 84/313 [00:01<00:05, 42.26it/s, loss=0.668]
Train Epoch 8/10:  27%|██▋       | 84/313 [00:01<00:05, 42.26it/s, loss=0.769]
Train Epoch 8/10:  27%|██▋       | 84/313 [00:01<00:05, 42.26it/s, loss=0.641]
Train Epoch 8/10:  28%|██▊       | 89/313 [00:01<00:06, 33.73it/s, loss=0.641]
Train Epoch 8/10:  28%|██▊       | 89/313 [00:02<00:06, 33.73it/s, loss=0.45]
Train Epoch 8/10:  28%|██▊       | 89/313 [00:02<00:06, 33.73it/s, loss=0.665]
Train Epoch 8/10:  28%|██▊       | 89/313 [00:02<00:06, 33.73it/s, loss=0.579]
Train Epoch 8/10:  28%|██▊       | 89/313 [00:02<00:06, 33.73it/s, loss=0.538]
Train Epoch 8/10:  30%|██▉       | 93/313 [00:02<00:08, 27.11it/s, loss=0.538]
Train Epoch 8/10:  30%|██▉       | 93/313 [00:02<00:08, 27.11it/s, loss=0.576]
Train Epoch 8/10:  30%|██▉       | 93/313 [00:02<00:08, 27.11it/s, loss=0.472]
Train Epoch 8/10:  30%|██▉       | 93/313 [00:02<00:08, 27.11it/s, loss=0.476]
Train Epoch 8/10:  30%|██▉       | 93/313 [00:02<00:08, 27.11it/s, loss=0.684]
Train Epoch 8/10:  31%|███       | 97/313 [00:02<00:08, 26.71it/s, loss=0.684]
Train Epoch 8/10:  31%|███       | 97/313 [00:02<00:08, 26.71it/s, loss=0.75]
Train Epoch 8/10:  31%|███       | 97/313 [00:02<00:08, 26.71it/s, loss=0.7]
Train Epoch 8/10:  31%|███       | 97/313 [00:02<00:08, 26.71it/s, loss=0.535]
Train Epoch 8/10:  31%|███       | 97/313 [00:02<00:08, 26.71it/s, loss=0.559]
Train Epoch 8/10:  32%|███▏      | 101/313 [00:02<00:07, 28.21it/s, loss=0.559]
Train Epoch 8/10:  32%|███▏      | 101/313 [00:02<00:07, 28.21it/s, loss=0.528]
Train Epoch 8/10:  32%|███▏      | 101/313 [00:02<00:07, 28.21it/s, loss=0.596]
Train Epoch 8/10:  32%|███▏      | 101/313 [00:02<00:07, 28.21it/s, loss=0.588]
Train Epoch 8/10:  32%|███▏      | 101/313 [00:02<00:07, 28.21it/s, loss=0.594]
Train Epoch 8/10:  34%|███▎      | 105/313 [00:02<00:06, 30.14it/s, loss=0.594]
Train Epoch 8/10:  34%|███▎      | 105/313 [00:02<00:06, 30.14it/s, loss=0.616]
Train Epoch 8/10:  34%|███▎      | 105/313 [00:02<00:06, 30.14it/s, loss=0.532]
Train Epoch 8/10:  34%|███▎      | 105/313 [00:02<00:06, 30.14it/s, loss=0.598]
Train Epoch 8/10:  34%|███▎      | 105/313 [00:02<00:06, 30.14it/s, loss=0.469]
Train Epoch 8/10:  34%|███▎      | 105/313 [00:02<00:06, 30.14it/s, loss=0.646]
Train Epoch 8/10:  35%|███▌      | 110/313 [00:02<00:06, 33.28it/s, loss=0.646]
Train Epoch 8/10:  35%|███▌      | 110/313 [00:02<00:06, 33.28it/s, loss=0.577]
Train Epoch 8/10:  35%|███▌      | 110/313 [00:02<00:06, 33.28it/s, loss=0.583]
Train Epoch 8/10:  35%|███▌      | 110/313 [00:02<00:06, 33.28it/s, loss=0.624]
Train Epoch 8/10:  35%|███▌      | 110/313 [00:02<00:06, 33.28it/s, loss=0.596]
Train Epoch 8/10:  35%|███▌      | 110/313 [00:02<00:06, 33.28it/s, loss=0.646]
Train Epoch 8/10:  37%|███▋      | 115/313 [00:02<00:05, 36.22it/s, loss=0.646]
Train Epoch 8/10:  37%|███▋      | 115/313 [00:02<00:05, 36.22it/s, loss=0.711]
Train Epoch 8/10:  37%|███▋      | 115/313 [00:02<00:05, 36.22it/s, loss=0.655]
Train Epoch 8/10:  37%|███▋      | 115/313 [00:02<00:05, 36.22it/s, loss=0.55]
Train Epoch 8/10:  37%|███▋      | 115/313 [00:02<00:05, 36.22it/s, loss=0.59]
Train Epoch 8/10:  37%|███▋      | 115/313 [00:02<00:05, 36.22it/s, loss=0.683]
Train Epoch 8/10:  38%|███▊      | 120/313 [00:02<00:05, 37.78it/s, loss=0.683]
Train Epoch 8/10:  38%|███▊      | 120/313 [00:02<00:05, 37.78it/s, loss=0.55]
Train Epoch 8/10:  38%|███▊      | 120/313 [00:03<00:05, 37.78it/s, loss=0.574]
Train Epoch 8/10:  38%|███▊      | 120/313 [00:03<00:05, 37.78it/s, loss=0.751]
Train Epoch 8/10:  38%|███▊      | 120/313 [00:03<00:05, 37.78it/s, loss=0.591]
Train Epoch 8/10:  40%|███▉      | 124/313 [00:03<00:05, 32.31it/s, loss=0.591]
Train Epoch 8/10:  40%|███▉      | 124/313 [00:03<00:05, 32.31it/s, loss=0.654]
Train Epoch 8/10:  40%|███▉      | 124/313 [00:03<00:05, 32.31it/s, loss=0.515]
Train Epoch 8/10:  40%|███▉      | 124/313 [00:03<00:05, 32.31it/s, loss=0.557]
Train Epoch 8/10:  40%|███▉      | 124/313 [00:03<00:05, 32.31it/s, loss=0.66]
Train Epoch 8/10:  41%|████      | 128/313 [00:03<00:06, 29.84it/s, loss=0.66]
Train Epoch 8/10:  41%|████      | 128/313 [00:03<00:06, 29.84it/s, loss=0.563]
Train Epoch 8/10:  41%|████      | 128/313 [00:03<00:06, 29.84it/s, loss=0.561]
Train Epoch 8/10:  41%|████      | 128/313 [00:03<00:06, 29.84it/s, loss=0.801]
Train Epoch 8/10:  41%|████      | 128/313 [00:03<00:06, 29.84it/s, loss=0.645]
Train Epoch 8/10:  42%|████▏     | 132/313 [00:03<00:06, 28.47it/s, loss=0.645]
Train Epoch 8/10:  42%|████▏     | 132/313 [00:03<00:06, 28.47it/s, loss=0.651]
Train Epoch 8/10:  42%|████▏     | 132/313 [00:03<00:06, 28.47it/s, loss=0.643]
Train Epoch 8/10:  42%|████▏     | 132/313 [00:03<00:06, 28.47it/s, loss=0.55]
Train Epoch 8/10:  42%|████▏     | 132/313 [00:03<00:06, 28.47it/s, loss=0.641]
Train Epoch 8/10:  43%|████▎     | 136/313 [00:03<00:06, 29.28it/s, loss=0.641]
Train Epoch 8/10:  43%|████▎     | 136/313 [00:03<00:06, 29.28it/s, loss=0.465]
Train Epoch 8/10:  43%|████▎     | 136/313 [00:03<00:06, 29.28it/s, loss=0.701]
Train Epoch 8/10:  43%|████▎     | 136/313 [00:03<00:06, 29.28it/s, loss=0.608]
Train Epoch 8/10:  43%|████▎     | 136/313 [00:03<00:06, 29.28it/s, loss=0.592]
Train Epoch 8/10:  45%|████▍     | 140/313 [00:03<00:05, 31.11it/s, loss=0.592]
Train Epoch 8/10:  45%|████▍     | 140/313 [00:03<00:05, 31.11it/s, loss=0.516]
Train Epoch 8/10:  45%|████▍     | 140/313 [00:03<00:05, 31.11it/s, loss=0.543]
Train Epoch 8/10:  45%|████▍     | 140/313 [00:03<00:05, 31.11it/s, loss=0.535]
Train Epoch 8/10:  45%|████▍     | 140/313 [00:03<00:05, 31.11it/s, loss=0.581]
Train Epoch 8/10:  45%|████▍     | 140/313 [00:03<00:05, 31.11it/s, loss=0.633]
Train Epoch 8/10:  46%|████▋     | 145/313 [00:03<00:04, 33.78it/s, loss=0.633]
Train Epoch 8/10:  46%|████▋     | 145/313 [00:03<00:04, 33.78it/s, loss=0.547]
Train Epoch 8/10:  46%|████▋     | 145/313 [00:03<00:04, 33.78it/s, loss=0.49]
Train Epoch 8/10:  46%|████▋     | 145/313 [00:03<00:04, 33.78it/s, loss=0.595]
Train Epoch 8/10:  46%|████▋     | 145/313 [00:03<00:04, 33.78it/s, loss=0.602]
Train Epoch 8/10:  46%|████▋     | 145/313 [00:03<00:04, 33.78it/s, loss=0.584]
Train Epoch 8/10:  48%|████▊     | 150/313 [00:03<00:04, 35.62it/s, loss=0.584]
Train Epoch 8/10:  48%|████▊     | 150/313 [00:03<00:04, 35.62it/s, loss=0.574]
Train Epoch 8/10:  48%|████▊     | 150/313 [00:03<00:04, 35.62it/s, loss=0.555]
Train Epoch 8/10:  48%|████▊     | 150/313 [00:04<00:04, 35.62it/s, loss=0.642]
Train Epoch 8/10:  48%|████▊     | 150/313 [00:04<00:04, 35.62it/s, loss=0.513]
Train Epoch 8/10:  48%|████▊     | 150/313 [00:04<00:04, 35.62it/s, loss=0.545]
Train Epoch 8/10:  50%|████▉     | 155/313 [00:04<00:04, 37.36it/s, loss=0.545]
Train Epoch 8/10:  50%|████▉     | 155/313 [00:04<00:04, 37.36it/s, loss=0.463]
Train Epoch 8/10:  50%|████▉     | 155/313 [00:04<00:04, 37.36it/s, loss=0.534]
Train Epoch 8/10:  50%|████▉     | 155/313 [00:04<00:04, 37.36it/s, loss=0.641]
Train Epoch 8/10:  50%|████▉     | 155/313 [00:04<00:04, 37.36it/s, loss=0.567]
Train Epoch 8/10:  50%|████▉     | 155/313 [00:04<00:04, 37.36it/s, loss=0.561]
Train Epoch 8/10:  51%|█████     | 160/313 [00:04<00:03, 39.13it/s, loss=0.561]
Train Epoch 8/10:  51%|█████     | 160/313 [00:04<00:03, 39.13it/s, loss=0.523]
Train Epoch 8/10:  51%|█████     | 160/313 [00:04<00:03, 39.13it/s, loss=0.696]
Train Epoch 8/10:  51%|█████     | 160/313 [00:04<00:03, 39.13it/s, loss=0.515]
Train Epoch 8/10:  51%|█████     | 160/313 [00:04<00:03, 39.13it/s, loss=0.493]
Train Epoch 8/10:  51%|█████     | 160/313 [00:04<00:03, 39.13it/s, loss=0.651]
Train Epoch 8/10:  53%|█████▎    | 165/313 [00:04<00:03, 40.94it/s, loss=0.651]
Train Epoch 8/10:  53%|█████▎    | 165/313 [00:04<00:03, 40.94it/s, loss=0.644]
Train Epoch 8/10:  53%|█████▎    | 165/313 [00:04<00:03, 40.94it/s, loss=0.686]
Train Epoch 8/10:  53%|█████▎    | 165/313 [00:04<00:03, 40.94it/s, loss=0.64]
Train Epoch 8/10:  53%|█████▎    | 165/313 [00:04<00:03, 40.94it/s, loss=0.609]
Train Epoch 8/10:  53%|█████▎    | 165/313 [00:04<00:03, 40.94it/s, loss=0.483]
Train Epoch 8/10:  54%|█████▍    | 170/313 [00:04<00:03, 42.39it/s, loss=0.483]
Train Epoch 8/10:  54%|█████▍    | 170/313 [00:04<00:03, 42.39it/s, loss=0.571]
Train Epoch 8/10:  54%|█████▍    | 170/313 [00:04<00:03, 42.39it/s, loss=0.492]
Train Epoch 8/10:  54%|█████▍    | 170/313 [00:04<00:03, 42.39it/s, loss=0.452]
Train Epoch 8/10:  54%|█████▍    | 170/313 [00:04<00:03, 42.39it/s, loss=0.631]
Train Epoch 8/10:  54%|█████▍    | 170/313 [00:04<00:03, 42.39it/s, loss=0.672]
Train Epoch 8/10:  56%|█████▌    | 175/313 [00:04<00:03, 43.91it/s, loss=0.672]
Train Epoch 8/10:  56%|█████▌    | 175/313 [00:04<00:03, 43.91it/s, loss=0.642]
Train Epoch 8/10:  56%|█████▌    | 175/313 [00:04<00:03, 43.91it/s, loss=0.651]
Train Epoch 8/10:  56%|█████▌    | 175/313 [00:04<00:03, 43.91it/s, loss=0.663]
Train Epoch 8/10:  56%|█████▌    | 175/313 [00:04<00:03, 43.91it/s, loss=0.583]
Train Epoch 8/10:  56%|█████▌    | 175/313 [00:04<00:03, 43.91it/s, loss=0.625]
Train Epoch 8/10:  58%|█████▊    | 180/313 [00:04<00:02, 45.07it/s, loss=0.625]
Train Epoch 8/10:  58%|█████▊    | 180/313 [00:04<00:02, 45.07it/s, loss=0.542]
Train Epoch 8/10:  58%|█████▊    | 180/313 [00:04<00:02, 45.07it/s, loss=0.519]
Train Epoch 8/10:  58%|█████▊    | 180/313 [00:04<00:02, 45.07it/s, loss=0.521]
Train Epoch 8/10:  58%|█████▊    | 180/313 [00:04<00:02, 45.07it/s, loss=0.557]
Train Epoch 8/10:  58%|█████▊    | 180/313 [00:04<00:02, 45.07it/s, loss=0.65]
Train Epoch 8/10:  59%|█████▉    | 185/313 [00:04<00:02, 45.91it/s, loss=0.65]
Train Epoch 8/10:  59%|█████▉    | 185/313 [00:04<00:02, 45.91it/s, loss=0.482]
Train Epoch 8/10:  59%|█████▉    | 185/313 [00:04<00:02, 45.91it/s, loss=0.566]
Train Epoch 8/10:  59%|█████▉    | 185/313 [00:04<00:02, 45.91it/s, loss=0.55]
Train Epoch 8/10:  59%|█████▉    | 185/313 [00:04<00:02, 45.91it/s, loss=0.582]
Train Epoch 8/10:  59%|█████▉    | 185/313 [00:04<00:02, 45.91it/s, loss=0.603]
Train Epoch 8/10:  61%|██████    | 190/313 [00:04<00:02, 46.50it/s, loss=0.603]
Train Epoch 8/10:  61%|██████    | 190/313 [00:04<00:02, 46.50it/s, loss=0.554]
Train Epoch 8/10:  61%|██████    | 190/313 [00:04<00:02, 46.50it/s, loss=0.714]
Train Epoch 8/10:  61%|██████    | 190/313 [00:04<00:02, 46.50it/s, loss=0.641]
Train Epoch 8/10:  61%|██████    | 190/313 [00:04<00:02, 46.50it/s, loss=0.604]
Train Epoch 8/10:  61%|██████    | 190/313 [00:04<00:02, 46.50it/s, loss=0.597]
Train Epoch 8/10:  62%|██████▏   | 195/313 [00:04<00:02, 46.96it/s, loss=0.597]
Train Epoch 8/10:  62%|██████▏   | 195/313 [00:04<00:02, 46.96it/s, loss=0.611]
Train Epoch 8/10:  62%|██████▏   | 195/313 [00:04<00:02, 46.96it/s, loss=0.628]
Train Epoch 8/10:  62%|██████▏   | 195/313 [00:04<00:02, 46.96it/s, loss=0.547]
Train Epoch 8/10:  62%|██████▏   | 195/313 [00:04<00:02, 46.96it/s, loss=0.569]
Train Epoch 8/10:  62%|██████▏   | 195/313 [00:05<00:02, 46.96it/s, loss=0.498]
Train Epoch 8/10:  64%|██████▍   | 200/313 [00:05<00:02, 47.25it/s, loss=0.498]
Train Epoch 8/10:  64%|██████▍   | 200/313 [00:05<00:02, 47.25it/s, loss=0.749]
Train Epoch 8/10:  64%|██████▍   | 200/313 [00:05<00:02, 47.25it/s, loss=0.519]
Train Epoch 8/10:  64%|██████▍   | 200/313 [00:05<00:02, 47.25it/s, loss=0.604]
Train Epoch 8/10:  64%|██████▍   | 200/313 [00:05<00:02, 47.25it/s, loss=0.701]
Train Epoch 8/10:  64%|██████▍   | 200/313 [00:05<00:02, 47.25it/s, loss=0.661]
Train Epoch 8/10:  65%|██████▌   | 205/313 [00:05<00:02, 47.47it/s, loss=0.661]
Train Epoch 8/10:  65%|██████▌   | 205/313 [00:05<00:02, 47.47it/s, loss=0.612]
Train Epoch 8/10:  65%|██████▌   | 205/313 [00:05<00:02, 47.47it/s, loss=0.583]
Train Epoch 8/10:  65%|██████▌   | 205/313 [00:05<00:02, 47.47it/s, loss=0.469]
Train Epoch 8/10:  65%|██████▌   | 205/313 [00:05<00:02, 47.47it/s, loss=0.552]
Train Epoch 8/10:  65%|██████▌   | 205/313 [00:05<00:02, 47.47it/s, loss=0.685]
Train Epoch 8/10:  67%|██████▋   | 210/313 [00:05<00:02, 47.64it/s, loss=0.685]
Train Epoch 8/10:  67%|██████▋   | 210/313 [00:05<00:02, 47.64it/s, loss=0.522]
Train Epoch 8/10:  67%|██████▋   | 210/313 [00:05<00:02, 47.64it/s, loss=0.518]
Train Epoch 8/10:  67%|██████▋   | 210/313 [00:05<00:02, 47.64it/s, loss=0.69]
Train Epoch 8/10:  67%|██████▋   | 210/313 [00:05<00:02, 47.64it/s, loss=0.507]
Train Epoch 8/10:  67%|██████▋   | 210/313 [00:05<00:02, 47.64it/s, loss=0.421]
Train Epoch 8/10:  69%|██████▊   | 215/313 [00:05<00:02, 47.73it/s, loss=0.421]
Train Epoch 8/10:  69%|██████▊   | 215/313 [00:05<00:02, 47.73it/s, loss=0.648]
Train Epoch 8/10:  69%|██████▊   | 215/313 [00:05<00:02, 47.73it/s, loss=0.596]
Train Epoch 8/10:  69%|██████▊   | 215/313 [00:05<00:02, 47.73it/s, loss=0.468]
Train Epoch 8/10:  69%|██████▊   | 215/313 [00:05<00:02, 47.73it/s, loss=0.633]
Train Epoch 8/10:  69%|██████▊   | 215/313 [00:05<00:02, 47.73it/s, loss=0.586]
Train Epoch 8/10:  70%|███████   | 220/313 [00:05<00:01, 47.80it/s, loss=0.586]
Train Epoch 8/10:  70%|███████   | 220/313 [00:05<00:01, 47.80it/s, loss=0.675]
Train Epoch 8/10:  70%|███████   | 220/313 [00:05<00:01, 47.80it/s, loss=0.574]
Train Epoch 8/10:  70%|███████   | 220/313 [00:05<00:01, 47.80it/s, loss=0.65]
Train Epoch 8/10:  70%|███████   | 220/313 [00:05<00:01, 47.80it/s, loss=0.539]
Train Epoch 8/10:  70%|███████   | 220/313 [00:05<00:01, 47.80it/s, loss=0.417]
Train Epoch 8/10:  72%|███████▏  | 225/313 [00:05<00:01, 47.85it/s, loss=0.417]
Train Epoch 8/10:  72%|███████▏  | 225/313 [00:05<00:01, 47.85it/s, loss=0.511]
Train Epoch 8/10:  72%|███████▏  | 225/313 [00:05<00:01, 47.85it/s, loss=0.482]
Train Epoch 8/10:  72%|███████▏  | 225/313 [00:05<00:01, 47.85it/s, loss=0.608]
Train Epoch 8/10:  72%|███████▏  | 225/313 [00:05<00:01, 47.85it/s, loss=0.569]
Train Epoch 8/10:  72%|███████▏  | 225/313 [00:05<00:01, 47.85it/s, loss=0.578]
Train Epoch 8/10:  73%|███████▎  | 230/313 [00:05<00:01, 47.92it/s, loss=0.578]
Train Epoch 8/10:  73%|███████▎  | 230/313 [00:05<00:01, 47.92it/s, loss=0.535]
Train Epoch 8/10:  73%|███████▎  | 230/313 [00:05<00:01, 47.92it/s, loss=0.577]
Train Epoch 8/10:  73%|███████▎  | 230/313 [00:05<00:01, 47.92it/s, loss=0.489]
Train Epoch 8/10:  73%|███████▎  | 230/313 [00:05<00:01, 47.92it/s, loss=0.541]
Train Epoch 8/10:  73%|███████▎  | 230/313 [00:05<00:01, 47.92it/s, loss=0.617]
Train Epoch 8/10:  75%|███████▌  | 235/313 [00:05<00:01, 47.95it/s, loss=0.617]
Train Epoch 8/10:  75%|███████▌  | 235/313 [00:05<00:01, 47.95it/s, loss=0.505]
Train Epoch 8/10:  75%|███████▌  | 235/313 [00:05<00:01, 47.95it/s, loss=0.532]
Train Epoch 8/10:  75%|███████▌  | 235/313 [00:05<00:01, 47.95it/s, loss=0.475]
Train Epoch 8/10:  75%|███████▌  | 235/313 [00:05<00:01, 47.95it/s, loss=0.666]
Train Epoch 8/10:  75%|███████▌  | 235/313 [00:05<00:01, 47.95it/s, loss=0.599]
Train Epoch 8/10:  77%|███████▋  | 240/313 [00:05<00:01, 47.67it/s, loss=0.599]
Train Epoch 8/10:  77%|███████▋  | 240/313 [00:05<00:01, 47.67it/s, loss=0.575]
Train Epoch 8/10:  77%|███████▋  | 240/313 [00:05<00:01, 47.67it/s, loss=0.697]
Train Epoch 8/10:  77%|███████▋  | 240/313 [00:05<00:01, 47.67it/s, loss=0.457]
Train Epoch 8/10:  77%|███████▋  | 240/313 [00:05<00:01, 47.67it/s, loss=0.544]
Train Epoch 8/10:  77%|███████▋  | 240/313 [00:05<00:01, 47.67it/s, loss=0.615]
Train Epoch 8/10:  78%|███████▊  | 245/313 [00:05<00:01, 47.77it/s, loss=0.615]
Train Epoch 8/10:  78%|███████▊  | 245/313 [00:05<00:01, 47.77it/s, loss=0.559]
Train Epoch 8/10:  78%|███████▊  | 245/313 [00:05<00:01, 47.77it/s, loss=0.624]
Train Epoch 8/10:  78%|███████▊  | 245/313 [00:06<00:01, 47.77it/s, loss=0.478]
Train Epoch 8/10:  78%|███████▊  | 245/313 [00:06<00:01, 47.77it/s, loss=0.453]
Train Epoch 8/10:  78%|███████▊  | 245/313 [00:06<00:01, 47.77it/s, loss=0.641]
Train Epoch 8/10:  80%|███████▉  | 250/313 [00:06<00:01, 47.85it/s, loss=0.641]
Train Epoch 8/10:  80%|███████▉  | 250/313 [00:06<00:01, 47.85it/s, loss=0.589]
Train Epoch 8/10:  80%|███████▉  | 250/313 [00:06<00:01, 47.85it/s, loss=0.564]
Train Epoch 8/10:  80%|███████▉  | 250/313 [00:06<00:01, 47.85it/s, loss=0.58]
Train Epoch 8/10:  80%|███████▉  | 250/313 [00:06<00:01, 47.85it/s, loss=0.494]
Train Epoch 8/10:  80%|███████▉  | 250/313 [00:06<00:01, 47.85it/s, loss=0.466]
Train Epoch 8/10:  81%|████████▏ | 255/313 [00:06<00:01, 47.92it/s, loss=0.466]
Train Epoch 8/10:  81%|████████▏ | 255/313 [00:06<00:01, 47.92it/s, loss=0.414]
Train Epoch 8/10:  81%|████████▏ | 255/313 [00:06<00:01, 47.92it/s, loss=0.462]
Train Epoch 8/10:  81%|████████▏ | 255/313 [00:06<00:01, 47.92it/s, loss=0.528]
Train Epoch 8/10:  81%|████████▏ | 255/313 [00:06<00:01, 47.92it/s, loss=0.554]
Train Epoch 8/10:  81%|████████▏ | 255/313 [00:06<00:01, 47.92it/s, loss=0.585]
Train Epoch 8/10:  83%|████████▎ | 260/313 [00:06<00:01, 47.97it/s, loss=0.585]
Train Epoch 8/10:  83%|████████▎ | 260/313 [00:06<00:01, 47.97it/s, loss=0.554]
Train Epoch 8/10:  83%|████████▎ | 260/313 [00:06<00:01, 47.97it/s, loss=0.516]
Train Epoch 8/10:  83%|████████▎ | 260/313 [00:06<00:01, 47.97it/s, loss=0.483]
Train Epoch 8/10:  83%|████████▎ | 260/313 [00:06<00:01, 47.97it/s, loss=0.53]
Train Epoch 8/10:  83%|████████▎ | 260/313 [00:06<00:01, 47.97it/s, loss=0.559]
Train Epoch 8/10:  85%|████████▍ | 265/313 [00:06<00:01, 41.56it/s, loss=0.559]
Train Epoch 8/10:  85%|████████▍ | 265/313 [00:06<00:01, 41.56it/s, loss=0.574]
Train Epoch 8/10:  85%|████████▍ | 265/313 [00:06<00:01, 41.56it/s, loss=0.593]
Train Epoch 8/10:  85%|████████▍ | 265/313 [00:06<00:01, 41.56it/s, loss=0.607]
Train Epoch 8/10:  85%|████████▍ | 265/313 [00:06<00:01, 41.56it/s, loss=0.722]
Train Epoch 8/10:  85%|████████▍ | 265/313 [00:06<00:01, 41.56it/s, loss=0.466]
Train Epoch 8/10:  86%|████████▋ | 270/313 [00:06<00:01, 35.37it/s, loss=0.466]
Train Epoch 8/10:  86%|████████▋ | 270/313 [00:06<00:01, 35.37it/s, loss=0.538]
Train Epoch 8/10:  86%|████████▋ | 270/313 [00:06<00:01, 35.37it/s, loss=0.595]
Train Epoch 8/10:  86%|████████▋ | 270/313 [00:06<00:01, 35.37it/s, loss=0.676]
Train Epoch 8/10:  86%|████████▋ | 270/313 [00:06<00:01, 35.37it/s, loss=0.488]
Train Epoch 8/10:  88%|████████▊ | 274/313 [00:06<00:01, 34.18it/s, loss=0.488]
Train Epoch 8/10:  88%|████████▊ | 274/313 [00:06<00:01, 34.18it/s, loss=0.521]
Train Epoch 8/10:  88%|████████▊ | 274/313 [00:06<00:01, 34.18it/s, loss=0.464]
Train Epoch 8/10:  88%|████████▊ | 274/313 [00:06<00:01, 34.18it/s, loss=0.615]
Train Epoch 8/10:  88%|████████▊ | 274/313 [00:06<00:01, 34.18it/s, loss=0.607]
Train Epoch 8/10:  89%|████████▉ | 278/313 [00:06<00:01, 34.48it/s, loss=0.607]
Train Epoch 8/10:  89%|████████▉ | 278/313 [00:06<00:01, 34.48it/s, loss=0.624]
Train Epoch 8/10:  89%|████████▉ | 278/313 [00:06<00:01, 34.48it/s, loss=0.532]
Train Epoch 8/10:  89%|████████▉ | 278/313 [00:06<00:01, 34.48it/s, loss=0.652]
Train Epoch 8/10:  89%|████████▉ | 278/313 [00:06<00:01, 34.48it/s, loss=0.583]
Train Epoch 8/10:  90%|█████████ | 282/313 [00:06<00:00, 35.70it/s, loss=0.583]
Train Epoch 8/10:  90%|█████████ | 282/313 [00:06<00:00, 35.70it/s, loss=0.548]
Train Epoch 8/10:  90%|█████████ | 282/313 [00:06<00:00, 35.70it/s, loss=0.529]
Train Epoch 8/10:  90%|█████████ | 282/313 [00:07<00:00, 35.70it/s, loss=0.721]
Train Epoch 8/10:  90%|█████████ | 282/313 [00:07<00:00, 35.70it/s, loss=0.622]
Train Epoch 8/10:  90%|█████████ | 282/313 [00:07<00:00, 35.70it/s, loss=0.574]
Train Epoch 8/10:  92%|█████████▏| 287/313 [00:07<00:00, 37.29it/s, loss=0.574]
Train Epoch 8/10:  92%|█████████▏| 287/313 [00:07<00:00, 37.29it/s, loss=0.501]
Train Epoch 8/10:  92%|█████████▏| 287/313 [00:07<00:00, 37.29it/s, loss=0.535]
Train Epoch 8/10:  92%|█████████▏| 287/313 [00:07<00:00, 37.29it/s, loss=0.494]
Train Epoch 8/10:  92%|█████████▏| 287/313 [00:07<00:00, 37.29it/s, loss=0.419]
Train Epoch 8/10:  92%|█████████▏| 287/313 [00:07<00:00, 37.29it/s, loss=0.694]
Train Epoch 8/10:  93%|█████████▎| 292/313 [00:07<00:00, 38.76it/s, loss=0.694]
Train Epoch 8/10:  93%|█████████▎| 292/313 [00:07<00:00, 38.76it/s, loss=0.541]
Train Epoch 8/10:  93%|█████████▎| 292/313 [00:07<00:00, 38.76it/s, loss=0.547]
Train Epoch 8/10:  93%|█████████▎| 292/313 [00:07<00:00, 38.76it/s, loss=0.699]
Train Epoch 8/10:  93%|█████████▎| 292/313 [00:07<00:00, 38.76it/s, loss=0.533]
Train Epoch 8/10:  93%|█████████▎| 292/313 [00:07<00:00, 38.76it/s, loss=0.708]
Train Epoch 8/10:  95%|█████████▍| 297/313 [00:07<00:00, 40.32it/s, loss=0.708]
Train Epoch 8/10:  95%|█████████▍| 297/313 [00:07<00:00, 40.32it/s, loss=0.519]
Train Epoch 8/10:  95%|█████████▍| 297/313 [00:07<00:00, 40.32it/s, loss=0.428]
Train Epoch 8/10:  95%|█████████▍| 297/313 [00:07<00:00, 40.32it/s, loss=0.539]
Train Epoch 8/10:  95%|█████████▍| 297/313 [00:07<00:00, 40.32it/s, loss=0.626]
Train Epoch 8/10:  95%|█████████▍| 297/313 [00:07<00:00, 40.32it/s, loss=0.483]
Train Epoch 8/10:  96%|█████████▋| 302/313 [00:07<00:00, 41.82it/s, loss=0.483]
Train Epoch 8/10:  96%|█████████▋| 302/313 [00:07<00:00, 41.82it/s, loss=0.442]
Train Epoch 8/10:  96%|█████████▋| 302/313 [00:07<00:00, 41.82it/s, loss=0.678]
Train Epoch 8/10:  96%|█████████▋| 302/313 [00:07<00:00, 41.82it/s, loss=0.503]
Train Epoch 8/10:  96%|█████████▋| 302/313 [00:07<00:00, 41.82it/s, loss=0.61]
Train Epoch 8/10:  96%|█████████▋| 302/313 [00:07<00:00, 41.82it/s, loss=0.428]
Train Epoch 8/10:  98%|█████████▊| 307/313 [00:07<00:00, 42.93it/s, loss=0.428]
Train Epoch 8/10:  98%|█████████▊| 307/313 [00:07<00:00, 42.93it/s, loss=0.596]
Train Epoch 8/10:  98%|█████████▊| 307/313 [00:07<00:00, 42.93it/s, loss=0.531]
Train Epoch 8/10:  98%|█████████▊| 307/313 [00:07<00:00, 42.93it/s, loss=0.59]
Train Epoch 8/10:  98%|█████████▊| 307/313 [00:07<00:00, 42.93it/s, loss=0.566]
Train Epoch 8/10:  98%|█████████▊| 307/313 [00:07<00:00, 42.93it/s, loss=0.618]
Train Epoch 8/10: 100%|█████████▉| 312/313 [00:07<00:00, 43.72it/s, loss=0.618]
Train Epoch 8/10: 100%|█████████▉| 312/313 [00:07<00:00, 43.72it/s, loss=0.37]
Train Epoch 8/10: 100%|██████████| 313/313 [00:07<00:00, 40.90it/s, loss=0.37]

Valid Epoch 8/10:   0%|          | 0/32 [00:00<?, ?it/s, acc=-, loss=-]
Valid Epoch 8/10:  28%|██▊       | 9/32 [00:00<00:00, 89.00it/s, acc=-, loss=-]
Valid Epoch 8/10:  62%|██████▎   | 20/32 [00:00<00:00, 97.20it/s, acc=-, loss=-]
Valid Epoch 8/10:  97%|█████████▋| 31/32 [00:00<00:00, 102.35it/s, acc=-, loss=-]
Valid Epoch 8/10: 100%|██████████| 32/32 [00:00<00:00, 102.35it/s, valid/loss=0.633, valid/accuracy=0.748]
Valid Epoch 8/10: 100%|██████████| 32/32 [00:00<00:00, 100.27it/s, valid/loss=0.633, valid/accuracy=0.748]

Train Epoch 9/10:   0%|          | 0/313 [00:00<?, ?it/s]
Train Epoch 9/10:   0%|          | 0/313 [00:00<?, ?it/s, loss=0.48]
Train Epoch 9/10:   0%|          | 0/313 [00:00<?, ?it/s, loss=0.617]
Train Epoch 9/10:   0%|          | 0/313 [00:00<?, ?it/s, loss=0.497]
Train Epoch 9/10:   0%|          | 0/313 [00:00<?, ?it/s, loss=0.489]
Train Epoch 9/10:   0%|          | 0/313 [00:00<?, ?it/s, loss=0.528]
Train Epoch 9/10:   0%|          | 0/313 [00:00<?, ?it/s, loss=0.52]
Train Epoch 9/10:   2%|▏         | 6/313 [00:00<00:05, 51.64it/s, loss=0.52]
Train Epoch 9/10:   2%|▏         | 6/313 [00:00<00:05, 51.64it/s, loss=0.583]
Train Epoch 9/10:   2%|▏         | 6/313 [00:00<00:05, 51.64it/s, loss=0.532]
Train Epoch 9/10:   2%|▏         | 6/313 [00:00<00:05, 51.64it/s, loss=0.367]
Train Epoch 9/10:   2%|▏         | 6/313 [00:00<00:05, 51.64it/s, loss=0.67]
Train Epoch 9/10:   2%|▏         | 6/313 [00:00<00:05, 51.64it/s, loss=0.563]
Train Epoch 9/10:   2%|▏         | 6/313 [00:00<00:05, 51.64it/s, loss=0.607]
Train Epoch 9/10:   4%|▍         | 12/313 [00:00<00:05, 51.66it/s, loss=0.607]
Train Epoch 9/10:   4%|▍         | 12/313 [00:00<00:05, 51.66it/s, loss=0.668]
Train Epoch 9/10:   4%|▍         | 12/313 [00:00<00:05, 51.66it/s, loss=0.509]
Train Epoch 9/10:   4%|▍         | 12/313 [00:00<00:05, 51.66it/s, loss=0.477]
Train Epoch 9/10:   4%|▍         | 12/313 [00:00<00:05, 51.66it/s, loss=0.588]
Train Epoch 9/10:   4%|▍         | 12/313 [00:00<00:05, 51.66it/s, loss=0.714]
Train Epoch 9/10:   4%|▍         | 12/313 [00:00<00:05, 51.66it/s, loss=0.589]
Train Epoch 9/10:   6%|▌         | 18/313 [00:00<00:05, 51.68it/s, loss=0.589]
Train Epoch 9/10:   6%|▌         | 18/313 [00:00<00:05, 51.68it/s, loss=0.623]
Train Epoch 9/10:   6%|▌         | 18/313 [00:00<00:05, 51.68it/s, loss=0.606]
Train Epoch 9/10:   6%|▌         | 18/313 [00:00<00:05, 51.68it/s, loss=0.762]
Train Epoch 9/10:   6%|▌         | 18/313 [00:00<00:05, 51.68it/s, loss=0.523]
Train Epoch 9/10:   6%|▌         | 18/313 [00:00<00:05, 51.68it/s, loss=0.594]
Train Epoch 9/10:   6%|▌         | 18/313 [00:00<00:05, 51.68it/s, loss=0.619]
Train Epoch 9/10:   8%|▊         | 24/313 [00:00<00:05, 51.57it/s, loss=0.619]
Train Epoch 9/10:   8%|▊         | 24/313 [00:00<00:05, 51.57it/s, loss=0.447]
Train Epoch 9/10:   8%|▊         | 24/313 [00:00<00:05, 51.57it/s, loss=0.648]
Train Epoch 9/10:   8%|▊         | 24/313 [00:00<00:05, 51.57it/s, loss=0.544]
Train Epoch 9/10:   8%|▊         | 24/313 [00:00<00:05, 51.57it/s, loss=0.565]
Train Epoch 9/10:   8%|▊         | 24/313 [00:00<00:05, 51.57it/s, loss=0.551]
Train Epoch 9/10:   8%|▊         | 24/313 [00:00<00:05, 51.57it/s, loss=0.572]
Train Epoch 9/10:  10%|▉         | 30/313 [00:00<00:05, 51.64it/s, loss=0.572]
Train Epoch 9/10:  10%|▉         | 30/313 [00:00<00:05, 51.64it/s, loss=0.629]
Train Epoch 9/10:  10%|▉         | 30/313 [00:00<00:05, 51.64it/s, loss=0.593]
Train Epoch 9/10:  10%|▉         | 30/313 [00:00<00:05, 51.64it/s, loss=0.636]
Train Epoch 9/10:  10%|▉         | 30/313 [00:00<00:05, 51.64it/s, loss=0.681]
Train Epoch 9/10:  10%|▉         | 30/313 [00:00<00:05, 51.64it/s, loss=0.557]
Train Epoch 9/10:  10%|▉         | 30/313 [00:00<00:05, 51.64it/s, loss=0.586]
Train Epoch 9/10:  12%|█▏        | 36/313 [00:00<00:05, 51.65it/s, loss=0.586]
Train Epoch 9/10:  12%|█▏        | 36/313 [00:00<00:05, 51.65it/s, loss=0.56]
Train Epoch 9/10:  12%|█▏        | 36/313 [00:00<00:05, 51.65it/s, loss=0.576]
Train Epoch 9/10:  12%|█▏        | 36/313 [00:00<00:05, 51.65it/s, loss=0.567]
Train Epoch 9/10:  12%|█▏        | 36/313 [00:00<00:05, 51.65it/s, loss=0.548]
Train Epoch 9/10:  12%|█▏        | 36/313 [00:00<00:05, 51.65it/s, loss=0.622]
Train Epoch 9/10:  12%|█▏        | 36/313 [00:00<00:05, 51.65it/s, loss=0.563]
Train Epoch 9/10:  13%|█▎        | 42/313 [00:00<00:05, 51.67it/s, loss=0.563]
Train Epoch 9/10:  13%|█▎        | 42/313 [00:00<00:05, 51.67it/s, loss=0.523]
Train Epoch 9/10:  13%|█▎        | 42/313 [00:00<00:05, 51.67it/s, loss=0.674]
Train Epoch 9/10:  13%|█▎        | 42/313 [00:00<00:05, 51.67it/s, loss=0.63]
Train Epoch 9/10:  13%|█▎        | 42/313 [00:00<00:05, 51.67it/s, loss=0.599]
Train Epoch 9/10:  13%|█▎        | 42/313 [00:00<00:05, 51.67it/s, loss=0.598]
Train Epoch 9/10:  13%|█▎        | 42/313 [00:00<00:05, 51.67it/s, loss=0.514]
Train Epoch 9/10:  15%|█▌        | 48/313 [00:00<00:05, 51.67it/s, loss=0.514]
Train Epoch 9/10:  15%|█▌        | 48/313 [00:00<00:05, 51.67it/s, loss=0.527]
Train Epoch 9/10:  15%|█▌        | 48/313 [00:00<00:05, 51.67it/s, loss=0.497]
Train Epoch 9/10:  15%|█▌        | 48/313 [00:00<00:05, 51.67it/s, loss=0.664]
Train Epoch 9/10:  15%|█▌        | 48/313 [00:01<00:05, 51.67it/s, loss=0.64]
Train Epoch 9/10:  15%|█▌        | 48/313 [00:01<00:05, 51.67it/s, loss=0.45]
Train Epoch 9/10:  15%|█▌        | 48/313 [00:01<00:05, 51.67it/s, loss=0.454]
Train Epoch 9/10:  17%|█▋        | 54/313 [00:01<00:05, 51.69it/s, loss=0.454]
Train Epoch 9/10:  17%|█▋        | 54/313 [00:01<00:05, 51.69it/s, loss=0.526]
Train Epoch 9/10:  17%|█▋        | 54/313 [00:01<00:05, 51.69it/s, loss=0.58]
Train Epoch 9/10:  17%|█▋        | 54/313 [00:01<00:05, 51.69it/s, loss=0.613]
Train Epoch 9/10:  17%|█▋        | 54/313 [00:01<00:05, 51.69it/s, loss=0.463]
Train Epoch 9/10:  17%|█▋        | 54/313 [00:01<00:05, 51.69it/s, loss=0.564]
Train Epoch 9/10:  17%|█▋        | 54/313 [00:01<00:05, 51.69it/s, loss=0.498]
Train Epoch 9/10:  19%|█▉        | 60/313 [00:01<00:04, 51.69it/s, loss=0.498]
Train Epoch 9/10:  19%|█▉        | 60/313 [00:01<00:04, 51.69it/s, loss=0.597]
Train Epoch 9/10:  19%|█▉        | 60/313 [00:01<00:04, 51.69it/s, loss=0.543]
Train Epoch 9/10:  19%|█▉        | 60/313 [00:01<00:04, 51.69it/s, loss=0.507]
Train Epoch 9/10:  19%|█▉        | 60/313 [00:01<00:04, 51.69it/s, loss=0.582]
Train Epoch 9/10:  19%|█▉        | 60/313 [00:01<00:04, 51.69it/s, loss=0.551]
Train Epoch 9/10:  19%|█▉        | 60/313 [00:01<00:04, 51.69it/s, loss=0.584]
Train Epoch 9/10:  21%|██        | 66/313 [00:01<00:04, 51.66it/s, loss=0.584]
Train Epoch 9/10:  21%|██        | 66/313 [00:01<00:04, 51.66it/s, loss=0.576]
Train Epoch 9/10:  21%|██        | 66/313 [00:01<00:04, 51.66it/s, loss=0.562]
Train Epoch 9/10:  21%|██        | 66/313 [00:01<00:04, 51.66it/s, loss=0.551]
Train Epoch 9/10:  21%|██        | 66/313 [00:01<00:04, 51.66it/s, loss=0.384]
Train Epoch 9/10:  21%|██        | 66/313 [00:01<00:04, 51.66it/s, loss=0.64]
Train Epoch 9/10:  21%|██        | 66/313 [00:01<00:04, 51.66it/s, loss=0.631]
Train Epoch 9/10:  23%|██▎       | 72/313 [00:01<00:04, 51.22it/s, loss=0.631]
Train Epoch 9/10:  23%|██▎       | 72/313 [00:01<00:04, 51.22it/s, loss=0.641]
Train Epoch 9/10:  23%|██▎       | 72/313 [00:01<00:04, 51.22it/s, loss=0.492]
Train Epoch 9/10:  23%|██▎       | 72/313 [00:01<00:04, 51.22it/s, loss=0.628]
Train Epoch 9/10:  23%|██▎       | 72/313 [00:01<00:04, 51.22it/s, loss=0.591]
Train Epoch 9/10:  23%|██▎       | 72/313 [00:01<00:04, 51.22it/s, loss=0.502]
Train Epoch 9/10:  23%|██▎       | 72/313 [00:01<00:04, 51.22it/s, loss=0.609]
Train Epoch 9/10:  25%|██▍       | 78/313 [00:01<00:04, 48.91it/s, loss=0.609]
Train Epoch 9/10:  25%|██▍       | 78/313 [00:01<00:04, 48.91it/s, loss=0.517]
Train Epoch 9/10:  25%|██▍       | 78/313 [00:01<00:04, 48.91it/s, loss=0.491]
Train Epoch 9/10:  25%|██▍       | 78/313 [00:01<00:04, 48.91it/s, loss=0.555]
Train Epoch 9/10:  25%|██▍       | 78/313 [00:01<00:04, 48.91it/s, loss=0.655]
Train Epoch 9/10:  25%|██▍       | 78/313 [00:01<00:04, 48.91it/s, loss=0.532]
Train Epoch 9/10:  27%|██▋       | 83/313 [00:01<00:05, 43.91it/s, loss=0.532]
Train Epoch 9/10:  27%|██▋       | 83/313 [00:01<00:05, 43.91it/s, loss=0.573]
Train Epoch 9/10:  27%|██▋       | 83/313 [00:01<00:05, 43.91it/s, loss=0.561]
Train Epoch 9/10:  27%|██▋       | 83/313 [00:01<00:05, 43.91it/s, loss=0.616]
Train Epoch 9/10:  27%|██▋       | 83/313 [00:01<00:05, 43.91it/s, loss=0.614]
Train Epoch 9/10:  27%|██▋       | 83/313 [00:01<00:05, 43.91it/s, loss=0.696]
Train Epoch 9/10:  28%|██▊       | 88/313 [00:01<00:05, 42.03it/s, loss=0.696]
Train Epoch 9/10:  28%|██▊       | 88/313 [00:01<00:05, 42.03it/s, loss=0.6]
Train Epoch 9/10:  28%|██▊       | 88/313 [00:01<00:05, 42.03it/s, loss=0.429]
Train Epoch 9/10:  28%|██▊       | 88/313 [00:01<00:05, 42.03it/s, loss=0.581]
Train Epoch 9/10:  28%|██▊       | 88/313 [00:01<00:05, 42.03it/s, loss=0.556]
Train Epoch 9/10:  28%|██▊       | 88/313 [00:01<00:05, 42.03it/s, loss=0.501]
Train Epoch 9/10:  30%|██▉       | 93/313 [00:01<00:05, 41.73it/s, loss=0.501]
Train Epoch 9/10:  30%|██▉       | 93/313 [00:01<00:05, 41.73it/s, loss=0.531]
Train Epoch 9/10:  30%|██▉       | 93/313 [00:01<00:05, 41.73it/s, loss=0.43]
Train Epoch 9/10:  30%|██▉       | 93/313 [00:02<00:05, 41.73it/s, loss=0.423]
Train Epoch 9/10:  30%|██▉       | 93/313 [00:02<00:05, 41.73it/s, loss=0.619]
Train Epoch 9/10:  30%|██▉       | 93/313 [00:02<00:05, 41.73it/s, loss=0.72]
Train Epoch 9/10:  31%|███▏      | 98/313 [00:02<00:05, 41.69it/s, loss=0.72]
Train Epoch 9/10:  31%|███▏      | 98/313 [00:02<00:05, 41.69it/s, loss=0.637]
Train Epoch 9/10:  31%|███▏      | 98/313 [00:02<00:05, 41.69it/s, loss=0.491]
Train Epoch 9/10:  31%|███▏      | 98/313 [00:02<00:05, 41.69it/s, loss=0.529]
Train Epoch 9/10:  31%|███▏      | 98/313 [00:02<00:05, 41.69it/s, loss=0.493]
Train Epoch 9/10:  31%|███▏      | 98/313 [00:02<00:05, 41.69it/s, loss=0.558]
Train Epoch 9/10:  33%|███▎      | 103/313 [00:02<00:04, 42.32it/s, loss=0.558]
Train Epoch 9/10:  33%|███▎      | 103/313 [00:02<00:04, 42.32it/s, loss=0.535]
Train Epoch 9/10:  33%|███▎      | 103/313 [00:02<00:04, 42.32it/s, loss=0.526]
Train Epoch 9/10:  33%|███▎      | 103/313 [00:02<00:04, 42.32it/s, loss=0.561]
Train Epoch 9/10:  33%|███▎      | 103/313 [00:02<00:04, 42.32it/s, loss=0.48]
Train Epoch 9/10:  33%|███▎      | 103/313 [00:02<00:04, 42.32it/s, loss=0.518]
Train Epoch 9/10:  35%|███▍      | 108/313 [00:02<00:04, 43.14it/s, loss=0.518]
Train Epoch 9/10:  35%|███▍      | 108/313 [00:02<00:04, 43.14it/s, loss=0.422]
Train Epoch 9/10:  35%|███▍      | 108/313 [00:02<00:04, 43.14it/s, loss=0.576]
Train Epoch 9/10:  35%|███▍      | 108/313 [00:02<00:04, 43.14it/s, loss=0.553]
Train Epoch 9/10:  35%|███▍      | 108/313 [00:02<00:04, 43.14it/s, loss=0.538]
Train Epoch 9/10:  35%|███▍      | 108/313 [00:02<00:04, 43.14it/s, loss=0.574]
Train Epoch 9/10:  36%|███▌      | 113/313 [00:02<00:04, 43.82it/s, loss=0.574]
Train Epoch 9/10:  36%|███▌      | 113/313 [00:02<00:04, 43.82it/s, loss=0.544]
Train Epoch 9/10:  36%|███▌      | 113/313 [00:02<00:04, 43.82it/s, loss=0.594]
Train Epoch 9/10:  36%|███▌      | 113/313 [00:02<00:04, 43.82it/s, loss=0.649]
Train Epoch 9/10:  36%|███▌      | 113/313 [00:02<00:04, 43.82it/s, loss=0.635]
Train Epoch 9/10:  36%|███▌      | 113/313 [00:02<00:04, 43.82it/s, loss=0.515]
Train Epoch 9/10:  38%|███▊      | 118/313 [00:02<00:04, 44.64it/s, loss=0.515]
Train Epoch 9/10:  38%|███▊      | 118/313 [00:02<00:04, 44.64it/s, loss=0.534]
Train Epoch 9/10:  38%|███▊      | 118/313 [00:02<00:04, 44.64it/s, loss=0.663]
Train Epoch 9/10:  38%|███▊      | 118/313 [00:02<00:04, 44.64it/s, loss=0.46]
Train Epoch 9/10:  38%|███▊      | 118/313 [00:02<00:04, 44.64it/s, loss=0.528]
Train Epoch 9/10:  38%|███▊      | 118/313 [00:02<00:04, 44.64it/s, loss=0.735]
Train Epoch 9/10:  39%|███▉      | 123/313 [00:02<00:04, 45.37it/s, loss=0.735]
Train Epoch 9/10:  39%|███▉      | 123/313 [00:02<00:04, 45.37it/s, loss=0.541]
Train Epoch 9/10:  39%|███▉      | 123/313 [00:02<00:04, 45.37it/s, loss=0.62]
Train Epoch 9/10:  39%|███▉      | 123/313 [00:02<00:04, 45.37it/s, loss=0.481]
Train Epoch 9/10:  39%|███▉      | 123/313 [00:02<00:04, 45.37it/s, loss=0.551]
Train Epoch 9/10:  39%|███▉      | 123/313 [00:02<00:04, 45.37it/s, loss=0.628]
Train Epoch 9/10:  41%|████      | 128/313 [00:02<00:04, 43.15it/s, loss=0.628]
Train Epoch 9/10:  41%|████      | 128/313 [00:02<00:04, 43.15it/s, loss=0.512]
Train Epoch 9/10:  41%|████      | 128/313 [00:02<00:04, 43.15it/s, loss=0.513]
Train Epoch 9/10:  41%|████      | 128/313 [00:02<00:04, 43.15it/s, loss=0.77]
Train Epoch 9/10:  41%|████      | 128/313 [00:02<00:04, 43.15it/s, loss=0.598]
Train Epoch 9/10:  41%|████      | 128/313 [00:02<00:04, 43.15it/s, loss=0.619]
Train Epoch 9/10:  42%|████▏     | 133/313 [00:02<00:05, 32.96it/s, loss=0.619]
Train Epoch 9/10:  42%|████▏     | 133/313 [00:03<00:05, 32.96it/s, loss=0.567]
Train Epoch 9/10:  42%|████▏     | 133/313 [00:03<00:05, 32.96it/s, loss=0.512]
Train Epoch 9/10:  42%|████▏     | 133/313 [00:03<00:05, 32.96it/s, loss=0.573]
Train Epoch 9/10:  42%|████▏     | 133/313 [00:03<00:05, 32.96it/s, loss=0.425]
Train Epoch 9/10:  44%|████▍     | 137/313 [00:03<00:05, 31.31it/s, loss=0.425]
Train Epoch 9/10:  44%|████▍     | 137/313 [00:03<00:05, 31.31it/s, loss=0.65]
Train Epoch 9/10:  44%|████▍     | 137/313 [00:03<00:05, 31.31it/s, loss=0.584]
Train Epoch 9/10:  44%|████▍     | 137/313 [00:03<00:05, 31.31it/s, loss=0.556]
Train Epoch 9/10:  44%|████▍     | 137/313 [00:03<00:05, 31.31it/s, loss=0.493]
Train Epoch 9/10:  45%|████▌     | 141/313 [00:03<00:06, 26.47it/s, loss=0.493]
Train Epoch 9/10:  45%|████▌     | 141/313 [00:03<00:06, 26.47it/s, loss=0.508]
Train Epoch 9/10:  45%|████▌     | 141/313 [00:03<00:06, 26.47it/s, loss=0.508]
Train Epoch 9/10:  45%|████▌     | 141/313 [00:03<00:06, 26.47it/s, loss=0.536]
Train Epoch 9/10:  46%|████▌     | 144/313 [00:03<00:07, 24.10it/s, loss=0.536]
Train Epoch 9/10:  46%|████▌     | 144/313 [00:03<00:07, 24.10it/s, loss=0.581]
Train Epoch 9/10:  46%|████▌     | 144/313 [00:03<00:07, 24.10it/s, loss=0.498]
Train Epoch 9/10:  46%|████▌     | 144/313 [00:03<00:07, 24.10it/s, loss=0.461]
Train Epoch 9/10:  47%|████▋     | 147/313 [00:03<00:06, 24.53it/s, loss=0.461]
Train Epoch 9/10:  47%|████▋     | 147/313 [00:03<00:06, 24.53it/s, loss=0.55]
Train Epoch 9/10:  47%|████▋     | 147/313 [00:03<00:06, 24.53it/s, loss=0.536]
Train Epoch 9/10:  47%|████▋     | 147/313 [00:03<00:06, 24.53it/s, loss=0.524]
Train Epoch 9/10:  48%|████▊     | 150/313 [00:03<00:07, 22.72it/s, loss=0.524]
Train Epoch 9/10:  48%|████▊     | 150/313 [00:03<00:07, 22.72it/s, loss=0.51]
Train Epoch 9/10:  48%|████▊     | 150/313 [00:03<00:07, 22.72it/s, loss=0.543]
Train Epoch 9/10:  48%|████▊     | 150/313 [00:03<00:07, 22.72it/s, loss=0.599]
Train Epoch 9/10:  49%|████▉     | 153/313 [00:03<00:07, 20.71it/s, loss=0.599]
Train Epoch 9/10:  49%|████▉     | 153/313 [00:03<00:07, 20.71it/s, loss=0.475]
Train Epoch 9/10:  49%|████▉     | 153/313 [00:04<00:07, 20.71it/s, loss=0.524]
Train Epoch 9/10:  49%|████▉     | 153/313 [00:04<00:07, 20.71it/s, loss=0.434]
Train Epoch 9/10:  50%|████▉     | 156/313 [00:04<00:07, 20.91it/s, loss=0.434]
Train Epoch 9/10:  50%|████▉     | 156/313 [00:04<00:07, 20.91it/s, loss=0.521]
Train Epoch 9/10:  50%|████▉     | 156/313 [00:04<00:07, 20.91it/s, loss=0.608]
Train Epoch 9/10:  50%|████▉     | 156/313 [00:04<00:07, 20.91it/s, loss=0.547]
Train Epoch 9/10:  50%|████▉     | 156/313 [00:04<00:07, 20.91it/s, loss=0.528]
Train Epoch 9/10:  50%|████▉     | 156/313 [00:04<00:07, 20.91it/s, loss=0.489]
Train Epoch 9/10:  51%|█████▏    | 161/313 [00:04<00:05, 26.03it/s, loss=0.489]
Train Epoch 9/10:  51%|█████▏    | 161/313 [00:04<00:05, 26.03it/s, loss=0.647]
Train Epoch 9/10:  51%|█████▏    | 161/313 [00:04<00:05, 26.03it/s, loss=0.469]
Train Epoch 9/10:  51%|█████▏    | 161/313 [00:04<00:05, 26.03it/s, loss=0.458]
Train Epoch 9/10:  51%|█████▏    | 161/313 [00:04<00:05, 26.03it/s, loss=0.602]
Train Epoch 9/10:  51%|█████▏    | 161/313 [00:04<00:05, 26.03it/s, loss=0.599]
Train Epoch 9/10:  53%|█████▎    | 166/313 [00:04<00:04, 30.38it/s, loss=0.599]
Train Epoch 9/10:  53%|█████▎    | 166/313 [00:04<00:04, 30.38it/s, loss=0.612]
Train Epoch 9/10:  53%|█████▎    | 166/313 [00:04<00:04, 30.38it/s, loss=0.59]
Train Epoch 9/10:  53%|█████▎    | 166/313 [00:04<00:04, 30.38it/s, loss=0.542]
Train Epoch 9/10:  53%|█████▎    | 166/313 [00:04<00:04, 30.38it/s, loss=0.451]
Train Epoch 9/10:  53%|█████▎    | 166/313 [00:04<00:04, 30.38it/s, loss=0.527]
Train Epoch 9/10:  55%|█████▍    | 171/313 [00:04<00:04, 33.80it/s, loss=0.527]
Train Epoch 9/10:  55%|█████▍    | 171/313 [00:04<00:04, 33.80it/s, loss=0.491]
Train Epoch 9/10:  55%|█████▍    | 171/313 [00:04<00:04, 33.80it/s, loss=0.415]
Train Epoch 9/10:  55%|█████▍    | 171/313 [00:04<00:04, 33.80it/s, loss=0.589]
Train Epoch 9/10:  55%|█████▍    | 171/313 [00:04<00:04, 33.80it/s, loss=0.615]
Train Epoch 9/10:  55%|█████▍    | 171/313 [00:04<00:04, 33.80it/s, loss=0.625]
Train Epoch 9/10:  56%|█████▌    | 176/313 [00:04<00:03, 37.30it/s, loss=0.625]
Train Epoch 9/10:  56%|█████▌    | 176/313 [00:04<00:03, 37.30it/s, loss=0.569]
Train Epoch 9/10:  56%|█████▌    | 176/313 [00:04<00:03, 37.30it/s, loss=0.646]
Train Epoch 9/10:  56%|█████▌    | 176/313 [00:04<00:03, 37.30it/s, loss=0.548]
Train Epoch 9/10:  56%|█████▌    | 176/313 [00:04<00:03, 37.30it/s, loss=0.563]
Train Epoch 9/10:  56%|█████▌    | 176/313 [00:04<00:03, 37.30it/s, loss=0.509]
Train Epoch 9/10:  58%|█████▊    | 181/313 [00:04<00:03, 39.98it/s, loss=0.509]
Train Epoch 9/10:  58%|█████▊    | 181/313 [00:04<00:03, 39.98it/s, loss=0.472]
Train Epoch 9/10:  58%|█████▊    | 181/313 [00:04<00:03, 39.98it/s, loss=0.484]
Train Epoch 9/10:  58%|█████▊    | 181/313 [00:04<00:03, 39.98it/s, loss=0.527]
Train Epoch 9/10:  58%|█████▊    | 181/313 [00:04<00:03, 39.98it/s, loss=0.612]
Train Epoch 9/10:  58%|█████▊    | 181/313 [00:04<00:03, 39.98it/s, loss=0.459]
Train Epoch 9/10:  59%|█████▉    | 186/313 [00:04<00:03, 41.98it/s, loss=0.459]
Train Epoch 9/10:  59%|█████▉    | 186/313 [00:04<00:03, 41.98it/s, loss=0.528]
Train Epoch 9/10:  59%|█████▉    | 186/313 [00:04<00:03, 41.98it/s, loss=0.526]
Train Epoch 9/10:  59%|█████▉    | 186/313 [00:04<00:03, 41.98it/s, loss=0.536]
Train Epoch 9/10:  59%|█████▉    | 186/313 [00:04<00:03, 41.98it/s, loss=0.568]
Train Epoch 9/10:  59%|█████▉    | 186/313 [00:04<00:03, 41.98it/s, loss=0.545]
Train Epoch 9/10:  61%|██████    | 191/313 [00:04<00:02, 43.80it/s, loss=0.545]
Train Epoch 9/10:  61%|██████    | 191/313 [00:04<00:02, 43.80it/s, loss=0.668]
Train Epoch 9/10:  61%|██████    | 191/313 [00:04<00:02, 43.80it/s, loss=0.602]
Train Epoch 9/10:  61%|██████    | 191/313 [00:04<00:02, 43.80it/s, loss=0.554]
Train Epoch 9/10:  61%|██████    | 191/313 [00:04<00:02, 43.80it/s, loss=0.553]
Train Epoch 9/10:  61%|██████    | 191/313 [00:04<00:02, 43.80it/s, loss=0.592]
Train Epoch 9/10:  63%|██████▎   | 196/313 [00:04<00:02, 42.15it/s, loss=0.592]
Train Epoch 9/10:  63%|██████▎   | 196/313 [00:05<00:02, 42.15it/s, loss=0.583]
Train Epoch 9/10:  63%|██████▎   | 196/313 [00:05<00:02, 42.15it/s, loss=0.511]
Train Epoch 9/10:  63%|██████▎   | 196/313 [00:05<00:02, 42.15it/s, loss=0.551]
Train Epoch 9/10:  63%|██████▎   | 196/313 [00:05<00:02, 42.15it/s, loss=0.48]
Train Epoch 9/10:  63%|██████▎   | 196/313 [00:05<00:02, 42.15it/s, loss=0.733]
Train Epoch 9/10:  64%|██████▍   | 201/313 [00:05<00:03, 34.00it/s, loss=0.733]
Train Epoch 9/10:  64%|██████▍   | 201/313 [00:05<00:03, 34.00it/s, loss=0.496]
Train Epoch 9/10:  64%|██████▍   | 201/313 [00:05<00:03, 34.00it/s, loss=0.574]
Train Epoch 9/10:  64%|██████▍   | 201/313 [00:05<00:03, 34.00it/s, loss=0.643]
Train Epoch 9/10:  64%|██████▍   | 201/313 [00:05<00:03, 34.00it/s, loss=0.593]
Train Epoch 9/10:  65%|██████▌   | 205/313 [00:05<00:03, 31.84it/s, loss=0.593]
Train Epoch 9/10:  65%|██████▌   | 205/313 [00:05<00:03, 31.84it/s, loss=0.557]
Train Epoch 9/10:  65%|██████▌   | 205/313 [00:05<00:03, 31.84it/s, loss=0.528]
Train Epoch 9/10:  65%|██████▌   | 205/313 [00:05<00:03, 31.84it/s, loss=0.447]
Train Epoch 9/10:  65%|██████▌   | 205/313 [00:05<00:03, 31.84it/s, loss=0.516]
Train Epoch 9/10:  67%|██████▋   | 209/313 [00:05<00:03, 32.25it/s, loss=0.516]
Train Epoch 9/10:  67%|██████▋   | 209/313 [00:05<00:03, 32.25it/s, loss=0.624]
Train Epoch 9/10:  67%|██████▋   | 209/313 [00:05<00:03, 32.25it/s, loss=0.478]
Train Epoch 9/10:  67%|██████▋   | 209/313 [00:05<00:03, 32.25it/s, loss=0.491]
Train Epoch 9/10:  67%|██████▋   | 209/313 [00:05<00:03, 32.25it/s, loss=0.644]
Train Epoch 9/10:  68%|██████▊   | 213/313 [00:05<00:03, 30.49it/s, loss=0.644]
Train Epoch 9/10:  68%|██████▊   | 213/313 [00:05<00:03, 30.49it/s, loss=0.469]
Train Epoch 9/10:  68%|██████▊   | 213/313 [00:05<00:03, 30.49it/s, loss=0.398]
Train Epoch 9/10:  68%|██████▊   | 213/313 [00:05<00:03, 30.49it/s, loss=0.619]
Train Epoch 9/10:  68%|██████▊   | 213/313 [00:05<00:03, 30.49it/s, loss=0.547]
Train Epoch 9/10:  69%|██████▉   | 217/313 [00:05<00:03, 28.07it/s, loss=0.547]
Train Epoch 9/10:  69%|██████▉   | 217/313 [00:05<00:03, 28.07it/s, loss=0.45]
Train Epoch 9/10:  69%|██████▉   | 217/313 [00:05<00:03, 28.07it/s, loss=0.565]
Train Epoch 9/10:  69%|██████▉   | 217/313 [00:05<00:03, 28.07it/s, loss=0.541]
Train Epoch 9/10:  70%|███████   | 220/313 [00:05<00:03, 26.32it/s, loss=0.541]
Train Epoch 9/10:  70%|███████   | 220/313 [00:05<00:03, 26.32it/s, loss=0.612]
Train Epoch 9/10:  70%|███████   | 220/313 [00:06<00:03, 26.32it/s, loss=0.564]
Train Epoch 9/10:  70%|███████   | 220/313 [00:06<00:03, 26.32it/s, loss=0.611]
Train Epoch 9/10:  71%|███████   | 223/313 [00:06<00:03, 26.63it/s, loss=0.611]
Train Epoch 9/10:  71%|███████   | 223/313 [00:06<00:03, 26.63it/s, loss=0.485]
Train Epoch 9/10:  71%|███████   | 223/313 [00:06<00:03, 26.63it/s, loss=0.389]
Train Epoch 9/10:  71%|███████   | 223/313 [00:06<00:03, 26.63it/s, loss=0.479]
Train Epoch 9/10:  71%|███████   | 223/313 [00:06<00:03, 26.63it/s, loss=0.454]
Train Epoch 9/10:  73%|███████▎  | 227/313 [00:06<00:03, 28.52it/s, loss=0.454]
Train Epoch 9/10:  73%|███████▎  | 227/313 [00:06<00:03, 28.52it/s, loss=0.56]
Train Epoch 9/10:  73%|███████▎  | 227/313 [00:06<00:03, 28.52it/s, loss=0.538]
Train Epoch 9/10:  73%|███████▎  | 227/313 [00:06<00:03, 28.52it/s, loss=0.546]
Train Epoch 9/10:  73%|███████▎  | 227/313 [00:06<00:03, 28.52it/s, loss=0.531]
Train Epoch 9/10:  74%|███████▍  | 231/313 [00:06<00:02, 30.93it/s, loss=0.531]
Train Epoch 9/10:  74%|███████▍  | 231/313 [00:06<00:02, 30.93it/s, loss=0.513]
Train Epoch 9/10:  74%|███████▍  | 231/313 [00:06<00:02, 30.93it/s, loss=0.47]
Train Epoch 9/10:  74%|███████▍  | 231/313 [00:06<00:02, 30.93it/s, loss=0.514]
Train Epoch 9/10:  74%|███████▍  | 231/313 [00:06<00:02, 30.93it/s, loss=0.582]
Train Epoch 9/10:  74%|███████▍  | 231/313 [00:06<00:02, 30.93it/s, loss=0.473]
Train Epoch 9/10:  75%|███████▌  | 236/313 [00:06<00:02, 34.03it/s, loss=0.473]
Train Epoch 9/10:  75%|███████▌  | 236/313 [00:06<00:02, 34.03it/s, loss=0.477]
Train Epoch 9/10:  75%|███████▌  | 236/313 [00:06<00:02, 34.03it/s, loss=0.454]
Train Epoch 9/10:  75%|███████▌  | 236/313 [00:06<00:02, 34.03it/s, loss=0.615]
Train Epoch 9/10:  75%|███████▌  | 236/313 [00:06<00:02, 34.03it/s, loss=0.569]
Train Epoch 9/10:  75%|███████▌  | 236/313 [00:06<00:02, 34.03it/s, loss=0.546]
Train Epoch 9/10:  77%|███████▋  | 241/313 [00:06<00:01, 36.94it/s, loss=0.546]
Train Epoch 9/10:  77%|███████▋  | 241/313 [00:06<00:01, 36.94it/s, loss=0.67]
Train Epoch 9/10:  77%|███████▋  | 241/313 [00:06<00:01, 36.94it/s, loss=0.458]
Train Epoch 9/10:  77%|███████▋  | 241/313 [00:06<00:01, 36.94it/s, loss=0.512]
Train Epoch 9/10:  77%|███████▋  | 241/313 [00:06<00:01, 36.94it/s, loss=0.539]
Train Epoch 9/10:  77%|███████▋  | 241/313 [00:06<00:01, 36.94it/s, loss=0.515]
Train Epoch 9/10:  79%|███████▊  | 246/313 [00:06<00:01, 39.35it/s, loss=0.515]
Train Epoch 9/10:  79%|███████▊  | 246/313 [00:06<00:01, 39.35it/s, loss=0.565]
Train Epoch 9/10:  79%|███████▊  | 246/313 [00:06<00:01, 39.35it/s, loss=0.449]
Train Epoch 9/10:  79%|███████▊  | 246/313 [00:06<00:01, 39.35it/s, loss=0.424]
Train Epoch 9/10:  79%|███████▊  | 246/313 [00:06<00:01, 39.35it/s, loss=0.59]
Train Epoch 9/10:  79%|███████▊  | 246/313 [00:06<00:01, 39.35it/s, loss=0.546]
Train Epoch 9/10:  80%|████████  | 251/313 [00:06<00:01, 40.76it/s, loss=0.546]
Train Epoch 9/10:  80%|████████  | 251/313 [00:06<00:01, 40.76it/s, loss=0.516]
Train Epoch 9/10:  80%|████████  | 251/313 [00:06<00:01, 40.76it/s, loss=0.549]
Train Epoch 9/10:  80%|████████  | 251/313 [00:06<00:01, 40.76it/s, loss=0.458]
Train Epoch 9/10:  80%|████████  | 251/313 [00:06<00:01, 40.76it/s, loss=0.44]
Train Epoch 9/10:  80%|████████  | 251/313 [00:06<00:01, 40.76it/s, loss=0.374]
Train Epoch 9/10:  82%|████████▏ | 256/313 [00:06<00:01, 42.57it/s, loss=0.374]
Train Epoch 9/10:  82%|████████▏ | 256/313 [00:06<00:01, 42.57it/s, loss=0.44]
Train Epoch 9/10:  82%|████████▏ | 256/313 [00:06<00:01, 42.57it/s, loss=0.477]
Train Epoch 9/10:  82%|████████▏ | 256/313 [00:06<00:01, 42.57it/s, loss=0.504]
Train Epoch 9/10:  82%|████████▏ | 256/313 [00:06<00:01, 42.57it/s, loss=0.532]
Train Epoch 9/10:  82%|████████▏ | 256/313 [00:06<00:01, 42.57it/s, loss=0.521]
Train Epoch 9/10:  83%|████████▎ | 261/313 [00:06<00:01, 43.95it/s, loss=0.521]
Train Epoch 9/10:  83%|████████▎ | 261/313 [00:06<00:01, 43.95it/s, loss=0.482]
Train Epoch 9/10:  83%|████████▎ | 261/313 [00:06<00:01, 43.95it/s, loss=0.465]
Train Epoch 9/10:  83%|████████▎ | 261/313 [00:06<00:01, 43.95it/s, loss=0.49]
Train Epoch 9/10:  83%|████████▎ | 261/313 [00:07<00:01, 43.95it/s, loss=0.507]
Train Epoch 9/10:  83%|████████▎ | 261/313 [00:07<00:01, 43.95it/s, loss=0.534]
Train Epoch 9/10:  85%|████████▍ | 266/313 [00:07<00:01, 45.09it/s, loss=0.534]
Train Epoch 9/10:  85%|████████▍ | 266/313 [00:07<00:01, 45.09it/s, loss=0.566]
Train Epoch 9/10:  85%|████████▍ | 266/313 [00:07<00:01, 45.09it/s, loss=0.623]
Train Epoch 9/10:  85%|████████▍ | 266/313 [00:07<00:01, 45.09it/s, loss=0.707]
Train Epoch 9/10:  85%|████████▍ | 266/313 [00:07<00:01, 45.09it/s, loss=0.431]
Train Epoch 9/10:  85%|████████▍ | 266/313 [00:07<00:01, 45.09it/s, loss=0.52]
Train Epoch 9/10:  87%|████████▋ | 271/313 [00:07<00:00, 45.90it/s, loss=0.52]
Train Epoch 9/10:  87%|████████▋ | 271/313 [00:07<00:00, 45.90it/s, loss=0.542]
Train Epoch 9/10:  87%|████████▋ | 271/313 [00:07<00:00, 45.90it/s, loss=0.629]
Train Epoch 9/10:  87%|████████▋ | 271/313 [00:07<00:00, 45.90it/s, loss=0.459]
Train Epoch 9/10:  87%|████████▋ | 271/313 [00:07<00:00, 45.90it/s, loss=0.516]
Train Epoch 9/10:  87%|████████▋ | 271/313 [00:07<00:00, 45.90it/s, loss=0.443]
Train Epoch 9/10:  88%|████████▊ | 276/313 [00:07<00:00, 46.46it/s, loss=0.443]
Train Epoch 9/10:  88%|████████▊ | 276/313 [00:07<00:00, 46.46it/s, loss=0.583]
Train Epoch 9/10:  88%|████████▊ | 276/313 [00:07<00:00, 46.46it/s, loss=0.578]
Train Epoch 9/10:  88%|████████▊ | 276/313 [00:07<00:00, 46.46it/s, loss=0.582]
Train Epoch 9/10:  88%|████████▊ | 276/313 [00:07<00:00, 46.46it/s, loss=0.52]
Train Epoch 9/10:  88%|████████▊ | 276/313 [00:07<00:00, 46.46it/s, loss=0.588]
Train Epoch 9/10:  90%|████████▉ | 281/313 [00:07<00:00, 46.89it/s, loss=0.588]
Train Epoch 9/10:  90%|████████▉ | 281/313 [00:07<00:00, 46.89it/s, loss=0.53]
Train Epoch 9/10:  90%|████████▉ | 281/313 [00:07<00:00, 46.89it/s, loss=0.496]
Train Epoch 9/10:  90%|████████▉ | 281/313 [00:07<00:00, 46.89it/s, loss=0.489]
Train Epoch 9/10:  90%|████████▉ | 281/313 [00:07<00:00, 46.89it/s, loss=0.652]
Train Epoch 9/10:  90%|████████▉ | 281/313 [00:07<00:00, 46.89it/s, loss=0.585]
Train Epoch 9/10:  91%|█████████▏| 286/313 [00:07<00:00, 47.20it/s, loss=0.585]
Train Epoch 9/10:  91%|█████████▏| 286/313 [00:07<00:00, 47.20it/s, loss=0.545]
Train Epoch 9/10:  91%|█████████▏| 286/313 [00:07<00:00, 47.20it/s, loss=0.498]
Train Epoch 9/10:  91%|█████████▏| 286/313 [00:07<00:00, 47.20it/s, loss=0.488]
Train Epoch 9/10:  91%|█████████▏| 286/313 [00:07<00:00, 47.20it/s, loss=0.454]
Train Epoch 9/10:  91%|█████████▏| 286/313 [00:07<00:00, 47.20it/s, loss=0.38]
Train Epoch 9/10:  93%|█████████▎| 291/313 [00:07<00:00, 47.41it/s, loss=0.38]
Train Epoch 9/10:  93%|█████████▎| 291/313 [00:07<00:00, 47.41it/s, loss=0.659]
Train Epoch 9/10:  93%|█████████▎| 291/313 [00:07<00:00, 47.41it/s, loss=0.497]
Train Epoch 9/10:  93%|█████████▎| 291/313 [00:07<00:00, 47.41it/s, loss=0.51]
Train Epoch 9/10:  93%|█████████▎| 291/313 [00:07<00:00, 47.41it/s, loss=0.659]
Train Epoch 9/10:  93%|█████████▎| 291/313 [00:07<00:00, 47.41it/s, loss=0.512]
Train Epoch 9/10:  95%|█████████▍| 296/313 [00:07<00:00, 47.57it/s, loss=0.512]
Train Epoch 9/10:  95%|█████████▍| 296/313 [00:07<00:00, 47.57it/s, loss=0.653]
Train Epoch 9/10:  95%|█████████▍| 296/313 [00:07<00:00, 47.57it/s, loss=0.484]
Train Epoch 9/10:  95%|█████████▍| 296/313 [00:07<00:00, 47.57it/s, loss=0.407]
Train Epoch 9/10:  95%|█████████▍| 296/313 [00:07<00:00, 47.57it/s, loss=0.515]
Train Epoch 9/10:  95%|█████████▍| 296/313 [00:07<00:00, 47.57it/s, loss=0.62]
Train Epoch 9/10:  96%|█████████▌| 301/313 [00:07<00:00, 37.38it/s, loss=0.62]
Train Epoch 9/10:  96%|█████████▌| 301/313 [00:07<00:00, 37.38it/s, loss=0.474]
Train Epoch 9/10:  96%|█████████▌| 301/313 [00:07<00:00, 37.38it/s, loss=0.423]
Train Epoch 9/10:  96%|█████████▌| 301/313 [00:08<00:00, 37.38it/s, loss=0.646]
Train Epoch 9/10:  96%|█████████▌| 301/313 [00:08<00:00, 37.38it/s, loss=0.476]
Train Epoch 9/10:  96%|█████████▌| 301/313 [00:08<00:00, 37.38it/s, loss=0.559]
Train Epoch 9/10:  98%|█████████▊| 306/313 [00:08<00:00, 27.47it/s, loss=0.559]
Train Epoch 9/10:  98%|█████████▊| 306/313 [00:08<00:00, 27.47it/s, loss=0.42]
Train Epoch 9/10:  98%|█████████▊| 306/313 [00:08<00:00, 27.47it/s, loss=0.602]
Train Epoch 9/10:  98%|█████████▊| 306/313 [00:08<00:00, 27.47it/s, loss=0.518]
Train Epoch 9/10:  98%|█████████▊| 306/313 [00:08<00:00, 27.47it/s, loss=0.558]
Train Epoch 9/10:  99%|█████████▉| 310/313 [00:08<00:00, 26.19it/s, loss=0.558]
Train Epoch 9/10:  99%|█████████▉| 310/313 [00:08<00:00, 26.19it/s, loss=0.546]
Train Epoch 9/10:  99%|█████████▉| 310/313 [00:08<00:00, 26.19it/s, loss=0.583]
Train Epoch 9/10:  99%|█████████▉| 310/313 [00:08<00:00, 26.19it/s, loss=0.366]
Train Epoch 9/10: 100%|██████████| 313/313 [00:08<00:00, 37.15it/s, loss=0.366]

Valid Epoch 9/10:   0%|          | 0/32 [00:00<?, ?it/s, acc=-, loss=-]
Valid Epoch 9/10:  25%|██▌       | 8/32 [00:00<00:00, 75.53it/s, acc=-, loss=-]
Valid Epoch 9/10:  56%|█████▋    | 18/32 [00:00<00:00, 85.40it/s, acc=-, loss=-]
Valid Epoch 9/10:  91%|█████████ | 29/32 [00:00<00:00, 95.95it/s, acc=-, loss=-]
Valid Epoch 9/10: 100%|██████████| 32/32 [00:00<00:00, 95.95it/s, valid/loss=0.618, valid/accuracy=0.748]
Valid Epoch 9/10: 100%|██████████| 32/32 [00:00<00:00, 93.44it/s, valid/loss=0.618, valid/accuracy=0.748]
{
  "lengths": {
    "1024": {
      "arms": {
        "causal_gdn2": {
          "arm": "causal_gdn2",
          "data_hashes": {
            "test": "4a8237ba8fe19aaff0d1d72de7b7f6505eaab59cd091442c2f463df34cce278f",
            "train": "647c64ece84984a23dfd817c4f277ea83840dbec57cc18bb6c9bf9eda7cc9a68"
          },
          "elapsed_sec_including_validation": 112.69807316362858,
          "epochs": 10,
          "future_seed": {
            "future_seed_gate": null,
            "future_seed_norm": null,
            "future_seed_raw_rms": null,
            "future_seed_scale": 0.0
          },
          "init_hash": "5595ecb17132326ba41be9f872d3abc81c31cd815832c60aa33f878273ba28ae",
          "init_parameter_hash": "3b0c133410eaed1135224cc0acb094705655cc7e97ea6beeba17b40beab1a368",
          "metrics": {
            "balanced_accuracy": 0.00975,
            "future": {
              "accuracy": 0.0085,
              "ce": 4.818102352142334,
              "exact": 0.0,
              "examples": 1000,
              "queries": 2000
            },
            "joint_exact": 0.0,
            "past": {
              "accuracy": 0.011,
              "ce": 4.80558016204834,
              "exact": 0.0,
              "examples": 1000,
              "queries": 2000
            }
          },
          "num_kv_pairs": 4,
          "parameters": 661584,
          "peak_training_cuda_mem_bytes": 1049913344,
          "sequence_length": 1024,
          "train_examples": 10000,
          "train_tokens": 102400000,
          "valid_curve": [
            {
              "epoch": 0,
              "valid/accuracy": 0.0105,
              "valid/loss": 4.590128421783447
            },
            {
              "epoch": 1,
              "valid/accuracy": 0.00925,
              "valid/loss": 4.583256721496582
            },
            {
              "epoch": 2,
              "valid/accuracy": 0.00975,
              "valid/loss": 4.579085826873779
            },
            {
              "epoch": 3,
              "valid/accuracy": 0.0095,
              "valid/loss": 4.578134536743164
            },
            {
              "epoch": 4,
              "valid/accuracy": 0.00975,
              "valid/loss": 4.578836441040039
            },
            {
              "epoch": 5,
              "valid/accuracy": 0.011,
              "valid/loss": 4.584907531738281
            },
            {
              "epoch": 6,
              "valid/accuracy": 0.0075,
              "valid/loss": 4.601108551025391
            },
            {
              "epoch": 7,
              "valid/accuracy": 0.00725,
              "valid/loss": 4.653220176696777
            },
            {
              "epoch": 8,
              "valid/accuracy": 0.009,
              "valid/loss": 4.732884883880615
            },
            {
              "epoch": 9,
              "valid/accuracy": 0.00975,
              "valid/loss": 4.812079429626465
            }
          ],
          "warmed_step_benchmark": {
            "elapsed_sec": 0.900998018682003,
            "examples_per_sec": 710.3234266110863,
            "measured_steps": 20.0,
            "peak_cuda_mem_bytes": 1083205632.0,
            "tokens_per_sec": 727371.1888497524
          }
        },
        "future_seed_gdn2": {
          "arm": "future_seed_gdn2",
          "data_hashes": {
            "test": "4a8237ba8fe19aaff0d1d72de7b7f6505eaab59cd091442c2f463df34cce278f",
            "train": "647c64ece84984a23dfd817c4f277ea83840dbec57cc18bb6c9bf9eda7cc9a68"
          },
          "elapsed_sec_including_validation": 81.46692761406302,
          "epochs": 10,
          "future_seed": {
            "future_seed_gate": 0.5048452019691467,
            "future_seed_norm": 16.155044555664062,
            "future_seed_raw_rms": 0.05010853335261345,
            "future_seed_scale": 1.0
          },
          "init_hash": "5595ecb17132326ba41be9f872d3abc81c31cd815832c60aa33f878273ba28ae",
          "init_parameter_hash": "3b0c133410eaed1135224cc0acb094705655cc7e97ea6beeba17b40beab1a368",
          "metrics": {
            "balanced_accuracy": 0.7475,
            "future": {
              "accuracy": 0.7415,
              "ce": 0.6166690120697021,
              "exact": 0.572,
              "examples": 1000,
              "queries": 2000
            },
            "joint_exact": 0.339,
            "past": {
              "accuracy": 0.7535,
              "ce": 0.6143441157341003,
              "exact": 0.59,
              "examples": 1000,
              "queries": 2000
            }
          },
          "num_kv_pairs": 4,
          "parameters": 661584,
          "peak_training_cuda_mem_bytes": 1051489792,
          "sequence_length": 1024,
          "train_examples": 10000,
          "train_tokens": 102400000,
          "valid_curve": [
            {
              "epoch": 0,
              "valid/accuracy": 0.0095,
              "valid/loss": 4.590456485748291
            },
            {
              "epoch": 1,
              "valid/accuracy": 0.011,
              "valid/loss": 4.582961082458496
            },
            {
              "epoch": 2,
              "valid/accuracy": 0.011,
              "valid/loss": 4.579651355743408
            },
            {
              "epoch": 3,
              "valid/accuracy": 0.05875,
              "valid/loss": 3.9253416061401367
            },
            {
              "epoch": 4,
              "valid/accuracy": 0.1965,
              "valid/loss": 2.8543386459350586
            },
            {
              "epoch": 5,
              "valid/accuracy": 0.345,
              "valid/loss": 1.9210618734359741
            },
            {
              "epoch": 6,
              "valid/accuracy": 0.71575,
              "valid/loss": 0.8152065277099609
            },
            {
              "epoch": 7,
              "valid/accuracy": 0.73075,
              "valid/loss": 0.681923508644104
            },
            {
              "epoch": 8,
              "valid/accuracy": 0.7475,
              "valid/loss": 0.6334220170974731
            },
            {
              "epoch": 9,
              "valid/accuracy": 0.7475,
              "valid/loss": 0.6178939938545227
            }
          ],
          "warmed_step_benchmark": {
            "elapsed_sec": 0.46083032339811325,
            "examples_per_sec": 1388.7974977009083,
            "measured_steps": 20.0,
            "peak_cuda_mem_bytes": 1084782080.0,
            "tokens_per_sec": 1422128.63764573
          }
        }
      },
      "future_seed_vs_causal": {
        "future_accuracy_delta": 0.7330000000000001,
        "joint_exact_delta": 0.339,
        "past_accuracy_delta": 0.7424999999999999
      }
    },
    "64": {
      "arms": {
        "causal_gdn2": {
          "arm": "causal_gdn2",
          "data_hashes": {
            "test": "3fa26a5a04b8302001231451bce23c4f5372648d8cdd9fe6116d8e418f470209",
            "train": "31bac228c46a1c85b0b0e164675c7f65e9bb0a3d4b733d4c42d7c057bd6d5bf9"
          },
          "elapsed_sec_including_validation": 66.79493584483862,
          "epochs": 10,
          "future_seed": {
            "future_seed_gate": null,
            "future_seed_norm": null,
            "future_seed_raw_rms": null,
            "future_seed_scale": 0.0
          },
          "init_hash": "1bbba1ac6d1bd2edcb4f85e47805c7662756da53f413cb7582e8061c46e18835",
          "init_parameter_hash": "4942870aef7cbe462dfa629d17b05203a6668949d26dcf3e0f0be248f615af6b",
          "metrics": {
            "balanced_accuracy": 0.50325,
            "future": {
              "accuracy": 0.01,
              "ce": 4.708498973846435,
              "exact": 0.0,
              "examples": 1000,
              "queries": 2000
            },
            "joint_exact": 0.0,
            "past": {
              "accuracy": 0.9965,
              "ce": 0.023552810192108153,
              "exact": 0.993,
              "examples": 1000,
              "queries": 2000
            }
          },
          "num_kv_pairs": 4,
          "parameters": 538704,
          "peak_training_cuda_mem_bytes": 322412544,
          "sequence_length": 64,
          "train_examples": 10000,
          "train_tokens": 6400000,
          "valid_curve": [
            {
              "epoch": 0,
              "valid/accuracy": 0.05625,
              "valid/loss": 4.2256269454956055
            },
            {
              "epoch": 1,
              "valid/accuracy": 0.49775,
              "valid/loss": 2.3843705654144287
            },
            {
              "epoch": 2,
              "valid/accuracy": 0.5025,
              "valid/loss": 2.319251298904419
            },
            {
              "epoch": 3,
              "valid/accuracy": 0.504,
              "valid/loss": 2.31178617477417
            },
            {
              "epoch": 4,
              "valid/accuracy": 0.5045,
              "valid/loss": 2.3097662925720215
            },
            {
              "epoch": 5,
              "valid/accuracy": 0.50325,
              "valid/loss": 2.311260461807251
            },
            {
              "epoch": 6,
              "valid/accuracy": 0.50425,
              "valid/loss": 2.3130271434783936
            },
            {
              "epoch": 7,
              "valid/accuracy": 0.5045,
              "valid/loss": 2.322894334793091
            },
            {
              "epoch": 8,
              "valid/accuracy": 0.50275,
              "valid/loss": 2.361325979232788
            },
            {
              "epoch": 9,
              "valid/accuracy": 0.50325,
              "valid/loss": 2.364243745803833
            }
          ],
          "warmed_step_benchmark": {
            "elapsed_sec": 0.40151122957468033,
            "examples_per_sec": 1593.977833890101,
            "measured_steps": 20.0,
            "peak_cuda_mem_bytes": 90081792.0,
            "tokens_per_sec": 102014.58136896646
          }
        },
        "future_seed_gdn2": {
          "arm": "future_seed_gdn2",
          "data_hashes": {
            "test": "3fa26a5a04b8302001231451bce23c4f5372648d8cdd9fe6116d8e418f470209",
            "train": "31bac228c46a1c85b0b0e164675c7f65e9bb0a3d4b733d4c42d7c057bd6d5bf9"
          },
          "elapsed_sec_including_validation": 94.7161328420043,
          "epochs": 10,
          "future_seed": {
            "future_seed_gate": 0.5336601734161377,
            "future_seed_norm": 17.077125549316406,
            "future_seed_raw_rms": 0.02718796208500862,
            "future_seed_scale": 1.0
          },
          "init_hash": "1bbba1ac6d1bd2edcb4f85e47805c7662756da53f413cb7582e8061c46e18835",
          "init_parameter_hash": "4942870aef7cbe462dfa629d17b05203a6668949d26dcf3e0f0be248f615af6b",
          "metrics": {
            "balanced_accuracy": 0.99525,
            "future": {
              "accuracy": 0.992,
              "ce": 0.027999633844941856,
              "exact": 0.984,
              "examples": 1000,
              "queries": 2000
            },
            "joint_exact": 0.981,
            "past": {
              "accuracy": 0.9985,
              "ce": 0.008305604297667742,
              "exact": 0.997,
              "examples": 1000,
              "queries": 2000
            }
          },
          "num_kv_pairs": 4,
          "parameters": 538704,
          "peak_training_cuda_mem_bytes": 312487424,
          "sequence_length": 64,
          "train_examples": 10000,
          "train_tokens": 6400000,
          "valid_curve": [
            {
              "epoch": 0,
              "valid/accuracy": 0.456,
              "valid/loss": 1.6711498498916626
            },
            {
              "epoch": 1,
              "valid/accuracy": 0.799,
              "valid/loss": 0.46976223587989807
            },
            {
              "epoch": 2,
              "valid/accuracy": 0.9135,
              "valid/loss": 0.22728824615478516
            },
            {
              "epoch": 3,
              "valid/accuracy": 0.97475,
              "valid/loss": 0.07604335248470306
            },
            {
              "epoch": 4,
              "valid/accuracy": 0.986,
              "valid/loss": 0.044005800038576126
            },
            {
              "epoch": 5,
              "valid/accuracy": 0.991,
              "valid/loss": 0.029490530490875244
            },
            {
              "epoch": 6,
              "valid/accuracy": 0.9925,
              "valid/loss": 0.02423201873898506
            },
            {
              "epoch": 7,
              "valid/accuracy": 0.99275,
              "valid/loss": 0.021089881658554077
            },
            {
              "epoch": 8,
              "valid/accuracy": 0.9945,
              "valid/loss": 0.018663153052330017
            },
            {
              "epoch": 9,
              "valid/accuracy": 0.99525,
              "valid/loss": 0.0178513266146183
            }
          ],
          "warmed_step_benchmark": {
            "elapsed_sec": 0.34935515746474266,
            "examples_per_sec": 1831.946620294534,
            "measured_steps": 20.0,
            "peak_cuda_mem_bytes": 91658240.0,
            "tokens_per_sec": 117244.58369885017
          }
        }
      },
      "future_seed_vs_causal": {
        "future_accuracy_delta": 0.982,
        "joint_exact_delta": 0.981,
        "past_accuracy_delta": 0.0020000000000000018
      }
    }
  },
  "protocol": {
    "attention_quality_ceiling": "not included; P-CAUSAL-011 carrier invalid",
    "batch_size": 32,
    "epochs": 10,
    "future_seed": "native cross-layer terminal-state seeding",
    "length64_source_sha": "4b909629ee3cc32ab1c57e9d3ac1f26ecaa8b273",
    "model": "official-FLA GDN2 D128/L2/H4/D32",
    "num_kv_pairs": 4,
    "seed": 123,
    "sequence_lengths": [
      64,
      1024
    ],
    "train_examples_per_new_arm": 10000,
    "validation_examples_per_arm": 1000
  },
  "registered_endpoint_gate": {
    "checks": {
      "causal_future_at_most_0.10": true,
      "causal_past_at_least_0.90": false,
      "future_seed_delta_at_least_0.70": true,
      "future_seed_future_at_least_0.80": false,
      "future_seed_past_at_least_0.90": false,
      "future_seed_retention_at_least_0.80": false
    },
    "future_seed_future_accuracy_retention_64_to_1024": 0.7474798387096775,
    "length1024_future_accuracy_delta": 0.7330000000000001,
    "partial_signal": false,
    "passed": false
  },
  "status": "complete",
  "systems_scaling": {
    "causal_gdn2": {
      "peak_memory_length1024_bytes": 1083205632.0,
      "peak_memory_length64_bytes": 90081792.0,
      "peak_memory_ratio_1024_over_64": 12.02469009497502,
      "throughput_ratio_1024_over_64": 7.130070810357937,
      "tokens_per_sec_length1024": 727371.1888497524,
      "tokens_per_sec_length64": 102014.58136896646
    },
    "future_seed_gdn2": {
      "peak_memory_length1024_bytes": 1084782080.0,
      "peak_memory_length64_bytes": 91658240.0,
      "peak_memory_ratio_1024_over_64": 11.835074293375042,
      "throughput_ratio_1024_over_64": 12.129589212398534,
      "tokens_per_sec_length1024": 1422128.63764573,
      "tokens_per_sec_length64": 117244.58369885017
    }
  }
}
