{
  "elapsed_sec": 8619.4416949749,
  "eval_by_holes": {
    "holes108": {
      "eval_clean": {
        "loop1": {
          "avg_filled": 1.0,
          "blank_acc": 0.6730504631996155,
          "clue_ok": 0.998046875,
          "label_exact": 0.0,
          "solved_valid_clue": 0.0,
          "valid_sudoku": 0.0
        },
        "loop1/future_seed": {
          "fs_decay": 0.75,
          "fs_gate_mean": 0.6410719752311707,
          "fs_memory_delta_norm": 0.0,
          "fs_memory_norm": 970.17529296875,
          "fs_state_norm": 20.51430320739746,
          "fs_update_mean": 0.339151531457901,
          "loop_feedback_in_norm": 0.0,
          "loop_feedback_next_norm": 0.0,
          "loop_time_norm": 0.0
        },
        "loop2": {
          "avg_filled": 1.0,
          "blank_acc": 0.8963215947151184,
          "clue_ok": 1.0,
          "label_exact": 0.037109375,
          "solved_valid_clue": 0.05078125,
          "valid_sudoku": 0.05078125
        },
        "loop2/future_seed": {
          "fs_decay": 0.75,
          "fs_gate_mean": 0.6410719752311707,
          "fs_memory_delta_norm": 1112.4776611328125,
          "fs_memory_norm": 1081.041015625,
          "fs_state_norm": 20.51430320739746,
          "fs_update_mean": 0.339151531457901,
          "loop_feedback_in_norm": 0.0,
          "loop_feedback_next_norm": 0.0,
          "loop_time_norm": 0.0
        },
        "loop3": {
          "avg_filled": 1.0,
          "blank_acc": 0.9272280335426331,
          "clue_ok": 1.0,
          "label_exact": 0.203125,
          "solved_valid_clue": 0.248046875,
          "valid_sudoku": 0.248046875
        },
        "loop3/future_seed": {
          "fs_decay": 0.75,
          "fs_gate_mean": 0.6410719752311707,
          "fs_memory_delta_norm": 1311.4263916015625,
          "fs_memory_norm": 1355.1304931640625,
          "fs_state_norm": 20.51430320739746,
          "fs_update_mean": 0.339151531457901,
          "loop_feedback_in_norm": 0.0,
          "loop_feedback_next_norm": 0.0,
          "loop_time_norm": 0.0
        },
        "loop4": {
          "avg_filled": 1.0,
          "blank_acc": 0.93017578125,
          "clue_ok": 1.0,
          "label_exact": 0.21875,
          "solved_valid_clue": 0.26953125,
          "valid_sudoku": 0.26953125
        },
        "loop4/future_seed": {
          "fs_decay": 0.75,
          "fs_gate_mean": 0.6410719752311707,
          "fs_memory_delta_norm": 921.0763549804688,
          "fs_memory_norm": 1552.72021484375,
          "fs_state_norm": 20.51430320739746,
          "fs_update_mean": 0.339151531457901,
          "loop_feedback_in_norm": 0.0,
          "loop_feedback_next_norm": 0.0,
          "loop_time_norm": 0.0
        },
        "loop5": {
          "avg_filled": 1.0,
          "blank_acc": 0.9306098222732544,
          "clue_ok": 1.0,
          "label_exact": 0.228515625,
          "solved_valid_clue": 0.28515625,
          "valid_sudoku": 0.28515625
        },
        "loop5/future_seed": {
          "fs_decay": 0.75,
          "fs_gate_mean": 0.6410719752311707,
          "fs_memory_delta_norm": 613.1849365234375,
          "fs_memory_norm": 1662.5325927734375,
          "fs_state_norm": 20.51430320739746,
          "fs_update_mean": 0.339151531457901,
          "loop_feedback_in_norm": 0.0,
          "loop_feedback_next_norm": 0.0,
          "loop_time_norm": 0.0
        },
        "loop6": {
          "avg_filled": 1.0,
          "blank_acc": 0.9308810830116272,
          "clue_ok": 1.0,
          "label_exact": 0.2265625,
          "solved_valid_clue": 0.283203125,
          "valid_sudoku": 0.283203125
        },
        "loop6/future_seed": {
          "fs_decay": 0.75,
          "fs_gate_mean": 0.6410719752311707,
          "fs_memory_delta_norm": 430.6518249511719,
          "fs_memory_norm": 1732.1116943359375,
          "fs_state_norm": 20.51430320739746,
          "fs_update_mean": 0.339151531457901,
          "loop_feedback_in_norm": 0.0,
          "loop_feedback_next_norm": 0.0,
          "loop_time_norm": 0.0
        }
      }
    },
    "holes120": {
      "eval_clean": {
        "loop1": {
          "avg_filled": 1.0,
          "blank_acc": 0.36892902851104736,
          "clue_ok": 1.0,
          "label_exact": 0.0,
          "solved_valid_clue": 0.0,
          "valid_sudoku": 0.0
        },
        "loop1/future_seed": {
          "fs_decay": 0.75,
          "fs_gate_mean": 0.6410719752311707,
          "fs_memory_delta_norm": 0.0,
          "fs_memory_norm": 852.4332885742188,
          "fs_state_norm": 20.51430320739746,
          "fs_update_mean": 0.339151531457901,
          "loop_feedback_in_norm": 0.0,
          "loop_feedback_next_norm": 0.0,
          "loop_time_norm": 0.0
        },
        "loop2": {
          "avg_filled": 1.0,
          "blank_acc": 0.538378894329071,
          "clue_ok": 1.0,
          "label_exact": 0.0,
          "solved_valid_clue": 0.0,
          "valid_sudoku": 0.0
        },
        "loop2/future_seed": {
          "fs_decay": 0.75,
          "fs_gate_mean": 0.6410719752311707,
          "fs_memory_delta_norm": 890.8954467773438,
          "fs_memory_norm": 838.71240234375,
          "fs_state_norm": 20.51430320739746,
          "fs_update_mean": 0.339151531457901,
          "loop_feedback_in_norm": 0.0,
          "loop_feedback_next_norm": 0.0,
          "loop_time_norm": 0.0
        },
        "loop3": {
          "avg_filled": 1.0,
          "blank_acc": 0.605175793170929,
          "clue_ok": 1.0,
          "label_exact": 0.0,
          "solved_valid_clue": 0.0,
          "valid_sudoku": 0.0
        },
        "loop3/future_seed": {
          "fs_decay": 0.75,
          "fs_gate_mean": 0.6410719752311707,
          "fs_memory_delta_norm": 998.8905639648438,
          "fs_memory_norm": 917.2645263671875,
          "fs_state_norm": 20.51430320739746,
          "fs_update_mean": 0.339151531457901,
          "loop_feedback_in_norm": 0.0,
          "loop_feedback_next_norm": 0.0,
          "loop_time_norm": 0.0
        },
        "loop4": {
          "avg_filled": 1.0,
          "blank_acc": 0.6155436038970947,
          "clue_ok": 1.0,
          "label_exact": 0.0,
          "solved_valid_clue": 0.0,
          "valid_sudoku": 0.0
        },
        "loop4/future_seed": {
          "fs_decay": 0.75,
          "fs_gate_mean": 0.6410719752311707,
          "fs_memory_delta_norm": 789.1669311523438,
          "fs_memory_norm": 1025.93603515625,
          "fs_state_norm": 20.51430320739746,
          "fs_update_mean": 0.339151531457901,
          "loop_feedback_in_norm": 0.0,
          "loop_feedback_next_norm": 0.0,
          "loop_time_norm": 0.0
        },
        "loop5": {
          "avg_filled": 1.0,
          "blank_acc": 0.617431640625,
          "clue_ok": 1.0,
          "label_exact": 0.0,
          "solved_valid_clue": 0.0,
          "valid_sudoku": 0.0
        },
        "loop5/future_seed": {
          "fs_decay": 0.75,
          "fs_gate_mean": 0.6410719752311707,
          "fs_memory_delta_norm": 574.3536987304688,
          "fs_memory_norm": 1112.922119140625,
          "fs_state_norm": 20.51430320739746,
          "fs_update_mean": 0.339151531457901,
          "loop_feedback_in_norm": 0.0,
          "loop_feedback_next_norm": 0.0,
          "loop_time_norm": 0.0
        },
        "loop6": {
          "avg_filled": 1.0,
          "blank_acc": 0.6177734136581421,
          "clue_ok": 1.0,
          "label_exact": 0.0,
          "solved_valid_clue": 0.0,
          "valid_sudoku": 0.0
        },
        "loop6/future_seed": {
          "fs_decay": 0.75,
          "fs_gate_mean": 0.6410719752311707,
          "fs_memory_delta_norm": 420.15673828125,
          "fs_memory_norm": 1178.94091796875,
          "fs_state_norm": 20.51430320739746,
          "fs_update_mean": 0.339151531457901,
          "loop_feedback_in_norm": 0.0,
          "loop_feedback_next_norm": 0.0,
          "loop_time_norm": 0.0
        }
      }
    },