{
  "groups": {
    "hard_base": {
      "metrics": {
        "h16_loop4_exact": {
          "mean": 0.9977213541666666,
          "std": 0.0013421567791724156,
          "values": [
            1.0,
            0.998046875,
            0.998046875,
            0.998046875,
            0.99609375,
            0.99609375
          ]
        },
        "h20_loop4_exact": {
          "mean": 0.9886067708333334,
          "std": 0.003973488156163315,
          "values": [
            0.98046875,
            0.98828125,
            0.9921875,
            0.990234375,
            0.9921875,
            0.98828125
          ]
        },
        "h24_loop4_exact": {
          "mean": 0.9270833333333334,
          "std": 0.018414239093399676,
          "values": [
            0.908203125,
            0.935546875,
            0.91796875,
            0.958984375,
            0.935546875,
            0.90625
          ]
        },
        "h28_loop4_exact": {
          "mean": 0.7057291666666666,
          "std": 0.028115654793866122,
          "values": [
            0.677734375,
            0.75,
            0.6796875,
            0.73828125,
            0.6953125,
            0.693359375
          ]
        },
        "h32_loop4_exact": {
          "mean": 0.2802734375,
          "std": 0.04416179318201177,
          "values": [
            0.21875,
            0.33984375,
            0.310546875,
            0.31640625,
            0.2421875,
            0.25390625
          ]
        }
      },
      "n": 6,
      "seeds": [
        52,
        53,
        54,
        55,
        56,
        57
      ],
      "train_sec_mean": 299.67324817180634,
      "train_sec_std": 15.886555202873682
    },
    "hard_combo": {
      "metrics": {
        "h16_loop4_exact": {
          "mean": 0.9986979166666666,
          "std": 0.0014557734228514256,
          "values": [
            1.0,
            1.0,
            0.998046875,
            0.99609375,
            0.998046875,
            1.0
          ]
        },
        "h20_loop4_exact": {
          "mean": 0.982421875,
          "std": 0.005749844314015525,
          "values": [
            0.986328125,
            0.9765625,
            0.986328125,
            0.984375,
            0.98828125,
            0.97265625
          ]
        },
        "h24_loop4_exact": {
          "mean": 0.9186197916666666,
          "std": 0.020002983718407835,
          "values": [
            0.908203125,
            0.90625,
            0.9453125,
            0.935546875,
            0.9296875,
            0.88671875
          ]
        },
        "h28_loop4_exact": {
          "mean": 0.7086588541666666,
          "std": 0.04760735231921557,
          "values": [
            0.74609375,
            0.708984375,
            0.77734375,
            0.67578125,
            0.71484375,
            0.62890625
          ]
        },
        "h32_loop4_exact": {
          "mean": 0.2939453125,
          "std": 0.07631988491324246,
          "values": [
            0.30859375,
            0.2265625,
            0.435546875,
            0.240234375,
            0.333984375,
            0.21875
          ]
        }
      },
      "n": 6,
      "seeds": [
        52,
        53,
        54,
        55,
        56,
        57
      ],
      "train_sec_mean": 530.5366976658503,
      "train_sec_std": 38.73259158800991
    },
    "original_base": {
      "metrics": {
        "h12_loop4_exact": {
          "mean": 0.98681640625,
          "std": 0.0025371838001497227,
          "values": [
            0.984375,
            0.984375,
            0.98828125,
            0.990234375
          ]
        },
        "h16_loop4_exact": {
          "mean": 0.90478515625,
          "std": 0.015340115305083016,
          "values": [
            0.8984375,
            0.8828125,
            0.916015625,
            0.921875
          ]
        },
        "h20_loop4_exact": {
          "mean": 0.63720703125,
          "std": 0.048047966673319585,
          "values": [
            0.64453125,
            0.59375,
            0.712890625,
            0.59765625
          ]
        },
        "h24_loop4_exact": {
          "mean": 0.2353515625,
          "std": 0.03456810550864816,
          "values": [
            0.220703125,
            0.2265625,
            0.29296875,
            0.201171875
          ]
        },
        "h8_loop4_exact": {
          "mean": 0.99951171875,
          "std": 0.0008457279333832408,
          "values": [
            0.998046875,
            1.0,
            1.0,
            1.0
          ]
        }
      },
      "n": 4,
      "seeds": [
        52,
        53,
        54,
        55
      ],
      "train_sec_mean": 207.62402963638306,
      "train_sec_std": 0.48701940225256624
    },
    "original_combo": {
      "metrics": {
        "h12_loop4_exact": {
          "mean": 0.98583984375,
          "std": 0.0016194456984157226,
          "values": [
            0.984375,
            0.984375,
            0.98828125,
            0.986328125
          ]
        },
        "h16_loop4_exact": {
          "mean": 0.90625,
          "std": 0.009264485332524549,
          "values": [
            0.900390625,
            0.912109375,
            0.89453125,
            0.91796875
          ]
        },
        "h20_loop4_exact": {
          "mean": 0.64208984375,
          "std": 0.0254047061315011,
          "values": [
            0.615234375,
            0.677734375,
            0.654296875,
            0.62109375
          ]
        },
        "h24_loop4_exact": {
          "mean": 0.24853515625,
          "std": 0.024758315105639098,
          "values": [
            0.2265625,
            0.248046875,
            0.23046875,
            0.2890625
          ]
        },
        "h8_loop4_exact": {
          "mean": 0.9990234375,
          "std": 0.0009765625,
          "values": [
            1.0,
            0.998046875,
            0.998046875,
            1.0
          ]
        }
      },
      "n": 4,
      "seeds": [
        52,
        53,
        54,
        55
      ],
      "train_sec_mean": 394.08852130174637,
      "train_sec_std": 18.878969877127677
    },
    "original_fd_only": {
      "metrics": {
        "h12_loop4_exact": {
          "mean": 0.9814453125,
          "std": 0.0048828125,
          "values": [
            0.986328125,
            0.9765625
          ]
        },
        "h16_loop4_exact": {
          "mean": 0.892578125,
          "std": 0.025390625,
          "values": [
            0.91796875,
            0.8671875
          ]
        },
        "h20_loop4_exact": {
          "mean": 0.6162109375,
          "std": 0.0146484375,
          "values": [
            0.630859375,
            0.6015625
          ]
        },
        "h24_loop4_exact": {
          "mean": 0.2138671875,
          "std": 0.0068359375,
          "values": [
            0.220703125,
            0.20703125
          ]
        },
        "h8_loop4_exact": {
          "mean": 1.0,
          "std": 0.0,
          "values": [
            1.0,
            1.0
          ]
        }
      },
      "n": 2,
      "seeds": [
        52,
        53
      ],
      "train_sec_mean": 374.08112716674805,
      "train_sec_std": 0.14859509468078613
    },
    "original_fs_only": {
      "metrics": {
        "h12_loop4_exact": {
          "mean": 0.9853515625,
          "std": 0.0107421875,
          "values": [
            0.99609375,
            0.974609375
          ]
        },
        "h16_loop4_exact": {
          "mean": 0.890625,
          "std": 0.033203125,
          "values": [
            0.923828125,
            0.857421875
          ]
        },
        "h20_loop4_exact": {
          "mean": 0.5791015625,
          "std": 0.0927734375,
          "values": [
            0.671875,
            0.486328125
          ]
        },
        "h24_loop4_exact": {
          "mean": 0.1865234375,
          "std": 0.0263671875,