{
  "elapsed_sec": 11459.939055204391,
  "eval_by_holes": {
    "holes108": {
      "eval_clean": {
        "loop1": {
          "avg_filled": 1.0,
          "blank_acc": 0.7478117942810059,
          "clue_ok": 0.998046875,
          "label_exact": 0.0,
          "solved_valid_clue": 0.0,
          "valid_sudoku": 0.0
        },
        "loop1/future_seed": {
          "fs_decay": 0.0,
          "fs_gate_mean": 0.6579354405403137,
          "fs_state_norm": 21.05393409729004,
          "fs_update_mean": 1.0,
          "loop_feedback_in_norm": 0.0,
          "loop_feedback_next_norm": 0.0,
          "loop_time_norm": 0.0
        },
        "loop2": {
          "avg_filled": 1.0,
          "blank_acc": 0.9749168157577515,
          "clue_ok": 0.998046875,
          "label_exact": 0.564453125,
          "solved_valid_clue": 0.568359375,
          "valid_sudoku": 0.568359375
        },
        "loop2/future_seed": {
          "fs_decay": 0.0,
          "fs_gate_mean": 0.6579354405403137,
          "fs_state_norm": 21.05393409729004,
          "fs_update_mean": 1.0,
          "loop_feedback_in_norm": 0.0,
          "loop_feedback_next_norm": 0.0,
          "loop_time_norm": 0.0
        },
        "loop3": {
          "avg_filled": 1.0,
          "blank_acc": 0.9890589118003845,
          "clue_ok": 0.998046875,
          "label_exact": 0.86328125,
          "solved_valid_clue": 0.869140625,
          "valid_sudoku": 0.869140625
        },
        "loop3/future_seed": {
          "fs_decay": 0.0,
          "fs_gate_mean": 0.6579354405403137,
          "fs_state_norm": 21.05393409729004,
          "fs_update_mean": 1.0,
          "loop_feedback_in_norm": 0.0,
          "loop_feedback_next_norm": 0.0,
          "loop_time_norm": 0.0
        },
        "loop4": {
          "avg_filled": 1.0,
          "blank_acc": 0.9901077747344971,
          "clue_ok": 0.998046875,
          "label_exact": 0.89453125,
          "solved_valid_clue": 0.900390625,
          "valid_sudoku": 0.900390625
        },
        "loop4/future_seed": {
          "fs_decay": 0.0,
          "fs_gate_mean": 0.6579354405403137,
          "fs_state_norm": 21.05393409729004,
          "fs_update_mean": 1.0,
          "loop_feedback_in_norm": 0.0,
          "loop_feedback_next_norm": 0.0,
          "loop_time_norm": 0.0
        },
        "loop5": {
          "avg_filled": 1.0,
          "blank_acc": 0.9902705550193787,
          "clue_ok": 0.998046875,
          "label_exact": 0.900390625,
          "solved_valid_clue": 0.90625,
          "valid_sudoku": 0.90625
        },
        "loop5/future_seed": {
          "fs_decay": 0.0,
          "fs_gate_mean": 0.6579354405403137,
          "fs_state_norm": 21.05393409729004,
          "fs_update_mean": 1.0,
          "loop_feedback_in_norm": 0.0,
          "loop_feedback_next_norm": 0.0,
          "loop_time_norm": 0.0
        },
        "loop6": {
          "avg_filled": 1.0,
          "blank_acc": 0.9903247952461243,
          "clue_ok": 0.998046875,
          "label_exact": 0.900390625,
          "solved_valid_clue": 0.90625,
          "valid_sudoku": 0.90625
        },
        "loop6/future_seed": {
          "fs_decay": 0.0,
          "fs_gate_mean": 0.6579354405403137,
          "fs_state_norm": 21.05393409729004,
          "fs_update_mean": 1.0,
          "loop_feedback_in_norm": 0.0,
          "loop_feedback_next_norm": 0.0,
          "loop_time_norm": 0.0
        }
      }
    },
    "holes120": {
      "eval_clean": {
        "loop1": {
          "avg_filled": 1.0,
          "blank_acc": 0.3626953065395355,
          "clue_ok": 1.0,
          "label_exact": 0.0,
          "solved_valid_clue": 0.0,
          "valid_sudoku": 0.0
        },
        "loop1/future_seed": {
          "fs_decay": 0.0,
          "fs_gate_mean": 0.6579354405403137,
          "fs_state_norm": 21.05393409729004,
          "fs_update_mean": 1.0,
          "loop_feedback_in_norm": 0.0,
          "loop_feedback_next_norm": 0.0,
          "loop_time_norm": 0.0
        },
        "loop2": {
          "avg_filled": 1.0,
          "blank_acc": 0.5376139283180237,
          "clue_ok": 0.99609375,
          "label_exact": 0.0,
          "solved_valid_clue": 0.0,
          "valid_sudoku": 0.0
        },
        "loop2/future_seed": {
          "fs_decay": 0.0,
          "fs_gate_mean": 0.6579354405403137,
          "fs_state_norm": 21.05393409729004,
          "fs_update_mean": 1.0,
          "loop_feedback_in_norm": 0.0,
          "loop_feedback_next_norm": 0.0,
          "loop_time_norm": 0.0
        },
        "loop3": {
          "avg_filled": 1.0,
          "blank_acc": 0.6202799677848816,
          "clue_ok": 0.998046875,
          "label_exact": 0.025390625,
          "solved_valid_clue": 0.025390625,
          "valid_sudoku": 0.025390625
        },
        "loop3/future_seed": {
          "fs_decay": 0.0,
          "fs_gate_mean": 0.6579354405403137,
          "fs_state_norm": 21.05393409729004,
          "fs_update_mean": 1.0,
          "loop_feedback_in_norm": 0.0,
          "loop_feedback_next_norm": 0.0,
          "loop_time_norm": 0.0
        },
        "loop4": {
          "avg_filled": 1.0,
          "blank_acc": 0.6346842646598816,
          "clue_ok": 0.998046875,
          "label_exact": 0.0390625,
          "solved_valid_clue": 0.04296875,
          "valid_sudoku": 0.04296875
        },
        "loop4/future_seed": {
          "fs_decay": 0.0,
          "fs_gate_mean": 0.6579354405403137,
          "fs_state_norm": 21.05393409729004,
          "fs_update_mean": 1.0,
          "loop_feedback_in_norm": 0.0,
          "loop_feedback_next_norm": 0.0,
          "loop_time_norm": 0.0
        },
        "loop5": {
          "avg_filled": 1.0,
          "blank_acc": 0.637499988079071,
          "clue_ok": 0.998046875,
          "label_exact": 0.041015625,
          "solved_valid_clue": 0.044921875,
          "valid_sudoku": 0.044921875
        },
        "loop5/future_seed": {
          "fs_decay": 0.0,
          "fs_gate_mean": 0.6579354405403137,
          "fs_state_norm": 21.05393409729004,
          "fs_update_mean": 1.0,
          "loop_feedback_in_norm": 0.0,
          "loop_feedback_next_norm": 0.0,
          "loop_time_norm": 0.0
        },
        "loop6": {
          "avg_filled": 1.0,
          "blank_acc": 0.638232409954071,
          "clue_ok": 0.998046875,
          "label_exact": 0.041015625,
          "solved_valid_clue": 0.044921875,
          "valid_sudoku": 0.044921875
        },
        "loop6/future_seed": {
          "fs_decay": 0.0,
          "fs_gate_mean": 0.6579354405403137,
          "fs_state_norm": 21.05393409729004,
          "fs_update_mean": 1.0,
          "loop_feedback_in_norm": 0.0,
          "loop_feedback_next_norm": 0.0,
          "loop_time_norm": 0.0
        }
      }
    },
    "holes132": {
      "eval_clean": {
        "loop1": {
          "avg_filled": 1.0,
          "blank_acc": 0.1583658903837204,
          "clue_ok": 1.0,
          "label_exact": 0.0,
          "solved_valid_clue": 0.0,
          "valid_sudoku": 0.0
        },
        "loop1/future_seed": {
          "fs_decay": 0.0,
          "fs_gate_mean": 0.6579354405403137,
          "fs_state_norm": 21.05393409729004,
          "fs_update_mean": 1.0,
          "loop_feedback_in_norm": 0.0,
          "loop_feedback_next_norm": 0.0,
          "loop_time_norm": 0.0
        },
        "loop2": {
          "avg_filled": 1.0,
          "blank_acc": 0.15693064033985138,
          "clue_ok": 1.0,
          "label_exact": 0.0,
          "solved_valid_clue": 0.0,
          "valid_sudoku": 0.0
        },
        "loop2/future_seed": {
          "fs_decay": 0.0,
          "fs_gate_mean": 0.6579354405403137,
          "fs_state_norm": 21.05393409729004,
          "fs_update_mean": 1.0,
          "loop_feedback_in_norm": 0.0,
          "loop_feedback_next_norm": 0.0,
          "loop_time_norm": 0.0
        },
        "loop3": {
          "avg_filled": 1.0,