{
  "checkpoints": [
    {
      "elapsed_sec": 8458.176275253296,
      "file": "checkpoint_eval_step006800.json",
      "h108_loop6_exact": 0.8203125,
      "h120_loop3_exact": 0.00390625,
      "h120_loop6_blank_acc": 0.5658040642738342,
      "h120_loop6_exact": 0.013671875,
      "h132_loop6_exact": 0.0,
      "h96_loop6_exact": 0.994140625,
      "step": 6800
    },
    {
      "elapsed_sec": 9614.653770446777,
      "file": "checkpoint_eval_step007800.json",
      "h108_loop6_exact": 0.892578125,
      "h120_loop3_exact": 0.015625,
      "h120_loop6_blank_acc": 0.606152355670929,
      "h120_loop6_exact": 0.033203125,
      "h132_loop6_exact": 0.0,
      "h96_loop6_exact": 0.994140625,
      "step": 7800
    },
    {
      "elapsed_sec": 10829.285906553268,
      "file": "checkpoint_eval_step008800.json",
      "h108_loop6_exact": 0.900390625,
      "h120_loop3_exact": 0.025390625,
      "h120_loop6_blank_acc": 0.638232409954071,
      "h120_loop6_exact": 0.041015625,
      "h132_loop6_exact": 0.0,
      "h96_loop6_exact": 0.9921875,
      "step": 8800
    },
    {
      "elapsed_sec": 12006.835013151169,
      "file": "checkpoint_eval_step009800.json",
      "h108_loop6_exact": 0.90625,
      "h120_loop3_exact": 0.03125,
      "h120_loop6_blank_acc": 0.6655436158180237,
      "h120_loop6_exact": 0.05859375,
      "h132_loop6_exact": 0.0,
      "h96_loop6_exact": 0.99609375,
      "step": 9800
    }
  ],
  "primary_metric": "holes120.loop6.label_exact@step9800",
  "run_name": "h120long45k-d256-l12-loop6-s10300-20260614T0710Z-a320867",
  "score": 0.05859375,
  "stopped_reason": "lease_risk_after_step9800_checkpoint; exact PID stop attempted before final step10300"
}
